id,antelope_duiker,bird,blank,civet_genet,hog,leopard,monkey_prosimian,rodent
ZJ016488,0.045526404,0.007864513,0.73154366,0.060234874,0.011357695,0.012961469,0.010413078,0.120098315
ZJ016489,0.47935143,0.13382034,0.08873315,0.08836688,0.021653157,0.02774392,0.011713858,0.1486172
ZJ016490,0.67927927,0.03175198,0.0756732,0.09104505,0.042553235,0.04621048,0.014024833,0.01946194
ZJ016491,0.015213156,0.017656943,0.01486772,0.01561703,0.022272637,0.88484114,0.014027188,0.01550421
ZJ016492,0.08704276,0.10574349,0.114244655,0.01926951,0.032626923,0.052479185,0.040911354,0.54768217
ZJ016493,0.13649717,0.5871729,0.16274019,0.024016038,0.02707378,0.016773831,0.01416519,0.03156091
ZJ016494,0.42374817,0.020117814,0.46813604,0.0064695165,0.018027175,0.007528649,0.049059685,0.006912987
ZJ016495,0.058953132,0.19210458,0.03274836,0.01886156,0.07093193,0.4011488,0.21363817,0.01161349
ZJ016496,0.024586052,0.83433646,0.019664275,0.019196162,0.035609063,0.029147176,0.019718794,0.017742041
ZJ016497,0.051281255,0.043872453,0.009651766,0.01573044,0.23020016,0.15648766,0.4769642,0.015812075
ZJ016498,0.1114367,0.040102113,0.5624324,0.025555128,0.016105577,0.042878635,0.15464465,0.04684482
ZJ016499,0.050352026,0.82995445,0.014444097,0.012146287,0.021453759,0.046978313,0.011240148,0.013430977
ZJ016500,0.050216805,0.01875413,0.021919739,0.010038102,0.023952356,0.025041712,0.034976825,0.8151004
ZJ016501,0.32566807,0.015844194,0.13781646,0.048407074,0.074589446,0.012730807,0.02506708,0.35987687
ZJ016502,0.02907135,0.014269724,0.044201955,0.015105098,0.024419,0.011695684,0.01820609,0.84303105
ZJ016503,0.03200241,0.35272846,0.027436985,0.025516022,0.028746888,0.031725753,0.47093278,0.030910736
ZJ016504,0.19108449,0.010313391,0.7219254,0.011528048,0.018925473,0.01495681,0.015992016,0.015274383
ZJ016505,0.058951546,0.01195764,0.84710217,0.01498384,0.016128458,0.010106025,0.010049798,0.030720482
ZJ016506,0.060413033,0.77692735,0.0359525,0.021813398,0.022475854,0.01545913,0.052482933,0.014475802
ZJ016507,0.21983969,0.01746477,0.55406183,0.019682392,0.019670084,0.03138417,0.11459421,0.023302823
ZJ016508,0.08984206,0.011315729,0.7983533,0.036716174,0.010820783,0.0117512895,0.013020935,0.02817971
ZJ016509,0.052011825,0.7915099,0.049290393,0.017345754,0.029049644,0.019439222,0.013733796,0.027619457
ZJ016510,0.12130194,0.06131176,0.62089354,0.054238714,0.015019647,0.014532155,0.013721018,0.09898123
ZJ016511,0.073831365,0.018844353,0.83050054,0.0123240445,0.006060935,0.009829331,0.0087921,0.03981739
ZJ016512,0.021549182,0.009153231,0.8965195,0.011016059,0.012653673,0.017234178,0.020877754,0.010996478
ZJ016513,0.026563603,0.5847711,0.014633174,0.015927855,0.289229,0.020118091,0.035995383,0.012761772
ZJ016514,0.64160734,0.024650421,0.09097725,0.0994482,0.036958132,0.05580291,0.015271726,0.035284042
ZJ016515,0.01735009,0.043389212,0.0510292,0.016532404,0.02924459,0.80421096,0.01917165,0.019071883
ZJ016516,0.85991997,0.02417977,0.013091129,0.016640838,0.016057841,0.037437376,0.017140267,0.015532858
ZJ016517,0.49203178,0.097404115,0.24437895,0.0123788165,0.027806545,0.029345253,0.016976396,0.07967817
ZJ016518,0.87086457,0.018555732,0.01745038,0.017797386,0.015926441,0.024611814,0.01707448,0.017719142
ZJ016519,0.06874933,0.011911736,0.60862744,0.04574416,0.0145169515,0.043954458,0.013774824,0.19272114
ZJ016520,0.8671287,0.017269976,0.02546888,0.015080839,0.019213704,0.028347367,0.012908171,0.014582381
ZJ016521,0.06844379,0.010540827,0.81731457,0.020294059,0.009404598,0.018753294,0.03485902,0.020389928
ZJ016522,0.8581628,0.018640302,0.027555171,0.011155995,0.032510832,0.030967057,0.009950131,0.011057725
ZJ016523,0.3393875,0.14653672,0.34344134,0.018984776,0.024241196,0.042769585,0.027318252,0.05732059
ZJ016524,0.023767507,0.0075048283,0.89519495,0.037221354,0.00622935,0.010386081,0.00659147,0.0131045
ZJ016525,0.20258892,0.017720496,0.13833575,0.07306611,0.43107668,0.04423138,0.023160418,0.06982025
ZJ016526,0.6615009,0.07381228,0.14128463,0.019362703,0.04372212,0.020797586,0.022308996,0.01721087
ZJ016527,0.017153518,0.01059051,0.014112705,0.9147919,0.012771452,0.01035143,0.012945808,0.0072826776
ZJ016528,0.35368672,0.010331088,0.014731315,0.02405759,0.014241144,0.028625885,0.52985066,0.024475608
ZJ016529,0.026771499,0.5466616,0.011137399,0.031374898,0.026719317,0.10981466,0.22909255,0.018428104
ZJ016530,0.08571461,0.029027184,0.28752527,0.013691551,0.020279076,0.07817238,0.4723465,0.013243414
ZJ016531,0.024501355,0.0153648155,0.3474712,0.10528524,0.020274851,0.036339775,0.02606017,0.42470264
ZJ016532,0.017956391,0.024852365,0.016621673,0.010522905,0.020026583,0.8793942,0.014835352,0.015790623
ZJ016533,0.76080203,0.046931177,0.020953627,0.016103169,0.013143092,0.009793569,0.073453225,0.05882016
ZJ016534,0.14001484,0.012710794,0.66306895,0.06396163,0.020526437,0.011694405,0.013879021,0.0741439
ZJ016535,0.017197028,0.023193976,0.028222386,0.026549373,0.022498382,0.021523088,0.84056664,0.020249149
ZJ016536,0.12981717,0.008157983,0.7121793,0.008764244,0.016078938,0.02036273,0.076774105,0.027865544
ZJ016537,0.11937503,0.021227276,0.020189619,0.01058994,0.01407209,0.033653412,0.7524082,0.028484384
ZJ016538,0.032226738,0.015317196,0.022612292,0.011985044,0.015531686,0.016061272,0.8776722,0.008593655
ZJ016539,0.21435292,0.010952127,0.6628637,0.0107911695,0.014536411,0.013337745,0.05173239,0.021433564
ZJ016540,0.24947691,0.5364427,0.06617127,0.011780457,0.026139839,0.037314724,0.054692227,0.017981855
ZJ016541,0.5790272,0.004767488,0.32890955,0.012665108,0.024530549,0.016211431,0.015671028,0.018217666
ZJ016542,0.035975564,0.0076385974,0.7730033,0.025962515,0.013446319,0.0069472566,0.00829292,0.12873352
ZJ016543,0.47914067,0.041554835,0.044569604,0.0532792,0.044769578,0.065140195,0.033503853,0.23804207
ZJ016544,0.8660418,0.019682465,0.017511131,0.015108399,0.018226398,0.027831081,0.017381249,0.018217567
ZJ016545,0.5636472,0.018283471,0.23343694,0.020629209,0.03019662,0.047698926,0.06348999,0.022617647
ZJ016546,0.02085246,0.016120212,0.02345412,0.08105089,0.013745836,0.8142566,0.01046992,0.020049945
ZJ016547,0.04332217,0.006852787,0.8415861,0.025537819,0.011195064,0.021284444,0.009114114,0.041107543
ZJ016548,0.8578578,0.020234128,0.031712707,0.018853378,0.01799596,0.020660345,0.013923501,0.018762175
ZJ016549,0.056649894,0.010135788,0.8715502,0.008819304,0.011727183,0.01478356,0.01925248,0.0070816143
ZJ016550,0.22702079,0.06264999,0.22090688,0.02987473,0.033165157,0.03839731,0.03520436,0.3527808
ZJ016551,0.023801027,0.89916134,0.014037706,0.012697908,0.015099563,0.013617764,0.009065724,0.012519068
ZJ016552,0.05317524,0.010399105,0.60032696,0.02600511,0.06363435,0.012460649,0.20920697,0.02479156
ZJ016553,0.06124265,0.010305571,0.81534815,0.016843412,0.011307361,0.019241598,0.022141268,0.043569986
ZJ016554,0.87393934,0.014295963,0.015202549,0.012346756,0.014254411,0.027088165,0.02947992,0.013392893
ZJ016555,0.20809124,0.47830343,0.08808506,0.028495232,0.023650048,0.019889465,0.10872038,0.044765163
ZJ016556,0.060971916,0.82548714,0.013638114,0.0120336,0.02832194,0.023348425,0.022196019,0.0140028475
ZJ016557,0.23854962,0.4399111,0.18919833,0.024421066,0.027916042,0.021793041,0.022119578,0.03609122
ZJ016558,0.015883125,0.018073117,0.01603394,0.015821783,0.024279347,0.8800483,0.01429705,0.015563363
ZJ016559,0.48026553,0.008707232,0.36306757,0.017677665,0.039567906,0.020805124,0.022803346,0.047105618
ZJ016560,0.08732667,0.025444448,0.19691636,0.019730782,0.5973566,0.03245276,0.016676484,0.024095898
ZJ016561,0.89739364,0.012865647,0.016218763,0.010480306,0.01220534,0.021552743,0.015169076,0.014114543
ZJ016562,0.029131664,0.8647793,0.015260524,0.013954646,0.019359691,0.02533272,0.01496571,0.017215727
ZJ016563,0.47952676,0.026754487,0.09992987,0.020964956,0.013746828,0.04942442,0.27564338,0.034009345
ZJ016564,0.031106476,0.83967954,0.013796555,0.01568158,0.032533154,0.02002532,0.0325755,0.014601908
ZJ016565,0.029018542,0.016225299,0.031188844,0.020084366,0.016202403,0.85203165,0.013717899,0.021531096
ZJ016566,0.0819035,0.008551416,0.8238787,0.014533423,0.009849737,0.014192072,0.021940334,0.025150826
ZJ016567,0.03243796,0.017520953,0.06286605,0.023225857,0.014762036,0.0147911785,0.01948233,0.8149137
ZJ016568,0.019041723,0.016509844,0.0242068,0.018023357,0.019536389,0.87045574,0.013517904,0.01870824
ZJ016569,0.049880274,0.01799005,0.074708305,0.026723135,0.029830134,0.022287866,0.7617815,0.01679872
ZJ016570,0.031226864,0.8139685,0.062273186,0.016690494,0.022082012,0.024900125,0.00946664,0.019392168
ZJ016571,0.028795315,0.005707192,0.8391013,0.018649133,0.008748802,0.05694582,0.0072382535,0.03481416
ZJ016572,0.042772245,0.804076,0.035371065,0.009535565,0.016895482,0.05699559,0.0144253,0.019928707
ZJ016573,0.06765047,0.0098025575,0.8436918,0.023842106,0.00812005,0.010415043,0.011022924,0.025455046
ZJ016574,0.043584563,0.017605415,0.42460257,0.43024468,0.021496765,0.017382236,0.016961176,0.028122628
ZJ016575,0.036155045,0.0066020526,0.89035434,0.0099790925,0.015297689,0.011247136,0.009124546,0.021240136
ZJ016576,0.05344076,0.7941454,0.035468414,0.024388522,0.018480457,0.035871096,0.012833665,0.025371686
ZJ016577,0.24415524,0.03309701,0.3862275,0.009051,0.024977757,0.028211463,0.24718781,0.027092213
ZJ016578,0.07654806,0.80040234,0.033902176,0.014590636,0.022275154,0.017024675,0.013935568,0.021321386
ZJ016579,0.027751947,0.8975046,0.013140932,0.012744384,0.015617658,0.011652433,0.008745214,0.012842789
ZJ016580,0.054597378,0.031455472,0.28648958,0.06594175,0.025733724,0.047841668,0.021479148,0.46646127
ZJ016581,0.06714731,0.8032633,0.03174249,0.013569397,0.015487623,0.024145884,0.020038834,0.02460517
ZJ016582,0.016830208,0.022121629,0.016453855,0.012737687,0.024721703,0.8684985,0.022017388,0.016619014
ZJ016583,0.4799745,0.2678024,0.14089936,0.012706441,0.041567214,0.01615261,0.009092618,0.03180485
ZJ016584,0.052447964,0.0066711814,0.3214924,0.059827324,0.026392413,0.02193187,0.012150382,0.49908647
ZJ016585,0.02216938,0.018957272,0.028647745,0.015507567,0.021894595,0.85554236,0.01723484,0.020046255
ZJ016586,0.10241727,0.0111860195,0.7334679,0.0104130255,0.014854691,0.017941508,0.08963447,0.02008516
ZJ016587,0.013442536,0.041269917,0.7113574,0.015051755,0.082202844,0.016574861,0.028371159,0.091729544
ZJ016588,0.46864033,0.046914287,0.04801754,0.042156067,0.04167187,0.07129776,0.034056865,0.24724531
ZJ016589,0.038949452,0.046046067,0.039194196,0.035960954,0.02843948,0.4189012,0.36904043,0.023468234
ZJ016590,0.03399389,0.012174057,0.091611676,0.023430279,0.02408599,0.017570863,0.7693359,0.027797287
ZJ016591,0.028004227,0.01137793,0.03590265,0.022105187,0.021477165,0.024502551,0.8420048,0.014625515
ZJ016592,0.07984384,0.011844859,0.029989764,0.027324596,0.029626146,0.0288066,0.058177885,0.7343864
ZJ016593,0.13879868,0.012616629,0.6688055,0.026940364,0.028120918,0.0136536835,0.0772295,0.033834737
ZJ016594,0.17628656,0.028431162,0.034873407,0.029122312,0.04157364,0.035401862,0.022368306,0.6319428
ZJ016595,0.024967369,0.01553002,0.022493323,0.021379244,0.019901,0.03487503,0.84586143,0.014992635
ZJ016596,0.84555,0.021869395,0.014553678,0.01763475,0.020181185,0.04009704,0.018521324,0.021592755
ZJ016597,0.041099653,0.028854141,0.09900602,0.03786764,0.030176586,0.03652438,0.69903046,0.02744113
ZJ016598,0.016769627,0.026602441,0.015273265,0.011672657,0.022371342,0.8771082,0.014712149,0.015490274
ZJ016599,0.051828004,0.729912,0.10615484,0.020489208,0.026328472,0.030568177,0.009037032,0.02568231
ZJ016600,0.024318496,0.8945721,0.0132902255,0.012480437,0.016620597,0.015939781,0.011502657,0.011275763
ZJ016601,0.1631513,0.007980697,0.74863356,0.012252226,0.020062,0.013976045,0.017300542,0.016643643
ZJ016602,0.23404625,0.0859063,0.4759488,0.019917246,0.06580193,0.07578771,0.025824005,0.016767759
ZJ016603,0.018779282,0.0120858,0.01724452,0.022203289,0.019071158,0.0128218895,0.87565655,0.022137564
ZJ016604,0.05473415,0.0037931711,0.83591616,0.060960304,0.0074883676,0.0076677846,0.010612581,0.018827474
ZJ016605,0.02374132,0.011892965,0.022369493,0.024813307,0.02163419,0.015484318,0.86586344,0.014200948
ZJ016606,0.049741652,0.19785182,0.06686311,0.017324356,0.093601786,0.1714341,0.3549104,0.04827278
ZJ016607,0.02789467,0.021879362,0.050704747,0.019860627,0.022053985,0.8059887,0.013944963,0.037672978
ZJ016608,0.02549052,0.0077232094,0.8401809,0.035547536,0.013375999,0.006831977,0.006782883,0.06406708
ZJ016609,0.09501749,0.017218804,0.17319159,0.02774856,0.03173688,0.03208756,0.58002436,0.042974826
ZJ016610,0.25008222,0.10314281,0.54799217,0.018114377,0.022976246,0.018781725,0.012703716,0.026206752
ZJ016611,0.026198244,0.01489373,0.02011016,0.01966219,0.021059265,0.026082326,0.85485697,0.017137112
ZJ016612,0.03462526,0.013566571,0.13750324,0.13912812,0.04003491,0.022865837,0.013440656,0.59883547
ZJ016613,0.01896742,0.020394174,0.017306093,0.016080149,0.019986032,0.8739554,0.0121092545,0.021201476
ZJ016614,0.5644471,0.030944547,0.024851924,0.024638126,0.030223886,0.062479008,0.029620696,0.23279472
ZJ016615,0.06801572,0.0075142533,0.45674178,0.012620284,0.045959182,0.020085145,0.33400795,0.055055704
ZJ016616,0.21218367,0.014953466,0.16340987,0.024128655,0.03800055,0.4709815,0.026621178,0.049721118
ZJ016617,0.0407268,0.02172086,0.2188607,0.051791657,0.025365783,0.039352383,0.025962723,0.57621914
ZJ016618,0.6719933,0.014051114,0.13967343,0.033065796,0.030105582,0.021579994,0.061523676,0.028007079
ZJ016619,0.6567647,0.029883001,0.086184256,0.07625063,0.058323395,0.05503406,0.014968685,0.022591354
ZJ016620,0.68502325,0.030167881,0.048259567,0.092961445,0.065595925,0.02773726,0.018279374,0.031975303
ZJ016621,0.8143628,0.02098362,0.03303455,0.060460974,0.023189863,0.017837977,0.0129785305,0.017151654
ZJ016622,0.4610705,0.016816061,0.3234333,0.032344308,0.025901467,0.032889195,0.08005108,0.027494118
ZJ016623,0.046925735,0.008634732,0.7869304,0.020751676,0.012329694,0.007101891,0.008470803,0.10885506
ZJ016624,0.022799939,0.016959801,0.11559602,0.014020947,0.7777168,0.019463774,0.013989319,0.01945339
ZJ016625,0.8612227,0.015695397,0.01308799,0.020171734,0.01696227,0.022176743,0.014394621,0.036288574
ZJ016626,0.77254194,0.026044553,0.039132107,0.04033312,0.028345019,0.058460493,0.01682333,0.01831951
ZJ016627,0.016320271,0.017631812,0.041274723,0.03331185,0.023775907,0.016513525,0.82558346,0.025588369
ZJ016628,0.8463848,0.022362556,0.01914319,0.020150501,0.020038744,0.03077752,0.017513387,0.0236293
ZJ016629,0.2511304,0.030287033,0.064975016,0.21256106,0.0205752,0.38182226,0.016167572,0.022481432
ZJ016630,0.05523624,0.025227124,0.11156111,0.05391532,0.025722096,0.01868417,0.6970087,0.012645155
ZJ016631,0.8633446,0.0139486715,0.014619644,0.02162195,0.018009393,0.02176805,0.012682264,0.034005433
ZJ016632,0.7783565,0.020890936,0.034382403,0.044724364,0.038844172,0.04860252,0.016109262,0.018089812
ZJ016633,0.690345,0.02958545,0.037742626,0.019655619,0.015543103,0.037407152,0.1546003,0.015120792
ZJ016634,0.12067967,0.014420434,0.34323624,0.032452445,0.038815465,0.022069262,0.39996472,0.028361768
ZJ016635,0.20343296,0.6298551,0.014685765,0.026498819,0.020064473,0.02223423,0.052645512,0.030583108
ZJ016636,0.054294672,0.016080407,0.29745623,0.10424977,0.015629224,0.0140068075,0.017558847,0.480724
ZJ016637,0.10919731,0.022230035,0.23425224,0.025160262,0.03195146,0.029971411,0.32062623,0.22661105
ZJ016638,0.14558241,0.01566874,0.06705118,0.078001186,0.03858889,0.024499007,0.09367543,0.5369332
ZJ016639,0.7635051,0.013877602,0.042765174,0.07292944,0.047240406,0.01705434,0.020229874,0.022398075
ZJ016640,0.1286793,0.5598047,0.1653647,0.013330385,0.034094628,0.023419952,0.014329012,0.06097732
ZJ016641,0.70080054,0.031075984,0.046276655,0.13882476,0.026318436,0.02166527,0.012529397,0.022508975
ZJ016642,0.14570905,0.021640075,0.020078717,0.67723876,0.047193002,0.059441186,0.01695835,0.011740863
ZJ016643,0.110327,0.5465954,0.18642156,0.021772211,0.03431139,0.022674402,0.010666048,0.067232035
ZJ016644,0.8896023,0.007550916,0.026001958,0.01446897,0.012968813,0.019890493,0.016557328,0.012959217
ZJ016645,0.8576283,0.020083776,0.020234114,0.019017855,0.0179816,0.02593009,0.017340263,0.021783968
ZJ016646,0.016756918,0.013538889,0.015210769,0.021397935,0.018666776,0.012755473,0.8795559,0.022117373
ZJ016647,0.11947967,0.009887915,0.58869,0.10673708,0.02342927,0.019298915,0.01873014,0.11374702
ZJ016648,0.3520957,0.08831309,0.0150233805,0.008229067,0.011315346,0.01088466,0.5040059,0.010132861
ZJ016649,0.017056793,0.0104154935,0.52881217,0.11914857,0.024543153,0.036285736,0.015568278,0.24816976
ZJ016650,0.8616769,0.016138747,0.03595185,0.01859941,0.010182055,0.016089909,0.015141626,0.026219508
ZJ016651,0.30862126,0.29009542,0.23060763,0.03595507,0.04304668,0.02955733,0.03764981,0.024466824
ZJ016652,0.17157574,0.015838267,0.66343135,0.017330356,0.027703805,0.03441879,0.054394778,0.015306981
ZJ016653,0.02048068,0.01816824,0.015162113,0.012217238,0.8855071,0.01730465,0.018311504,0.01284858
ZJ016654,0.11676134,0.6703759,0.057528384,0.015943436,0.06255304,0.036227707,0.017981416,0.022628848
ZJ016655,0.8799017,0.020033747,0.008663965,0.01671521,0.017133838,0.022123145,0.01800239,0.017425966
ZJ016656,0.037802335,0.80989903,0.0336964,0.039955523,0.023392605,0.021037843,0.012208796,0.022007521
ZJ016657,0.040520117,0.108483806,0.041515406,0.022417417,0.02738516,0.032424945,0.7000224,0.027230715
ZJ016658,0.6952379,0.029687846,0.14900088,0.04179419,0.012971346,0.022962734,0.014740892,0.033604216
ZJ016659,0.015521641,0.06999027,0.04966342,0.0108620105,0.02548108,0.7822787,0.024878299,0.021324547
ZJ016660,0.75855356,0.016136533,0.12280309,0.01031319,0.014346342,0.01293564,0.042313714,0.022597915
ZJ016661,0.09451879,0.012996012,0.71536076,0.020639887,0.01970268,0.015835095,0.014906362,0.10604044
ZJ016662,0.03600413,0.024577744,0.029998684,0.0145211965,0.019291347,0.84088135,0.017308557,0.01741696
ZJ016663,0.029832397,0.026249913,0.019159464,0.015509674,0.028628716,0.8402303,0.020192597,0.020196928
ZJ016664,0.016082091,0.005458399,0.82919735,0.041073464,0.022372724,0.015036903,0.013265732,0.057513397
ZJ016665,0.10137518,0.017126296,0.12624519,0.02931732,0.030087357,0.028358726,0.6485206,0.018969415
ZJ016666,0.049953517,0.024450088,0.09415033,0.033490937,0.029699838,0.031184623,0.7090798,0.027990846
ZJ016667,0.7820908,0.03354271,0.0768369,0.014512302,0.024913684,0.032957453,0.021031642,0.014114517
ZJ016668,0.63709396,0.0152172595,0.120488666,0.031165788,0.008475537,0.019988164,0.005796507,0.16177414
ZJ016669,0.22357754,0.02087138,0.28715834,0.018210076,0.021212015,0.038571518,0.36817113,0.022228034
ZJ016670,0.6418142,0.018045671,0.027143968,0.22551079,0.012102125,0.037459187,0.014241002,0.02368318
ZJ016671,0.2515296,0.018234273,0.56143445,0.044972897,0.0107982755,0.045363475,0.019360444,0.048306566
ZJ016672,0.5551414,0.014851962,0.057526845,0.016306566,0.2549176,0.03263256,0.016705235,0.05191785
ZJ016673,0.8948943,0.008187625,0.014698857,0.0070744134,0.024105407,0.020609425,0.022015272,0.008414668
ZJ016674,0.0142699005,0.016576989,0.014454327,0.020220404,0.018024927,0.0145714525,0.8839578,0.01792425
ZJ016675,0.043767836,0.016881278,0.047830477,0.03225067,0.025649715,0.025441373,0.7826962,0.02548253
ZJ016676,0.11165712,0.5318175,0.20439732,0.019590616,0.021431763,0.029722715,0.061165508,0.020217512
ZJ016677,0.60885805,0.029057533,0.09275229,0.09432056,0.023858545,0.05546392,0.024201084,0.07148805
ZJ016678,0.013814883,0.014123638,0.013035781,0.020190772,0.024210954,0.013793925,0.88248366,0.018346315
ZJ016679,0.1769465,0.04952026,0.39368114,0.011777361,0.025673065,0.035048362,0.015185702,0.29216763
ZJ016680,0.21392958,0.07958527,0.48176318,0.020168412,0.07459179,0.08121263,0.032890745,0.015858378
ZJ016681,0.027010828,0.020685881,0.032511134,0.015317418,0.022243936,0.022928836,0.8283662,0.030935824
ZJ016682,0.01571865,0.013978978,0.016896587,0.018375514,0.012632459,0.012196756,0.89563334,0.014567825
ZJ016683,0.095699966,0.009552123,0.82351,0.008182887,0.011267632,0.012833506,0.011084853,0.027869029
ZJ016684,0.6608709,0.02636016,0.09220947,0.07917603,0.042952757,0.06219188,0.015468746,0.020770013
ZJ016685,0.053574152,0.022372881,0.2104864,0.0378559,0.02598171,0.051063694,0.5703274,0.028337901
ZJ016686,0.07332253,0.7107728,0.08944862,0.022286454,0.020142902,0.019690515,0.042015865,0.022320257
ZJ016687,0.122320734,0.018088387,0.7529208,0.015207832,0.01668086,0.012992533,0.03717819,0.024610711
ZJ016688,0.08877847,0.12518713,0.060699232,0.0248261,0.019963732,0.025682142,0.6360143,0.01884894
ZJ016689,0.18606971,0.019545604,0.65191716,0.021616867,0.0105184885,0.026754042,0.020451164,0.063127026
ZJ016690,0.010282496,0.0073205167,0.73508054,0.121545136,0.019013008,0.01782981,0.009041405,0.07988716
ZJ016691,0.029266765,0.016622392,0.022277305,0.023033377,0.028761879,0.019466316,0.8401831,0.02038882
ZJ016692,0.029912323,0.04175209,0.5788033,0.02408717,0.11878046,0.04772945,0.051250357,0.10768487
ZJ016693,0.021488396,0.021264333,0.026990065,0.01744203,0.024369871,0.84583896,0.020151043,0.022455426
ZJ016694,0.3420434,0.062547855,0.37218782,0.019672636,0.07658915,0.073957376,0.03645913,0.016542638
ZJ016695,0.10590678,0.018086357,0.07451864,0.039781045,0.02419677,0.023592757,0.69050205,0.023415575
ZJ016696,0.11695975,0.031880494,0.43018436,0.015910676,0.014614584,0.033324815,0.33660045,0.020524917
ZJ016697,0.35182044,0.18133003,0.32554978,0.026616935,0.03113919,0.03715584,0.014626092,0.03176173
ZJ016698,0.014971166,0.0149396015,0.022351189,0.015619317,0.8595039,0.043094542,0.012034091,0.017486153
ZJ016699,0.67671174,0.030333815,0.083309725,0.071707144,0.019727556,0.023745706,0.0151694445,0.0792948
ZJ016700,0.021345383,0.026355997,0.024827635,0.014440134,0.023221403,0.85244715,0.018830681,0.018531559
ZJ016701,0.19081846,0.29219517,0.08656922,0.009978793,0.032147214,0.046737954,0.3156232,0.025930071
ZJ016702,0.022194793,0.012072099,0.020008808,0.015716124,0.017450381,0.018176073,0.8852944,0.009087439
ZJ016703,0.034736898,0.86322194,0.012521348,0.010812404,0.014711225,0.019534705,0.030454177,0.014007282
ZJ016704,0.031176252,0.022722002,0.024703149,0.014261521,0.019105053,0.8529102,0.018739453,0.016382312
ZJ016705,0.13528825,0.1590826,0.11401305,0.020130299,0.035506,0.06100744,0.04892258,0.4260498
ZJ016706,0.79738927,0.01758085,0.039206583,0.010518436,0.013260215,0.032029282,0.009347827,0.08066752
ZJ016707,0.076273136,0.81077826,0.018143265,0.014693195,0.016184088,0.020087406,0.026144484,0.01769628
ZJ016708,0.02892682,0.016714426,0.017563054,0.018632067,0.01967595,0.018552484,0.015133132,0.86480206
ZJ016709,0.025848744,0.8414385,0.022751717,0.016211275,0.030574838,0.028067738,0.018705597,0.016401673
ZJ016710,0.14059474,0.043201417,0.123324536,0.03831177,0.031609856,0.018452685,0.5687909,0.035714135
ZJ016711,0.15797316,0.021223964,0.04522414,0.016127154,0.015049989,0.70549005,0.026205942,0.012705627
ZJ016712,0.042338718,0.5430132,0.13782643,0.018531485,0.100462876,0.074337296,0.05572939,0.02776056
ZJ016713,0.055295754,0.012579176,0.82128286,0.0063034403,0.011370494,0.01699557,0.0056258077,0.07054697
ZJ016714,0.03219207,0.021339383,0.113240056,0.0157992,0.020977449,0.5890071,0.015618461,0.1918263
ZJ016715,0.04362845,0.017560828,0.36873737,0.020038038,0.49479413,0.0224079,0.011143164,0.021690104
ZJ016716,0.8133583,0.015580592,0.051522292,0.017685369,0.020928277,0.046978187,0.013693551,0.020253493
ZJ016717,0.04017298,0.017759234,0.02177129,0.020443834,0.021486131,0.02314602,0.83038723,0.024833275
ZJ016718,0.030684436,0.02056505,0.038895544,0.018825157,0.019128932,0.83740646,0.014869884,0.0196246
ZJ016719,0.100263275,0.006701875,0.81378025,0.0048599825,0.012142804,0.032218337,0.011720252,0.018313212
ZJ016720,0.35204569,0.083739676,0.36865076,0.015924828,0.05481708,0.087361015,0.024074377,0.013386631
ZJ016721,0.030702531,0.021327132,0.046218604,0.01422179,0.024526387,0.8065572,0.034395654,0.022050727
ZJ016722,0.018299434,0.018500857,0.0353428,0.013876055,0.025138808,0.8562215,0.014696431,0.017924115
ZJ016723,0.4626709,0.034692395,0.075240605,0.1720833,0.13191262,0.039484557,0.02176639,0.062149245
ZJ016724,0.062564105,0.007298407,0.87507814,0.008322646,0.011045526,0.012165242,0.01741938,0.0061065927
ZJ016725,0.034499343,0.022143126,0.026151974,0.014761852,0.025384044,0.84174234,0.017950753,0.017366571
ZJ016726,0.069548465,0.8042676,0.016949287,0.017492218,0.020812921,0.030454293,0.019731848,0.020743389
ZJ016727,0.015226351,0.014426174,0.019336414,0.011272559,0.019975265,0.89688486,0.011969908,0.010908513
ZJ016728,0.74894506,0.025012001,0.024492214,0.05466906,0.03172436,0.05364455,0.014736992,0.046775825
ZJ016729,0.021723015,0.019427856,0.024838798,0.021451995,0.016662523,0.0134327775,0.866669,0.015794087
ZJ016730,0.021697244,0.008469855,0.8144253,0.036651924,0.015783954,0.0070888544,0.006840939,0.08904192
ZJ016731,0.7137904,0.019988291,0.06132259,0.061107744,0.04060629,0.06765669,0.015238344,0.020289669
ZJ016732,0.31208244,0.02502196,0.42945957,0.007196164,0.06726095,0.049537543,0.07812049,0.031320866
ZJ016733,0.08716909,0.66688794,0.13396943,0.023268215,0.028346175,0.016201511,0.01656269,0.027595019
ZJ016734,0.6100921,0.045637585,0.13060595,0.016420422,0.081752636,0.06004082,0.042362325,0.01308811
ZJ016735,0.024891261,0.018092679,0.018350828,0.024502737,0.026360525,0.020061586,0.8472118,0.020528587
ZJ016736,0.90311843,0.021846611,0.009142301,0.009076736,0.0130125005,0.017025942,0.013842835,0.01293463
ZJ016737,0.20851512,0.01604432,0.085869156,0.022188088,0.0750564,0.023804145,0.03580385,0.5327189
ZJ016738,0.11525788,0.021597851,0.03815065,0.015862597,0.0145062385,0.7584764,0.023657551,0.012490901
ZJ016739,0.04642296,0.01797107,0.038379084,0.030329714,0.024028486,0.027043432,0.7905876,0.025237635
ZJ016740,0.47711253,0.060042847,0.13483296,0.1383175,0.05644067,0.073659144,0.017429536,0.04216481
ZJ016741,0.09843131,0.012538396,0.035189554,0.026037982,0.030492011,0.02923801,0.05993147,0.7081413
ZJ016742,0.797478,0.016118722,0.07148787,0.018084157,0.03616899,0.019999024,0.024292003,0.01637122
ZJ016743,0.44228488,0.11644812,0.035986245,0.017985111,0.018587869,0.039866757,0.3063469,0.022494104
ZJ016744,0.19145735,0.014343877,0.06986996,0.034350302,0.63377386,0.017303666,0.016098633,0.022802345
ZJ016745,0.07547549,0.73112595,0.07210876,0.0167694,0.03139768,0.021181244,0.011738096,0.04020345
ZJ016746,0.85829127,0.017512871,0.042163342,0.018248871,0.017534165,0.01677281,0.011823601,0.017653096
ZJ016747,0.7221173,0.009441153,0.015537547,0.016828116,0.014207638,0.032867223,0.17388958,0.015111453
ZJ016748,0.035795297,0.8338461,0.03012991,0.0102464985,0.017515082,0.020233786,0.016860794,0.035372525
ZJ016749,0.15669589,0.13306797,0.42582345,0.017129106,0.022190575,0.016533716,0.15164216,0.07691715
ZJ016750,0.031073546,0.8388998,0.03346751,0.015825385,0.01740862,0.030324668,0.010730872,0.022269553
ZJ016751,0.15094502,0.713437,0.017712854,0.017003145,0.02953123,0.021578945,0.031222498,0.018569356
ZJ016752,0.040110596,0.74758023,0.09767427,0.02273306,0.02842694,0.029313335,0.012060503,0.022101093
ZJ016753,0.022074541,0.8558429,0.015273255,0.017459812,0.03759675,0.02110415,0.015675282,0.014973352
ZJ016754,0.7984811,0.017718738,0.035987485,0.011759293,0.012431066,0.04579213,0.008874008,0.06895623
ZJ016755,0.014839831,0.015918937,0.01423256,0.024048908,0.0189395,0.018315114,0.878355,0.01535018
ZJ016756,0.066446446,0.008884553,0.8637766,0.005346424,0.010597129,0.025051316,0.007489127,0.01240841
ZJ016757,0.038907047,0.7523965,0.0940444,0.0219974,0.027891153,0.029400581,0.011791795,0.023571173
ZJ016758,0.023137478,0.019810546,0.020375928,0.024738906,0.027682899,0.018886045,0.8444384,0.020929918
ZJ016759,0.6834368,0.024239624,0.085134186,0.07239437,0.03712805,0.059746075,0.016350906,0.021570018
ZJ016760,0.10653757,0.71640104,0.014797903,0.013514483,0.019813946,0.02529881,0.08513761,0.018498722
ZJ016761,0.3878281,0.015869284,0.45064902,0.010516363,0.021377746,0.06909117,0.004979677,0.03968863
ZJ016762,0.032768514,0.0075750956,0.82705945,0.057301056,0.015139192,0.0059453505,0.0075924615,0.046618927
ZJ016763,0.014045754,0.013955626,0.020762071,0.011216673,0.019548355,0.8987667,0.011775128,0.009929637
ZJ016764,0.3066227,0.0128435735,0.53332275,0.017155284,0.03004621,0.028080791,0.052532833,0.019395964
ZJ016765,0.14942871,0.02141182,0.10480483,0.021865292,0.033923514,0.05709372,0.23873058,0.37274155
ZJ016766,0.041739576,0.018296186,0.16415833,0.022497213,0.028777484,0.096305765,0.6123337,0.015891736
ZJ016767,0.2906565,0.017749986,0.6198821,0.011218748,0.01832169,0.013670678,0.010207149,0.018293181
ZJ016768,0.023466673,0.0902908,0.02724417,0.021966396,0.024359612,0.03784277,0.025636518,0.749193
ZJ016769,0.05583134,0.021803191,0.8147211,0.0065236683,0.0049912184,0.03554828,0.02371849,0.036862727
ZJ016770,0.24717037,0.14279544,0.35035655,0.015230666,0.056886464,0.14046247,0.03086098,0.016237056
ZJ016771,0.036489096,0.008133678,0.77833396,0.079592146,0.016647602,0.0070472592,0.009261682,0.06449463
ZJ016772,0.022500098,0.021283612,0.031737935,0.020077944,0.06985989,0.7928823,0.016881032,0.024777161
ZJ016773,0.8502389,0.022539344,0.03028954,0.01901242,0.018417817,0.025661502,0.01290182,0.020938605
ZJ016774,0.11322259,0.028454257,0.37894803,0.023956819,0.033343464,0.35913387,0.037863184,0.02507777
ZJ016775,0.79973567,0.015224919,0.047282826,0.008409522,0.009751955,0.0102508245,0.098295726,0.011048545
ZJ016776,0.021790076,0.011815667,0.074519515,0.015451632,0.025013229,0.01798298,0.017755495,0.81567144
ZJ016777,0.015998762,0.01816781,0.015186257,0.02009253,0.021423655,0.012994467,0.87875456,0.017382009
ZJ016778,0.11347779,0.01441925,0.18405508,0.14844175,0.013593271,0.020793444,0.010567835,0.49465162
ZJ016779,0.044310812,0.8434968,0.028075416,0.014742851,0.0160835,0.021035543,0.010094862,0.02216026
ZJ016780,0.018116392,0.015974527,0.0147781,0.022728888,0.017987046,0.019699652,0.87566894,0.015046447
ZJ016781,0.2333859,0.06930076,0.49055418,0.027186086,0.05286196,0.0127092125,0.03374673,0.0802552
ZJ016782,0.89156294,0.014065283,0.024372183,0.009328976,0.009693483,0.027585287,0.00801151,0.015380308
ZJ016783,0.033980016,0.015339332,0.07245322,0.046527386,0.04332731,0.035581596,0.02914883,0.72364235
ZJ016784,0.3384968,0.020097366,0.37526414,0.027831445,0.043108534,0.055840075,0.08653911,0.05282257
ZJ016785,0.038165964,0.021558423,0.05508225,0.020368027,0.024509773,0.031057263,0.6359992,0.17325917
ZJ016786,0.046947353,0.011114586,0.7259586,0.13177943,0.023187354,0.011886742,0.011229618,0.03789627
ZJ016787,0.40996417,0.02223604,0.13283122,0.02500709,0.017927054,0.23805223,0.122911714,0.031070476
ZJ016788,0.7238831,0.014796277,0.124761224,0.02645555,0.02229398,0.027873471,0.037570007,0.022366459
ZJ016789,0.047854055,0.8100026,0.03849093,0.021055754,0.018749649,0.028000578,0.01892135,0.016925039
ZJ016790,0.37596828,0.009490838,0.49032512,0.012370916,0.019982796,0.019824171,0.013504832,0.05853302
ZJ016791,0.069552206,0.75925976,0.040204775,0.014470249,0.034387365,0.044777792,0.014211669,0.023136148
ZJ016792,0.28122526,0.016842732,0.24667645,0.017820561,0.031489912,0.032611154,0.35049728,0.022836681
ZJ016793,0.050698865,0.018754592,0.049706023,0.016280524,0.022560632,0.03054305,0.044151463,0.76730484
ZJ016794,0.040216472,0.017060077,0.049370643,0.58325434,0.02631945,0.23045531,0.017785994,0.035537697
ZJ016795,0.037595507,0.11129762,0.02362907,0.19616485,0.024956733,0.024197774,0.014545261,0.5676132
ZJ016796,0.0145028755,0.01768521,0.021010162,0.019770695,0.0249996,0.01620742,0.8687486,0.017075483
ZJ016797,0.8927215,0.0092675,0.011934401,0.013673744,0.012361459,0.029336292,0.018400965,0.01230426
ZJ016798,0.041148268,0.77199376,0.030910918,0.010693224,0.014340425,0.07043477,0.034271177,0.026207522
ZJ016799,0.08815846,0.72630024,0.08112889,0.019343534,0.023436924,0.01625087,0.020000564,0.025380496
ZJ016800,0.41680732,0.035334926,0.1365982,0.014521534,0.021098917,0.022198118,0.12060624,0.23283477
ZJ016801,0.8630914,0.014474987,0.041260194,0.010093569,0.014726798,0.03114522,0.007208237,0.017999612
ZJ016802,0.027006874,0.021348197,0.021978056,0.013908135,0.02076779,0.8564278,0.022404272,0.016158916
ZJ016803,0.16090095,0.6040402,0.093634196,0.017759202,0.025496153,0.021128494,0.027158052,0.049882766
ZJ016804,0.6808634,0.028241277,0.09077799,0.066495374,0.030745229,0.056293603,0.018815076,0.02776806
ZJ016805,0.7680481,0.017966127,0.015263106,0.1284418,0.016661506,0.017825756,0.018832061,0.016961567
ZJ016806,0.015807701,0.014266098,0.01473324,0.020200698,0.8678323,0.01677723,0.013560104,0.036822673
ZJ016807,0.28929824,0.016399855,0.5720921,0.009544613,0.024351181,0.026204927,0.026900113,0.035209008
ZJ016808,0.45269856,0.010397621,0.3942901,0.011411293,0.013543588,0.021783242,0.078042924,0.017832696
ZJ016809,0.038624804,0.012036124,0.031958282,0.018886006,0.018611943,0.01990725,0.015572104,0.84440356
ZJ016810,0.011404268,0.013565386,0.024120362,0.013952325,0.8918933,0.015204871,0.011679462,0.018180048
ZJ016811,0.058824647,0.7935068,0.037565973,0.019774878,0.01897356,0.036368374,0.014217715,0.020768058
ZJ016812,0.033856325,0.022729058,0.024761919,0.0143347075,0.02211817,0.848216,0.017545119,0.016438818
ZJ016813,0.47873455,0.036607295,0.33151928,0.04575778,0.019220173,0.050467193,0.019078398,0.018615363
ZJ016814,0.77630854,0.012890892,0.10258677,0.04061388,0.0153205795,0.014230946,0.014119175,0.023929184
ZJ016815,0.0473667,0.79876536,0.061012357,0.013733608,0.017616484,0.014863068,0.029799387,0.016843019
ZJ016816,0.14783826,0.0063552572,0.7721881,0.010710714,0.0124321375,0.020004513,0.01567989,0.014791116
ZJ016817,0.025431847,0.02294765,0.029173931,0.03457178,0.025692556,0.01662698,0.82314295,0.022412343
ZJ016818,0.7161104,0.027265435,0.12829356,0.024371514,0.022174282,0.04407611,0.011426852,0.026281787
ZJ016819,0.5237107,0.02814216,0.042891677,0.025380878,0.04724748,0.027326314,0.035604592,0.26969618
ZJ016820,0.039416872,0.040551156,0.046714913,0.013737934,0.01739993,0.78397244,0.025585292,0.032621425
ZJ016821,0.046228252,0.019572223,0.08591956,0.017866408,0.7741519,0.024186566,0.013660686,0.018414376
ZJ016822,0.8606283,0.017394587,0.038775347,0.018617284,0.012833267,0.019940903,0.015523034,0.01628723
ZJ016823,0.042005237,0.017582262,0.04087564,0.03141594,0.023788715,0.030174786,0.79056305,0.02359437
ZJ016824,0.8641944,0.016488556,0.025143081,0.018322632,0.012900923,0.030283382,0.012984611,0.019682428
ZJ016825,0.03347578,0.012156219,0.16731489,0.029828925,0.013591065,0.010666386,0.02077711,0.7121896
ZJ016826,0.8634629,0.0149276955,0.028851962,0.021056937,0.018627157,0.02114003,0.01339028,0.01854307
ZJ016827,0.2851704,0.020555658,0.52558196,0.012640615,0.040723365,0.028484082,0.05435748,0.032486435
ZJ016828,0.08172166,0.01536948,0.15227441,0.0377374,0.019079274,0.019523675,0.01804738,0.6562468
ZJ016829,0.017040232,0.015003874,0.025442395,0.027882759,0.8543216,0.016103884,0.013697392,0.030507898
ZJ016830,0.06514215,0.014060105,0.8342727,0.01899625,0.0075746067,0.03522202,0.010318835,0.014413401
ZJ016831,0.024217807,0.028717477,0.028771967,0.016015727,0.02548793,0.83410656,0.021460213,0.021222321
ZJ016832,0.47462532,0.02062181,0.06801891,0.021699542,0.32358885,0.03815322,0.01762824,0.03566413
ZJ016833,0.8581282,0.022050485,0.037168097,0.01073097,0.014140378,0.025963271,0.013476565,0.018342054
ZJ016834,0.17802496,0.20757213,0.13818876,0.021623254,0.041908752,0.058752563,0.063058,0.2908716
ZJ016835,0.090069845,0.03216706,0.2054106,0.010951229,0.020285085,0.031219263,0.013811079,0.59608585
ZJ016836,0.8717664,0.018482769,0.015095857,0.018753827,0.017869793,0.024691027,0.016822949,0.01651737
ZJ016837,0.2730087,0.004920972,0.49961233,0.013157676,0.01947036,0.025569556,0.13561475,0.028645635
ZJ016838,0.49225923,0.009594605,0.40520397,0.011699499,0.019925455,0.022750026,0.020068226,0.018499015
ZJ016839,0.1022262,0.009316294,0.76807255,0.015191302,0.011169511,0.023367936,0.04501514,0.025641102
ZJ016840,0.79050535,0.016486498,0.022537017,0.018350763,0.024670854,0.029102847,0.08389018,0.014456562
ZJ016841,0.8694049,0.02076407,0.015214947,0.019446265,0.017069995,0.024755156,0.014687172,0.01865755
ZJ016842,0.13829337,0.008134192,0.7575655,0.015862914,0.023458604,0.01274316,0.02050758,0.023434684
ZJ016843,0.034049712,0.01150926,0.03573817,0.011444229,0.009135704,0.021371888,0.014500655,0.86225045
ZJ016844,0.14419073,0.0102167,0.73887414,0.006601445,0.006892839,0.05165061,0.03185334,0.009720287
ZJ016845,0.03936234,0.005392307,0.8743968,0.0143564595,0.007548161,0.015097744,0.0071879113,0.036658254
ZJ016846,0.031845238,0.15702966,0.45880023,0.025002241,0.18590528,0.016172256,0.0588668,0.06637833
ZJ016847,0.6936967,0.01225848,0.05077545,0.020347858,0.014025196,0.020364318,0.11482868,0.07370328
ZJ016848,0.13545612,0.019928163,0.7090344,0.020036727,0.0133740725,0.022338916,0.018987846,0.060843777
ZJ016849,0.026616132,0.018075198,0.01614852,0.72877616,0.15081398,0.033302218,0.0153676225,0.010900251
ZJ016850,0.05315215,0.018926103,0.020544404,0.7872085,0.056222465,0.036952708,0.015529669,0.011464026
ZJ016851,0.04592332,0.0135733355,0.8023297,0.026788047,0.015970476,0.011030631,0.01942188,0.06496254
ZJ016852,0.037823927,0.009321333,0.77470356,0.056898214,0.01268445,0.012270843,0.016455194,0.0798425
ZJ016853,0.017767433,0.022347912,0.017926475,0.012450198,0.025163734,0.8712892,0.015874643,0.017180463
ZJ016854,0.22109513,0.007103766,0.6931078,0.011416902,0.018599348,0.016464699,0.01319433,0.019018047
ZJ016855,0.040379632,0.014503154,0.8461965,0.011752809,0.010109321,0.020612655,0.014018297,0.04242774
ZJ016856,0.03875876,0.0047056875,0.910494,0.011201582,0.007502515,0.009376004,0.008080664,0.009880844
ZJ016857,0.036463946,0.006590879,0.1360739,0.044629153,0.013199398,0.010314375,0.009527044,0.7432014
ZJ016858,0.16709083,0.5489273,0.053523462,0.01597917,0.024139572,0.03321568,0.13935749,0.017766494
ZJ016859,0.8576073,0.017936049,0.019114304,0.023083186,0.015597363,0.023690758,0.01728414,0.025686909
ZJ016860,0.021138025,0.019640528,0.036794174,0.017368173,0.022097593,0.8478325,0.014501706,0.020627327
ZJ016861,0.029954253,0.01520772,0.019234134,0.023347745,0.017919531,0.025587643,0.014043227,0.8547058
ZJ016862,0.577137,0.13095275,0.040446885,0.009481139,0.034964334,0.1489747,0.035780225,0.022263007
ZJ016863,0.18386453,0.3343935,0.25557464,0.015883924,0.027735045,0.021758158,0.085323334,0.075466834
ZJ016864,0.26230696,0.014020103,0.533354,0.020453114,0.0126594305,0.015441026,0.12511647,0.016648933
ZJ016865,0.015296966,0.012413392,0.013387844,0.019600477,0.02449548,0.0139827235,0.88375026,0.017072862
ZJ016866,0.06206249,0.7773847,0.06365873,0.022923267,0.020210678,0.014666364,0.014387152,0.024706664
ZJ016867,0.63822454,0.013315243,0.21783753,0.012310314,0.016991904,0.015972277,0.01724038,0.06810782
ZJ016868,0.07289403,0.06489498,0.7837503,0.011091168,0.017189765,0.015247154,0.02191708,0.013015551
ZJ016869,0.06881816,0.008791858,0.11265892,0.029482905,0.02833662,0.014334539,0.7252273,0.012349755
ZJ016870,0.096764766,0.6263655,0.109532826,0.03573162,0.04243412,0.04039104,0.023442129,0.025338072
ZJ016871,0.051259197,0.69238085,0.010411233,0.024789413,0.02838241,0.025023896,0.14665674,0.021096235
ZJ016872,0.19909792,0.23166823,0.07568979,0.014071447,0.014794606,0.35988188,0.06425166,0.040544435
ZJ016873,0.33692437,0.017482826,0.07421011,0.03244163,0.03656939,0.023301942,0.4500328,0.029036904
ZJ016874,0.60249865,0.012430844,0.028405566,0.016339187,0.0111332815,0.025498603,0.28303096,0.02066295
ZJ016875,0.052491724,0.005011706,0.8569523,0.011487836,0.010415771,0.0139333755,0.03808198,0.011625267
ZJ016876,0.27106714,0.023900097,0.29436222,0.009020669,0.012764658,0.024930935,0.079994075,0.28396022
ZJ016877,0.8279373,0.021871386,0.015223183,0.017243005,0.022167776,0.029158002,0.018082347,0.048316993
ZJ016878,0.58317274,0.011286295,0.277591,0.023122007,0.022247946,0.020407436,0.016787842,0.045384735
ZJ016879,0.13064833,0.20363398,0.5505236,0.03350789,0.017334336,0.013795313,0.010919745,0.03963688
ZJ016880,0.16138156,0.048982795,0.02465023,0.006059475,0.020328535,0.71027386,0.018838579,0.009484972
ZJ016881,0.021477517,0.87213194,0.015913548,0.015054414,0.02824131,0.020700805,0.0113112,0.015169284
ZJ016882,0.055126876,0.21396,0.1348737,0.016963009,0.024018593,0.09488139,0.44489533,0.015281077
ZJ016883,0.11624684,0.74954396,0.021658955,0.017470503,0.018777022,0.026209146,0.026077468,0.024016052
ZJ016884,0.19976997,0.019458145,0.012347425,0.020960784,0.036879517,0.018590895,0.67279315,0.019200146
ZJ016885,0.29794428,0.034567636,0.17329143,0.03746886,0.038357776,0.0474881,0.3318512,0.039030727
ZJ016886,0.754671,0.025300903,0.040191457,0.017734844,0.01967488,0.02635184,0.08834033,0.0277348
ZJ016887,0.07996481,0.03281186,0.103334956,0.020998621,0.027696872,0.67833996,0.032171447,0.024681492
ZJ016888,0.030538052,0.010685329,0.786173,0.028547114,0.023321604,0.05457853,0.009484992,0.056671392
ZJ016889,0.21051598,0.20125179,0.43542734,0.025961375,0.02996549,0.03264584,0.020034216,0.044197977
ZJ016890,0.1992152,0.009308572,0.6744761,0.029712275,0.019217987,0.013191849,0.01192057,0.04295751
ZJ016891,0.69629496,0.008257731,0.12467452,0.014836873,0.017030798,0.023720874,0.09072194,0.024462385
ZJ016892,0.78505754,0.010742282,0.122962885,0.016068796,0.017162835,0.023527129,0.010464835,0.01401373
ZJ016893,0.82893974,0.017144114,0.033916917,0.022779396,0.018091118,0.029161736,0.016695274,0.033271756
ZJ016894,0.2861633,0.01322307,0.10317917,0.021804852,0.15124585,0.37809756,0.029604351,0.016681856
ZJ016895,0.045515418,0.7044631,0.04756931,0.012945359,0.014134191,0.08312055,0.059918042,0.03233404
ZJ016896,0.86952287,0.02789393,0.0056556845,0.00863764,0.019095613,0.028244585,0.0279567,0.012992921
ZJ016897,0.040119678,0.0109005375,0.05917662,0.023091417,0.02299129,0.033619415,0.7924102,0.017690843
ZJ016898,0.047356598,0.0074647376,0.8669093,0.018754432,0.00903362,0.014711196,0.007999558,0.027770538
ZJ016899,0.5859823,0.010476687,0.038304705,0.017091576,0.01623947,0.28423724,0.03363576,0.014032247
ZJ016900,0.024595443,0.010747969,0.8394467,0.059206694,0.009663048,0.016067266,0.011587084,0.028685829
ZJ016901,0.018545596,0.019848995,0.022692997,0.016999966,0.024497133,0.86414623,0.015888318,0.017380824
ZJ016902,0.88612634,0.018446198,0.017627534,0.014357286,0.015452144,0.018813023,0.0148802325,0.014297259
ZJ016903,0.86742634,0.011078612,0.010013475,0.015834047,0.019942626,0.024902357,0.036696192,0.014106325
ZJ016904,0.055556893,0.01500693,0.20933011,0.027764348,0.62835306,0.023275066,0.012054066,0.028659541
ZJ016905,0.09180478,0.01340079,0.40811807,0.10010096,0.05450548,0.08502049,0.021735666,0.22531374
ZJ016906,0.034185488,0.014445293,0.25105816,0.015304238,0.62384224,0.016224405,0.022365991,0.022574214
ZJ016907,0.8721563,0.01642029,0.016352033,0.016044576,0.021613667,0.02448926,0.016019044,0.016904803
ZJ016908,0.014635985,0.019273086,0.013997433,0.020241385,0.022054126,0.013801611,0.8803677,0.015628694
ZJ016909,0.016805457,0.023975452,0.040410306,0.016547354,0.019342048,0.8413871,0.019635525,0.021896755
ZJ016910,0.85690755,0.020381568,0.022533922,0.020726914,0.01887384,0.028163344,0.015075857,0.017336996
ZJ016911,0.041323315,0.8219792,0.045880716,0.020303398,0.02048071,0.017524367,0.010502149,0.022006111
ZJ016912,0.16403571,0.01065009,0.69845754,0.019571532,0.019032406,0.01741685,0.043126196,0.027709676
ZJ016913,0.11695601,0.024009017,0.35981318,0.018112317,0.30519536,0.06534269,0.08185807,0.02871331
ZJ016914,0.01853241,0.008879751,0.17616542,0.008036071,0.015284118,0.012595129,0.013715905,0.7467912
ZJ016915,0.037669465,0.017731452,0.019508542,0.009232436,0.022872342,0.83968574,0.03916214,0.0141379675
ZJ016916,0.047692936,0.01425222,0.80611056,0.013331421,0.01581028,0.011945434,0.007004966,0.08385219
ZJ016917,0.764858,0.02034357,0.095783435,0.020347564,0.034312215,0.022122107,0.022954432,0.01927869
ZJ016918,0.044508338,0.017764917,0.021677474,0.010453449,0.014646314,0.026022905,0.020129023,0.8447976
ZJ016919,0.8851239,0.016779525,0.022380931,0.016918771,0.011738806,0.016311146,0.012412381,0.018334566
ZJ016920,0.018667726,0.020065818,0.021369837,0.015606783,0.020797152,0.8689026,0.016772456,0.017817615
ZJ016921,0.051482875,0.007901008,0.87335604,0.022767326,0.014846618,0.006041251,0.0061433725,0.017461514
ZJ016922,0.5122913,0.010985174,0.35161856,0.011628056,0.016553288,0.01978561,0.05906203,0.018075923
ZJ016923,0.038004134,0.016881688,0.3927766,0.023113495,0.4665799,0.027970413,0.01130624,0.023367478
ZJ016924,0.028484965,0.016748747,0.054371,0.044326227,0.031093532,0.03385667,0.024034593,0.7670843
ZJ016925,0.016939014,0.021760173,0.016066028,0.012106781,0.02320405,0.8777334,0.016255273,0.015935222
ZJ016926,0.08151733,0.012706201,0.6972591,0.015731947,0.14192101,0.025577849,0.008628843,0.01665778
ZJ016927,0.014483916,0.01185334,0.024325052,0.015935505,0.01810512,0.019870134,0.87906945,0.016357457
ZJ016928,0.84750575,0.017207196,0.012791151,0.019913955,0.021878513,0.026925946,0.035488036,0.018289477
ZJ016929,0.14289255,0.6348768,0.01229811,0.010198279,0.027431447,0.14364952,0.01246796,0.016185362
ZJ016930,0.15373026,0.17405127,0.09019856,0.03455753,0.01851708,0.027214935,0.36957324,0.13215719
ZJ016931,0.07410362,0.013840923,0.27853808,0.47194505,0.015008519,0.014625775,0.020023458,0.11191454
ZJ016932,0.76803243,0.026078632,0.036931064,0.041786112,0.027176617,0.06265393,0.017289244,0.020051999
ZJ016933,0.023368737,0.017247563,0.0150883645,0.017390637,0.014847127,0.017218277,0.8807692,0.01407007
ZJ016934,0.082094826,0.013146179,0.79085904,0.033753507,0.010532021,0.012197623,0.013501634,0.043915235
ZJ016935,0.041854393,0.85235065,0.018421866,0.012575625,0.024581073,0.018621733,0.018788967,0.012805727
ZJ016936,0.13414016,0.0281712,0.10564484,0.029749488,0.044318043,0.031900685,0.60263914,0.023436418
ZJ016937,0.059484422,0.73597795,0.052459788,0.036404144,0.0318327,0.03713133,0.0171276,0.029582066
ZJ016938,0.016981548,0.01972535,0.020074805,0.0106395725,0.017725516,0.8872158,0.011967485,0.015669925
ZJ016939,0.90722114,0.0053594024,0.04908374,0.006376999,0.006839381,0.010754733,0.007696164,0.0066684685
ZJ016940,0.01742463,0.014543041,0.020142023,0.02129623,0.84755003,0.015995607,0.013571277,0.049477194
ZJ016941,0.04090124,0.012990407,0.04403181,0.019471562,0.0182065,0.020841321,0.0175486,0.8260085
ZJ016942,0.025876094,0.022674955,0.020534363,0.014066723,0.016161816,0.054450195,0.83568233,0.010553568
ZJ016943,0.33227554,0.46067214,0.101868115,0.024664234,0.014991566,0.029988393,0.014893736,0.020646228
ZJ016944,0.025558887,0.19164357,0.025288811,0.029738128,0.030089471,0.048367243,0.026852492,0.62246144
ZJ016945,0.037096694,0.82173103,0.023479167,0.016309649,0.02661418,0.028458426,0.029565578,0.016745329
ZJ016946,0.04117209,0.47246122,0.06873004,0.021489298,0.028202195,0.09092356,0.25673318,0.02028844
ZJ016947,0.045043863,0.0066671907,0.8756194,0.013433242,0.00822882,0.0134995645,0.016905043,0.020602828
ZJ016948,0.24068938,0.10056062,0.3907718,0.026638964,0.015448624,0.06811035,0.020263271,0.13751702
ZJ016949,0.081748985,0.023053974,0.44109127,0.022426002,0.027407134,0.035276942,0.022792106,0.34620357
ZJ016950,0.88026124,0.020092065,0.017352616,0.012368719,0.019488344,0.02316082,0.015416746,0.011859407
ZJ016951,0.07718855,0.01088207,0.6189754,0.06195725,0.0162745,0.019038755,0.015347487,0.18033598
ZJ016952,0.1802414,0.106635354,0.5886951,0.016449278,0.021646608,0.01804856,0.009626378,0.05865733
ZJ016953,0.15585561,0.031716794,0.111637495,0.014461058,0.5845669,0.018666,0.06483732,0.018258885
ZJ016954,0.54401505,0.04177691,0.15821363,0.008356988,0.020140216,0.117364466,0.08613129,0.024001483
ZJ016955,0.87836355,0.012596095,0.014282936,0.016598722,0.018827992,0.02605421,0.0139190275,0.019357473
ZJ016956,0.08119356,0.010708709,0.79897773,0.0046003736,0.010037725,0.021342143,0.05122582,0.021913951
ZJ016957,0.26783538,0.0125188725,0.543828,0.011634664,0.030251337,0.05212293,0.021648588,0.060160216
ZJ016958,0.018329456,0.021407856,0.017026631,0.013416925,0.022177404,0.8743159,0.016600875,0.016724933
ZJ016959,0.04066298,0.0070859226,0.8747264,0.019253992,0.009866003,0.01282787,0.0077852267,0.027791662
ZJ016960,0.8265154,0.031567972,0.020970875,0.0116918655,0.01176949,0.03299501,0.034847353,0.029642044
ZJ016961,0.02453972,0.8667113,0.043473393,0.012248046,0.009935982,0.014586053,0.008917163,0.01958829
ZJ016962,0.06092913,0.019737499,0.019396577,0.77355146,0.021903915,0.07614059,0.018940365,0.009400512
ZJ016963,0.037659142,0.006551422,0.8870761,0.009878114,0.0112906275,0.017510157,0.020202518,0.00983195
ZJ016964,0.19325845,0.3320073,0.32461274,0.02438984,0.030675465,0.03610893,0.017409114,0.04153819
ZJ016965,0.7445505,0.039382618,0.09062162,0.01111298,0.016771747,0.016135752,0.0704726,0.0109521765
ZJ016966,0.73864,0.026475633,0.051048804,0.03378481,0.02386531,0.042521898,0.012937731,0.07072588
ZJ016967,0.08857955,0.03540899,0.07075711,0.042772297,0.03801018,0.5613684,0.13259889,0.030504534
ZJ016968,0.013667479,0.01681581,0.014931333,0.019768296,0.027920833,0.017124264,0.8730611,0.016710842
ZJ016969,0.8592744,0.014213765,0.027754655,0.015591911,0.021760294,0.012818537,0.03325197,0.01533445
ZJ016970,0.4197827,0.024276286,0.13366333,0.015479437,0.011687284,0.03390804,0.34932435,0.011878644
ZJ016971,0.14380729,0.018797824,0.1091963,0.0150189055,0.08597489,0.042228807,0.56893957,0.016036475
ZJ016972,0.0885337,0.028717656,0.7006869,0.054091837,0.009202945,0.027228696,0.019097468,0.072440796
ZJ016973,0.01724836,0.014045209,0.01958796,0.012090101,0.015881341,0.0147304,0.89665383,0.009762795
ZJ016974,0.12102844,0.015215605,0.7742189,0.00851118,0.014051232,0.029875427,0.016166428,0.020932755
ZJ016975,0.023732755,0.02292828,0.019699857,0.01617664,0.017489156,0.072602145,0.81517524,0.012195966
ZJ016976,0.05405567,0.82014924,0.023127897,0.01925821,0.026329115,0.026261387,0.009396168,0.021422302
ZJ016977,0.078180976,0.03219447,0.09982263,0.022219148,0.081420444,0.64467186,0.015718255,0.025772208
ZJ016978,0.36765757,0.019070584,0.39462766,0.010291432,0.014782704,0.02337281,0.14128526,0.028912028
ZJ016979,0.12395177,0.017818207,0.7606227,0.019565267,0.017495293,0.019199645,0.009614307,0.03173289
ZJ016980,0.021261321,0.89018434,0.012806843,0.012375272,0.021387318,0.016422344,0.0120488,0.013513872
ZJ016981,0.028644994,0.0147536015,0.021068424,0.021327535,0.01805529,0.017978603,0.016397977,0.8617736
ZJ016982,0.13152628,0.0127573535,0.6762777,0.02550354,0.027615925,0.013617083,0.07853296,0.03416917
ZJ016983,0.027536986,0.010111293,0.01982261,0.02192682,0.014312907,0.017776852,0.014957443,0.8735551
ZJ016984,0.6927425,0.0258257,0.08079896,0.07239933,0.030376,0.05513797,0.0184606,0.024258962
ZJ016985,0.07648112,0.03219628,0.22024801,0.010374941,0.022382889,0.03447071,0.01793221,0.58591384
ZJ016986,0.048913714,0.016766824,0.014890352,0.8239725,0.045712594,0.023566322,0.015308171,0.01086949
ZJ016987,0.4302236,0.05700245,0.21274881,0.010461473,0.042482384,0.040308032,0.092725344,0.114047945
ZJ016988,0.7358334,0.035836663,0.070772745,0.0622845,0.018531468,0.028379807,0.016790994,0.031570427
ZJ016989,0.03250112,0.025945181,0.029777808,0.0149984555,0.019410934,0.84097975,0.018647825,0.017738882
ZJ016990,0.14532621,0.053841103,0.14650387,0.03278122,0.043168385,0.039480638,0.03228454,0.5066141
ZJ016991,0.020508986,0.018114572,0.0268673,0.017119095,0.021857262,0.86110973,0.014873489,0.019549614
ZJ016992,0.014603238,0.01719752,0.033367842,0.033487573,0.023055336,0.016585583,0.820179,0.041523922
ZJ016993,0.029448053,0.022594549,0.019825742,0.027650937,0.011902273,0.022287605,0.8441164,0.022174375
ZJ016994,0.23589921,0.012787293,0.6875946,0.011510434,0.008477615,0.010630422,0.011544785,0.021555604
ZJ016995,0.13635142,0.030774474,0.65894264,0.014228547,0.029547933,0.048285853,0.06074654,0.02112261
ZJ016996,0.74195445,0.022737047,0.0355813,0.00924627,0.012149103,0.13320994,0.035038013,0.010083929
ZJ016997,0.28962085,0.011700374,0.5856895,0.017110731,0.021624798,0.01493518,0.036826424,0.022492196
ZJ016998,0.03996929,0.6115169,0.057945933,0.010807438,0.07254388,0.09660832,0.03108771,0.079520546
ZJ016999,0.022069944,0.02152487,0.030891469,0.015124065,0.020126684,0.850033,0.021203715,0.019026304
ZJ017000,0.02356836,0.8832909,0.01317771,0.010498657,0.01713778,0.023688767,0.014213403,0.014424488
ZJ017001,0.036382783,0.009679741,0.67428607,0.17866413,0.021277903,0.012328739,0.014201703,0.053178947
ZJ017002,0.045683548,0.01936927,0.08615916,0.018791173,0.7732544,0.02397195,0.01549311,0.017277425
ZJ017003,0.06282648,0.0112248575,0.5733305,0.048144106,0.020579083,0.028062275,0.017306713,0.23852602
ZJ017004,0.86532325,0.020654878,0.02211572,0.014994941,0.01572273,0.019314587,0.018925708,0.0229482
ZJ017005,0.18174179,0.007140854,0.6906565,0.009148393,0.012262254,0.011827899,0.015310411,0.071911976
ZJ017006,0.31238753,0.07034901,0.39884314,0.019524602,0.08890292,0.0639699,0.030066907,0.015956033
ZJ017007,0.09920849,0.012001923,0.6878972,0.01889014,0.13633153,0.02052623,0.00906755,0.01607692
ZJ017008,0.3400906,0.025746454,0.04803183,0.034701735,0.017178766,0.026999995,0.47706375,0.03018689
ZJ017009,0.22144501,0.019972382,0.32668835,0.02583745,0.041623678,0.02936097,0.3079295,0.027142648
ZJ017010,0.48756477,0.018156707,0.026746241,0.1036938,0.014490676,0.027187843,0.020510849,0.30164918
ZJ017011,0.7664324,0.013806944,0.022405213,0.018430723,0.016651992,0.03384156,0.1098655,0.018565714
ZJ017012,0.29037866,0.024421467,0.54853743,0.014439513,0.024040459,0.03194559,0.042827338,0.023409596
ZJ017013,0.06429539,0.017329365,0.3104938,0.1337595,0.018795712,0.019046435,0.024958408,0.41132137
ZJ017014,0.16560258,0.036826067,0.0723294,0.04460736,0.020125516,0.026731288,0.04863726,0.5851406
ZJ017015,0.11185326,0.015491761,0.3172072,0.020584235,0.02469827,0.105203845,0.38088837,0.024073115
ZJ017016,0.018117255,0.8898808,0.015053885,0.012643977,0.016620895,0.017923286,0.014594964,0.015164914
ZJ017017,0.19069064,0.02778398,0.024560751,0.46888596,0.20871711,0.04571005,0.018935679,0.0147159
ZJ017018,0.8610159,0.016734025,0.017088091,0.018295977,0.021775058,0.030710066,0.018611439,0.015769439
ZJ017019,0.07024669,0.81588376,0.027549818,0.014953211,0.01954609,0.016476179,0.013116419,0.022227872
ZJ017020,0.87003225,0.020171145,0.018183768,0.01622465,0.017905302,0.023385774,0.01784616,0.016250975
ZJ017021,0.042071935,0.024219865,0.033234704,0.021628613,0.01903889,0.022921009,0.8154875,0.021397548
ZJ017022,0.79520524,0.01355384,0.108196974,0.015710972,0.011352468,0.02886855,0.013997748,0.0131142065
ZJ017023,0.07548824,0.009870405,0.800752,0.014444462,0.009350184,0.030905588,0.028384918,0.03080425
ZJ017024,0.13718,0.017173097,0.6897417,0.029717216,0.00966146,0.028642863,0.031021753,0.056861915
ZJ017025,0.23425367,0.027473656,0.15276317,0.017651075,0.027443916,0.013700138,0.50363255,0.023081886
ZJ017026,0.017814588,0.00913312,0.9026047,0.010875083,0.0125991125,0.01696979,0.018718883,0.011284732
ZJ017027,0.14651786,0.009507502,0.73230326,0.028261993,0.01976723,0.017990433,0.013473068,0.03217871
ZJ017028,0.041526284,0.71142685,0.013291839,0.016763715,0.019067356,0.12666649,0.056293268,0.0149642145
ZJ017029,0.0673658,0.012138045,0.49964675,0.27171507,0.014906503,0.008902987,0.011012085,0.11431271
ZJ017030,0.21377595,0.07574683,0.40259597,0.01893987,0.030689428,0.021567443,0.012422365,0.22426216
ZJ017031,0.3546258,0.014880115,0.2259912,0.014614102,0.02594605,0.033692304,0.023212148,0.30703828
ZJ017032,0.85550356,0.022295618,0.017501365,0.016081313,0.018599277,0.034023,0.016253125,0.019742748
ZJ017033,0.19145463,0.39719778,0.19907455,0.06189096,0.036086794,0.046591565,0.020270929,0.04743282
ZJ017034,0.48620436,0.008147751,0.082463615,0.04417325,0.052611716,0.23800316,0.012149971,0.07624626
ZJ017035,0.8675383,0.018791469,0.022146791,0.014477816,0.02000229,0.021495042,0.020116312,0.015432024
ZJ017036,0.7458417,0.03610597,0.013914838,0.021800099,0.029490024,0.054332614,0.08010755,0.018407265
ZJ017037,0.41742596,0.011760204,0.07838177,0.019049423,0.0146265095,0.01839297,0.43433425,0.006028895
ZJ017038,0.06911289,0.7650985,0.042228818,0.021771433,0.024927095,0.036229145,0.0118059525,0.028826166
ZJ017039,0.016916046,0.018917425,0.019378128,0.018454436,0.020493755,0.019480763,0.8697594,0.016600031
ZJ017040,0.020451734,0.12772878,0.023332044,0.027307738,0.02825898,0.050935924,0.024593744,0.69739103
ZJ017041,0.035420198,0.011571801,0.025496481,0.021895956,0.018563446,0.023097381,0.8487811,0.015173532
ZJ017042,0.028726,0.010595971,0.0715284,0.03771696,0.017952671,0.025778294,0.014628403,0.7930733
ZJ017043,0.014833515,0.020570545,0.1921169,0.0098454375,0.049661934,0.6759135,0.01834522,0.018712923
ZJ017044,0.17213356,0.011332962,0.63985604,0.01783198,0.015544087,0.013211009,0.008622527,0.121467866
ZJ017045,0.094506584,0.7174751,0.055669554,0.01666438,0.032191556,0.025289768,0.013411674,0.044791367
ZJ017046,0.3335339,0.017047223,0.169273,0.023361223,0.04480641,0.3624358,0.029945508,0.019596983
ZJ017047,0.0200627,0.024601605,0.021261485,0.011074527,0.024139086,0.8677948,0.013279508,0.017786244
ZJ017048,0.028583819,0.017487261,0.030310124,0.033855777,0.022171035,0.026915241,0.81847066,0.022206021
ZJ017049,0.7079711,0.040166814,0.11117432,0.02571041,0.04319284,0.031635143,0.018611783,0.021537628
ZJ017050,0.13059354,0.022458335,0.49642158,0.081369534,0.0134554645,0.029234156,0.027140085,0.19932733
ZJ017051,0.6245093,0.04351593,0.095425345,0.06865728,0.035885204,0.07583209,0.016561693,0.03961314
ZJ017052,0.11863428,0.015250729,0.7916665,0.011227739,0.025294198,0.015044011,0.0066850255,0.016197503
ZJ017053,0.12621793,0.03547014,0.6754768,0.016622275,0.027711183,0.0133198425,0.009171725,0.096010126
ZJ017054,0.032057855,0.015508833,0.04023732,0.02892655,0.014309734,0.013631217,0.017569736,0.8377587
ZJ017055,0.021606047,0.019862726,0.02276282,0.016308453,0.022089858,0.8591072,0.016860818,0.021402087
ZJ017056,0.02233467,0.008322491,0.90037614,0.010533478,0.011509008,0.018581038,0.017659418,0.0106837
ZJ017057,0.12332255,0.026592046,0.09201454,0.029347567,0.03982796,0.031235581,0.6351947,0.022465039
ZJ017058,0.03449975,0.031409793,0.23082374,0.022514109,0.024044795,0.5855153,0.033861678,0.037330847
ZJ017059,0.042067837,0.015120222,0.50387573,0.010492324,0.0096429605,0.13022016,0.01989741,0.26868337
ZJ017060,0.16074647,0.0100654205,0.7152004,0.010845632,0.018560695,0.015916614,0.021617528,0.047047265
ZJ017061,0.7177562,0.030365726,0.07172185,0.058318038,0.025087262,0.051753502,0.021048466,0.023948997
ZJ017062,0.019907812,0.023195073,0.022724694,0.01633514,0.021372467,0.85766476,0.019584754,0.019215241
ZJ017063,0.18178727,0.07435036,0.032851417,0.020306773,0.017980004,0.045679502,0.6065874,0.020457266
ZJ017064,0.45551848,0.047261473,0.06014797,0.3255255,0.037345305,0.025940413,0.015061177,0.033199664
ZJ017065,0.08207763,0.0049398923,0.6797742,0.10619769,0.015857745,0.012936182,0.013330038,0.08488665
ZJ017066,0.2003179,0.020739673,0.5103612,0.08830029,0.038767543,0.03580428,0.025791148,0.07991798
ZJ017067,0.039581995,0.01559608,0.026918164,0.8550825,0.02130441,0.012467659,0.021070985,0.007978209
ZJ017068,0.47638136,0.01876594,0.16943772,0.017512826,0.03230775,0.040206652,0.22261372,0.022774007
ZJ017069,0.05466629,0.01787836,0.690895,0.048824873,0.074172236,0.021185922,0.017764367,0.07461294
ZJ017070,0.8690052,0.012263019,0.021721194,0.018745665,0.018599411,0.017699596,0.017661149,0.024304746
ZJ017071,0.041329138,0.0108841425,0.023696877,0.015778705,0.02061095,0.021069834,0.85381883,0.012811546
ZJ017072,0.15311912,0.009931363,0.74059534,0.017662765,0.017906222,0.021237731,0.020937188,0.018610254
ZJ017073,0.01991455,0.02104973,0.045270562,0.024726091,0.0189138,0.019250438,0.8306185,0.020256294
ZJ017074,0.057359744,0.8158297,0.021640046,0.011415485,0.016746938,0.030457009,0.032261964,0.014289145
ZJ017075,0.025954446,0.025549723,0.079634465,0.028360618,0.03318153,0.14209935,0.6443016,0.020918319
ZJ017076,0.026025563,0.026914144,0.056886554,0.028573757,0.034985602,0.2058266,0.59656066,0.024227135
ZJ017077,0.07126836,0.014850536,0.50468165,0.011914641,0.014511681,0.3478047,0.014619059,0.020349404
ZJ017078,0.024857244,0.021472689,0.03336989,0.013468503,0.02054941,0.8474293,0.021712542,0.017140467
ZJ017079,0.016673218,0.0237249,0.028680189,0.016235529,0.015878504,0.018405316,0.010416831,0.8699855
ZJ017080,0.021094713,0.020955017,0.024161067,0.014415999,0.022158338,0.85817987,0.020219909,0.018815076
ZJ017081,0.03924306,0.021431297,0.07385322,0.016792698,0.032646824,0.7854105,0.011143657,0.019478768
ZJ017082,0.31944513,0.029741568,0.47372293,0.007897082,0.022814997,0.012079013,0.12453804,0.009761231
ZJ017083,0.036381193,0.860816,0.020169353,0.015661836,0.016235573,0.019816075,0.010523144,0.02039692
ZJ017084,0.040062584,0.7444346,0.09773479,0.023478594,0.029662564,0.028435916,0.011428736,0.024762176
ZJ017085,0.033453282,0.86627275,0.022479713,0.011098859,0.017277239,0.02096844,0.014963624,0.013486171
ZJ017086,0.023425205,0.007386749,0.90631765,0.00980199,0.011130321,0.018519323,0.013598901,0.009819799
ZJ017087,0.46971607,0.3660612,0.01468422,0.022083431,0.04571264,0.027136505,0.032014553,0.022591364
ZJ017088,0.023987932,0.02389935,0.01959362,0.011691319,0.017653957,0.86934376,0.01768162,0.016148439
ZJ017089,0.32593015,0.029393947,0.54780024,0.009013824,0.022358647,0.03500436,0.013014137,0.017484704
ZJ017090,0.15403135,0.023370113,0.12950383,0.0645335,0.45386887,0.05440377,0.028809909,0.09147867
ZJ017091,0.031586718,0.86782897,0.018904194,0.015436347,0.015598202,0.018964818,0.010750408,0.020930404
ZJ017092,0.06147579,0.018192178,0.7988891,0.028614584,0.013511387,0.019640941,0.015565676,0.04411036
ZJ017093,0.017040433,0.010891301,0.013358313,0.914374,0.012756832,0.0107161505,0.013667451,0.00719549
ZJ017094,0.16096263,0.0062299524,0.7178657,0.028825333,0.018654434,0.02712511,0.015845101,0.024491692
ZJ017095,0.49071732,0.018758934,0.3850858,0.0088664,0.021307848,0.0209379,0.033148002,0.021177817
ZJ017096,0.7500119,0.020648861,0.05375403,0.062763944,0.032058332,0.042960353,0.015672736,0.022129843
ZJ017097,0.6236068,0.034213915,0.035744276,0.07185369,0.02557069,0.027429042,0.013752644,0.16782898
ZJ017098,0.042071547,0.019915124,0.15961242,0.6931963,0.021937838,0.019140473,0.02528198,0.018844351
ZJ017099,0.12655921,0.012168037,0.6816005,0.011289708,0.009679556,0.017209174,0.12968032,0.011813539
ZJ017100,0.04098449,0.021373956,0.036249995,0.016809328,0.028475622,0.82117474,0.017085552,0.017846337
ZJ017101,0.49939033,0.011089063,0.35986838,0.03138268,0.01929666,0.02505633,0.028803742,0.025112791
ZJ017102,0.14739037,0.017439531,0.3371739,0.21956709,0.019601403,0.019739581,0.024517013,0.21457115
ZJ017103,0.03515602,0.018336605,0.030494904,0.01889229,0.01667641,0.054571904,0.80850315,0.017368628
ZJ017104,0.10648928,0.0063796523,0.6841838,0.07313477,0.009401563,0.011903233,0.015950844,0.0925569
ZJ017105,0.57077307,0.02108463,0.31135687,0.011769193,0.014021709,0.02980324,0.02463343,0.01655778
ZJ017106,0.018640216,0.022910766,0.05462144,0.019660888,0.016246684,0.022231454,0.8269374,0.018751187
ZJ017107,0.8693143,0.020722475,0.01832947,0.016132368,0.017132118,0.02344971,0.01811045,0.016809117
ZJ017108,0.02074145,0.022818573,0.043070648,0.009633244,0.020438535,0.8567014,0.013645463,0.012950699
ZJ017109,0.017787017,0.03576498,0.48573056,0.016965883,0.113194205,0.25207448,0.028431011,0.050051887
ZJ017110,0.09028479,0.010921137,0.5233378,0.013384262,0.31001028,0.014440904,0.013447321,0.024173439
ZJ017111,0.08206302,0.7707638,0.0147600565,0.014219663,0.018133463,0.022486016,0.05767808,0.01989591
ZJ017112,0.03544004,0.027182927,0.008539862,0.021407513,0.020619266,0.01663253,0.85486263,0.015315323
ZJ017113,0.021199562,0.88458073,0.008426841,0.011748447,0.01792009,0.031192774,0.012875445,0.012056087
ZJ017114,0.024315715,0.88015217,0.01437524,0.012900675,0.022494007,0.020299885,0.010331579,0.015130765
ZJ017115,0.041149296,0.025038494,0.033502024,0.015262516,0.020296091,0.8306435,0.015664462,0.018443732
ZJ017116,0.22151653,0.4945027,0.10808688,0.01620552,0.04085601,0.031354915,0.016541336,0.07093612
ZJ017117,0.7099001,0.026444105,0.028582746,0.032790493,0.04271052,0.050323594,0.019938556,0.08930994
ZJ017118,0.39322928,0.014672878,0.42476684,0.027866537,0.027706621,0.03316055,0.04981459,0.028782774
ZJ017119,0.25864434,0.010730678,0.39406976,0.2266771,0.012915681,0.013642624,0.014803519,0.06851627
ZJ017120,0.030004943,0.6054551,0.042855278,0.065414734,0.01978761,0.044486545,0.011945459,0.18005037
ZJ017121,0.492522,0.03966145,0.039586008,0.034495067,0.03854686,0.045695465,0.03196658,0.27752653
ZJ017122,0.03860235,0.016739868,0.85631734,0.0328829,0.007902684,0.022359332,0.00992601,0.015269557
ZJ017123,0.06812731,0.014792785,0.4064992,0.011664874,0.016004814,0.44854674,0.0135188345,0.020845413
ZJ017124,0.16801785,0.008330612,0.6480276,0.017366579,0.031144464,0.016866188,0.08930491,0.020941827
ZJ017125,0.02497416,0.006800242,0.86948436,0.014806889,0.010039761,0.025730392,0.007724908,0.040439334
ZJ017126,0.03934896,0.01682411,0.3765954,0.022705294,0.4884778,0.022241684,0.011798556,0.022008196
ZJ017127,0.23015366,0.022190709,0.044749875,0.023446318,0.056786418,0.45915318,0.1451541,0.01836573
ZJ017128,0.24544907,0.02777624,0.52138734,0.011775981,0.04793479,0.021420235,0.106606,0.017650358
ZJ017129,0.01959206,0.020014321,0.019873805,0.013691972,0.019979862,0.8740675,0.016248971,0.016531546
ZJ017130,0.040871456,0.02491492,0.025230834,0.014500648,0.01924239,0.8427167,0.0155479,0.016975211
ZJ017131,0.50448036,0.022743305,0.10999826,0.020832984,0.026428943,0.0857692,0.21490386,0.014843005
ZJ017132,0.08173094,0.7611594,0.014222329,0.013073704,0.018200293,0.024198234,0.06765451,0.019760534
ZJ017133,0.8821459,0.015920674,0.016963357,0.011783466,0.016605595,0.02521937,0.016658278,0.014703356
ZJ017134,0.018057091,0.01887732,0.030193452,0.012632168,0.024438143,0.8643878,0.015026592,0.016387375
ZJ017135,0.62289816,0.0188145,0.021766447,0.2349193,0.01127988,0.05676375,0.019236654,0.014321342
ZJ017136,0.027859095,0.016309334,0.014057058,0.013022884,0.017694771,0.8565222,0.043835547,0.010699151
ZJ017137,0.01723699,0.019841483,0.014255452,0.01748467,0.019382656,0.87927955,0.016494181,0.016025094
ZJ017138,0.35367605,0.4606966,0.08882754,0.019601125,0.013544596,0.024524022,0.021320974,0.01780913
ZJ017139,0.29858175,0.10015905,0.5061402,0.019921359,0.020640932,0.01732285,0.011564967,0.025668958
ZJ017140,0.05915263,0.037353806,0.807445,0.011586018,0.0150117725,0.039746758,0.01675953,0.012944499
ZJ017141,0.051204033,0.81953955,0.018892905,0.015278436,0.025082672,0.036955576,0.014575876,0.01847093
ZJ017142,0.039263234,0.018135766,0.02106967,0.011183339,0.017034214,0.02134521,0.017982513,0.8539861
ZJ017143,0.022616798,0.017272491,0.09429669,0.021084985,0.020343713,0.03258632,0.019996455,0.77180254
ZJ017144,0.066393614,0.008363528,0.7112459,0.008986836,0.018211946,0.1421477,0.031116907,0.013533634
ZJ017145,0.043047037,0.852012,0.023407847,0.015378239,0.015936399,0.018847724,0.010677951,0.020692868
ZJ017146,0.18665724,0.49702272,0.17089032,0.01922506,0.033565763,0.047355365,0.020510625,0.02477287
ZJ017147,0.13418058,0.026651373,0.26545492,0.023639375,0.019326827,0.0223685,0.4882668,0.0201116
ZJ017148,0.3730232,0.016579328,0.4233751,0.011489256,0.01517126,0.02496649,0.11341538,0.021980038
ZJ017149,0.57258886,0.057793457,0.029938707,0.015345121,0.018116696,0.011830441,0.28606892,0.008317872
ZJ017150,0.5465109,0.037812397,0.12594797,0.10846539,0.07923334,0.055799972,0.013900252,0.03232979
ZJ017151,0.01934172,0.0068804207,0.8698034,0.008884747,0.012587507,0.007813572,0.05617329,0.018515373
ZJ017152,0.41235563,0.014065283,0.42530677,0.020987613,0.021692667,0.022672413,0.06966096,0.013258706
ZJ017153,0.7705626,0.015070933,0.06969857,0.030468656,0.041154277,0.038585644,0.013823648,0.020635685
ZJ017154,0.0245554,0.012149765,0.016197732,0.010366193,0.014373156,0.022509037,0.8850867,0.014762038
ZJ017155,0.013405546,0.019387731,0.8172731,0.008568141,0.017757174,0.09984701,0.0077328607,0.016028527
ZJ017156,0.014411101,0.018044094,0.015101339,0.020473553,0.018374803,0.0150936665,0.8797949,0.018706575
ZJ017157,0.8259787,0.018149128,0.05947379,0.020657033,0.019283557,0.021896614,0.015444147,0.019117052
ZJ017158,0.04655262,0.82131284,0.02804249,0.019957116,0.018948,0.023660967,0.021470709,0.020055328
ZJ017159,0.11965307,0.6651368,0.07300425,0.017194629,0.03680871,0.03779881,0.018235635,0.032168087
ZJ017160,0.02467194,0.014066601,0.029161502,0.020693718,0.017116128,0.012284619,0.868481,0.013524492
ZJ017161,0.15174852,0.04589001,0.31697187,0.045460016,0.028756166,0.16401662,0.221027,0.026129777
ZJ017162,0.057953414,0.010729028,0.5548384,0.28698418,0.017559988,0.016658973,0.013207862,0.04206817
ZJ017163,0.04738821,0.019098043,0.025095208,0.010435781,0.019658906,0.023396008,0.020081578,0.8348462
ZJ017164,0.816853,0.020958997,0.011330046,0.06905543,0.031641893,0.027049884,0.00974872,0.013362028
ZJ017165,0.09107357,0.012052059,0.080084555,0.014417442,0.049147993,0.029620623,0.71284807,0.010755733
ZJ017166,0.8333449,0.014431067,0.04053789,0.01411553,0.015236531,0.030179664,0.040731125,0.011423322
ZJ017167,0.3087376,0.04359251,0.03450869,0.51198566,0.03824823,0.024432285,0.017086733,0.02140837
ZJ017168,0.4121674,0.03132774,0.18912981,0.17682348,0.050787456,0.080407195,0.023612756,0.03574418
ZJ017169,0.07646364,0.021992886,0.18073097,0.02188391,0.043210313,0.35044768,0.2856086,0.019662062
ZJ017170,0.6229339,0.023167653,0.18252102,0.03191385,0.04998393,0.03475398,0.029465029,0.025260618
ZJ017171,0.11167306,0.019723235,0.3434064,0.017924897,0.023744572,0.01981522,0.4511245,0.012588198
ZJ017172,0.058076303,0.78108156,0.050277885,0.01963286,0.015710825,0.030073497,0.015167244,0.029979814
ZJ017173,0.04200688,0.015033132,0.7627463,0.04754999,0.03267891,0.014102717,0.014972012,0.07091019
ZJ017174,0.1745392,0.01922486,0.11533751,0.08919861,0.45155364,0.045160968,0.024772242,0.08021299
ZJ017175,0.025162457,0.0109407725,0.021595517,0.009458235,0.009213628,0.01896761,0.013717051,0.89094466
ZJ017176,0.038791534,0.007823162,0.88829565,0.016857913,0.012582535,0.0093002925,0.00973949,0.016609436
ZJ017177,0.047311645,0.026588738,0.067738675,0.016994758,0.046706665,0.7399153,0.013736806,0.04100744
ZJ017178,0.14514123,0.015649911,0.36150977,0.027789563,0.027830377,0.028078908,0.37832054,0.015679697
ZJ017179,0.28777918,0.016853081,0.18882671,0.013431362,0.011741499,0.016009951,0.45301706,0.012341204
ZJ017180,0.02433979,0.008455296,0.898627,0.01018177,0.012240882,0.01805105,0.017496428,0.010607794
ZJ017181,0.11534985,0.009298349,0.3468568,0.013664971,0.46073475,0.014657579,0.017164547,0.022273162
ZJ017182,0.07489645,0.05036975,0.09292432,0.016818281,0.028618617,0.6442059,0.054608185,0.037558466
ZJ017183,0.84846973,0.026541153,0.021601414,0.020627601,0.019786546,0.019765599,0.025500953,0.017707042
ZJ017184,0.18832563,0.010859272,0.061452415,0.027472187,0.021212975,0.021074379,0.63815945,0.031443678
ZJ017185,0.38273808,0.015607178,0.3812197,0.0244297,0.02738133,0.03021649,0.11131739,0.027090086
ZJ017186,0.034114823,0.013582093,0.019966455,0.01575643,0.017041747,0.018078623,0.014305203,0.8671547
ZJ017187,0.08102923,0.007333641,0.8235424,0.014738892,0.010075627,0.01510217,0.022738984,0.025439102
ZJ017188,0.11958166,0.013287622,0.16654086,0.02489607,0.035709385,0.030877858,0.4531971,0.15590946
ZJ017189,0.04013137,0.85018533,0.026825448,0.01493098,0.018662518,0.02116007,0.011235852,0.016868446
ZJ017190,0.87056965,0.013836468,0.012478318,0.01929375,0.017709756,0.021119934,0.02402515,0.02096698
ZJ017191,0.85163033,0.019343838,0.019870669,0.01856073,0.01621064,0.028173689,0.02581175,0.020398384
ZJ017192,0.43862113,0.033665404,0.39908403,0.009221394,0.018423863,0.043425974,0.039294507,0.018263726
ZJ017193,0.032132123,0.01831215,0.034897946,0.03608333,0.01655751,0.016812129,0.016768351,0.8284365
ZJ017194,0.018029004,0.011474582,0.03202296,0.018434051,0.024079174,0.8636603,0.011166671,0.021133358
ZJ017195,0.76145786,0.025643468,0.057525255,0.054053765,0.025251312,0.033638608,0.014037418,0.028392283
ZJ017196,0.038491007,0.01116879,0.017203933,0.02281161,0.015544667,0.016846992,0.015325019,0.86260796
ZJ017197,0.09664633,0.7258482,0.03792088,0.014073146,0.03287137,0.028001893,0.048009504,0.016628621
ZJ017198,0.3243929,0.04714486,0.27665383,0.010463546,0.029241253,0.1175231,0.17366888,0.020911692
ZJ017199,0.025063833,0.017628623,0.01377702,0.106875755,0.020806082,0.7720478,0.013502759,0.030298112
ZJ017200,0.03728575,0.0065227807,0.6721112,0.021573717,0.0085237045,0.011747309,0.008799606,0.23343591
ZJ017201,0.71625936,0.0144939525,0.022771513,0.020528302,0.10175017,0.034829196,0.029558972,0.0598086
ZJ017202,0.26047012,0.087365024,0.44571677,0.019035356,0.07490968,0.066246465,0.029799763,0.016456932
ZJ017203,0.050897997,0.021417657,0.06817838,0.02713517,0.022097887,0.03591138,0.75160134,0.022760255
ZJ017204,0.065618135,0.010471189,0.8347727,0.009935107,0.009715721,0.021194672,0.039382953,0.008909518
ZJ017205,0.13513808,0.113363795,0.621454,0.01320714,0.018686501,0.05671978,0.019988593,0.0214421
ZJ017206,0.1156401,0.023474546,0.217532,0.021939253,0.017821224,0.022460824,0.56322396,0.01790815
ZJ017207,0.048262548,0.793818,0.051867545,0.019295733,0.011693051,0.019676477,0.0101604145,0.04522627
ZJ017208,0.05176242,0.016818514,0.21766822,0.12348812,0.019779112,0.01386371,0.018587826,0.5380321
ZJ017209,0.019041562,0.018806694,0.021425992,0.01725073,0.019011384,0.868381,0.017662011,0.018420635
ZJ017210,0.138757,0.10588298,0.47771388,0.021359866,0.017806461,0.08852234,0.090057164,0.059900295
ZJ017211,0.022488784,0.008848579,0.79349077,0.039278876,0.016051764,0.007609542,0.0070855925,0.10514613
ZJ017212,0.056540456,0.025989462,0.7129621,0.041497715,0.00900292,0.03851506,0.07103612,0.0444563
ZJ017213,0.04233108,0.018514236,0.11255791,0.028508106,0.018047974,0.017250674,0.044781405,0.71800864
ZJ017214,0.04255177,0.013800077,0.043937545,0.13963307,0.012116441,0.71062446,0.011689651,0.025647027
ZJ017215,0.8588523,0.02314337,0.031111319,0.018200358,0.017402003,0.018225431,0.012306786,0.020758403
ZJ017216,0.15493098,0.52634984,0.09265014,0.020897131,0.043211278,0.096622206,0.022149974,0.043188494
ZJ017217,0.88857883,0.015764467,0.011963456,0.016170697,0.018044487,0.017573474,0.012387901,0.019516716
ZJ017218,0.030513225,0.028464777,0.19345485,0.041108582,0.022363445,0.034747336,0.03345908,0.6158887
ZJ017219,0.16993049,0.32233682,0.36679617,0.019096814,0.021023152,0.03172211,0.047552705,0.02154178
ZJ017220,0.117129914,0.66374725,0.013367693,0.015122314,0.024684962,0.016082501,0.133438,0.016427372
ZJ017221,0.24176382,0.025216255,0.052505244,0.026355524,0.035832655,0.0481174,0.54461575,0.02559334
ZJ017222,0.028079728,0.009828219,0.025644427,0.010123354,0.009358844,0.019911565,0.013513534,0.88354033
ZJ017223,0.22528031,0.022101326,0.66829866,0.013602349,0.009340681,0.027349388,0.020402296,0.013624951
ZJ017224,0.015444619,0.014404656,0.029930625,0.018988429,0.019329913,0.025244897,0.86070216,0.015954724
ZJ017225,0.45887938,0.047259662,0.14709878,0.16516471,0.07303788,0.06266387,0.014569576,0.031326156
ZJ017226,0.617379,0.025694186,0.15767786,0.021031883,0.06866099,0.02953503,0.053156972,0.02686412
ZJ017227,0.023100238,0.022931354,0.039677586,0.02000658,0.020834716,0.82056445,0.028054481,0.024830664
ZJ017228,0.040279604,0.75593233,0.010973918,0.019458773,0.020231664,0.024991307,0.10704022,0.021092243
ZJ017229,0.61309433,0.010072874,0.11408397,0.046958525,0.054533757,0.08469598,0.011609199,0.06495137
ZJ017230,0.021165155,0.022417327,0.03145653,0.01975933,0.021782363,0.83970165,0.021730782,0.021986771
ZJ017231,0.03370756,0.07340967,0.7472636,0.01183291,0.011633259,0.05481359,0.016856307,0.050483074
ZJ017232,0.011404241,0.014185627,0.015572262,0.012876443,0.8949405,0.025265926,0.01039353,0.015361557
ZJ017233,0.021447644,0.020193461,0.027751414,0.012849703,0.017713321,0.8631574,0.017691923,0.019195076
ZJ017234,0.64500844,0.030247306,0.045957383,0.1562451,0.05063364,0.036816437,0.013668604,0.021423047
ZJ017235,0.44733506,0.017073123,0.26564303,0.01844439,0.07663946,0.020030618,0.12624922,0.028585125
ZJ017236,0.06143671,0.009843908,0.80771935,0.053365897,0.02136925,0.010607565,0.010502637,0.02515471
ZJ017237,0.02797312,0.03219362,0.08163686,0.009133614,0.055449296,0.7414248,0.016814519,0.035374176
ZJ017238,0.05688079,0.008926521,0.32747218,0.5163146,0.01860982,0.020534074,0.010811918,0.040450107
ZJ017239,0.042904433,0.0064175436,0.8836651,0.010300883,0.012108651,0.016635505,0.017384013,0.01058384
ZJ017240,0.5405783,0.23855732,0.07824535,0.01949987,0.056838986,0.02261675,0.02854663,0.015116806
ZJ017241,0.16213636,0.016272185,0.026297862,0.020774143,0.021462886,0.028401569,0.7072383,0.01741671
ZJ017242,0.81840605,0.024640273,0.0244923,0.015382565,0.013214803,0.016780797,0.07669864,0.010384616
ZJ017243,0.010451876,0.019394606,0.011878542,0.020438537,0.015593976,0.014311442,0.89269763,0.01523343
ZJ017244,0.07273425,0.009876372,0.8558717,0.0064817457,0.01149444,0.024179373,0.007531829,0.011830352
ZJ017245,0.12268411,0.032066293,0.70437366,0.020360708,0.0071817497,0.039684072,0.016045911,0.057603527
ZJ017246,0.35177165,0.18303218,0.37236604,0.010182622,0.011712596,0.011979585,0.04873543,0.010219856
ZJ017247,0.80304974,0.0067782695,0.06549116,0.012290679,0.018076805,0.017054684,0.053711712,0.023546897
ZJ017248,0.024708835,0.008623421,0.54735005,0.064914994,0.010162483,0.010218302,0.014647041,0.3193749
ZJ017249,0.029895365,0.020710709,0.060519613,0.02732781,0.74898684,0.024320377,0.019836541,0.06840276
ZJ017250,0.2435849,0.03847207,0.63493806,0.024879524,0.012131426,0.008623236,0.011126835,0.026243998
ZJ017251,0.052687097,0.031262625,0.044012107,0.0158333,0.016478527,0.032341413,0.7913505,0.016034547
ZJ017252,0.15178108,0.020393461,0.109286346,0.0339594,0.10675311,0.032802235,0.017554058,0.5274703
ZJ017253,0.014149013,0.029819185,0.6132145,0.073182344,0.023051014,0.16024302,0.05146013,0.03488077
ZJ017254,0.83456737,0.013876826,0.02610739,0.020129094,0.022724649,0.052744534,0.008957421,0.020892639
ZJ017255,0.39926413,0.019168783,0.3354048,0.016443074,0.023814963,0.042957306,0.13864988,0.024297088
ZJ017256,0.015454634,0.015423174,0.0128070265,0.017139345,0.016238917,0.02848491,0.8799966,0.014455375
ZJ017257,0.04581867,0.020669937,0.039606865,0.011756632,0.48827958,0.369125,0.009685523,0.015057779
ZJ017258,0.071878724,0.01416625,0.122486494,0.020341985,0.016203366,0.01408664,0.71926403,0.021572448
ZJ017259,0.097018726,0.021607116,0.29297858,0.064825915,0.03649957,0.011506303,0.030930152,0.4446337
ZJ017260,0.14009482,0.01625659,0.7705149,0.00863199,0.011595836,0.009790025,0.0077487947,0.03536697
ZJ017261,0.8670759,0.010313217,0.02451787,0.015111278,0.01856882,0.022594497,0.020742321,0.021076027
ZJ017262,0.07616717,0.017861953,0.17151149,0.042212695,0.027254228,0.020431867,0.60457945,0.03998118
ZJ017263,0.02767238,0.009037914,0.21072388,0.020884762,0.015276672,0.028064216,0.6708051,0.0175351
ZJ017264,0.07353301,0.83069754,0.015237483,0.012727149,0.021018444,0.020115871,0.017625663,0.00904481
ZJ017265,0.16714211,0.5557023,0.090814866,0.021009335,0.02668289,0.037021838,0.020615954,0.08101068
ZJ017266,0.85138696,0.014278605,0.025878495,0.017254155,0.016045164,0.044454776,0.012205151,0.018496698
ZJ017267,0.01793836,0.026002139,0.01668664,0.011144749,0.021247536,0.87403786,0.016407685,0.016535109
ZJ017268,0.6969866,0.03102459,0.06620659,0.0664308,0.04311326,0.060258605,0.015107862,0.020871688
ZJ017269,0.021666402,0.018275551,0.08641213,0.017804524,0.021130538,0.027789045,0.019835457,0.7870864
ZJ017270,0.07008902,0.007594049,0.85642356,0.020789469,0.01422055,0.0060129534,0.0063873115,0.018483102
ZJ017271,0.06465588,0.7933336,0.031956356,0.018982235,0.022207674,0.017970383,0.0115029765,0.039390955
ZJ017272,0.04039077,0.019741578,0.0807054,0.01893597,0.78150564,0.025811285,0.014409124,0.018500209
ZJ017273,0.7603493,0.016662713,0.09277104,0.01322373,0.012922214,0.047923625,0.04057208,0.015575342
ZJ017274,0.018491825,0.8908348,0.02085088,0.011388814,0.014743223,0.0130606145,0.0124354465,0.01819436
ZJ017275,0.15334804,0.009469158,0.7640664,0.012034993,0.008198059,0.028539399,0.0068175937,0.017526386
ZJ017276,0.046823572,0.02150953,0.05328044,0.0194964,0.029602572,0.7895418,0.019512897,0.020232774
ZJ017277,0.059524547,0.008194349,0.6904666,0.07831057,0.014373763,0.0123350965,0.010267384,0.12652765
ZJ017278,0.07723379,0.01595042,0.5171875,0.05857807,0.017883036,0.017515112,0.022195207,0.2734569
ZJ017279,0.24489458,0.025268046,0.4916949,0.012682094,0.016478071,0.020212626,0.16396382,0.02480592
ZJ017280,0.048654318,0.01789685,0.7916772,0.025309319,0.016344829,0.013520169,0.021672541,0.06492486
ZJ017281,0.08174262,0.05380258,0.021257555,0.01581437,0.0477585,0.030149166,0.7350634,0.014411825
ZJ017282,0.20772469,0.03226272,0.4766395,0.018041829,0.029835189,0.01923017,0.012763626,0.20350225
ZJ017283,0.24525766,0.08942368,0.31239846,0.026177779,0.027102454,0.051485598,0.22345817,0.02469619
ZJ017284,0.69695395,0.010902031,0.13953368,0.022767078,0.015310622,0.04048663,0.018105924,0.055940043
ZJ017285,0.033790257,0.023834929,0.2569588,0.048961934,0.016085817,0.03457524,0.022494225,0.5632988
ZJ017286,0.36148283,0.11724039,0.027819833,0.020562677,0.018806046,0.039352037,0.3908473,0.023888968
ZJ017287,0.07018171,0.6154457,0.09118996,0.0104538165,0.020728273,0.09487196,0.057756454,0.03937213
ZJ017288,0.893387,0.013657934,0.015000343,0.016943756,0.012063021,0.017627675,0.015650813,0.015669456
ZJ017289,0.17601764,0.08873956,0.61200905,0.016296763,0.020029357,0.017935066,0.009590461,0.059382107
ZJ017290,0.7096508,0.02521098,0.073125355,0.06902342,0.026850132,0.048425466,0.019215101,0.028498739
ZJ017291,0.029427243,0.017484521,0.58005387,0.019062692,0.011356405,0.30296856,0.025164152,0.014482613
ZJ017292,0.77180564,0.015439353,0.05350287,0.025086153,0.012473556,0.029925644,0.013158086,0.078608744
ZJ017293,0.7239155,0.0700675,0.09828998,0.01970124,0.03189436,0.01936206,0.021463757,0.015305543
ZJ017294,0.026337195,0.89096254,0.011798148,0.012678051,0.013978629,0.016246524,0.015985107,0.012013838
ZJ017295,0.049877577,0.018874288,0.029173374,0.011434693,0.023809038,0.0251789,0.04954936,0.79210275
ZJ017296,0.026552945,0.0217239,0.054959476,0.017422067,0.022304839,0.79493886,0.014347064,0.04775084
ZJ017297,0.082514815,0.0443695,0.22109933,0.041998427,0.01725696,0.114494935,0.44617125,0.032094765
ZJ017298,0.022764375,0.87524456,0.018313332,0.013061322,0.019277958,0.017373912,0.014565187,0.019399464
ZJ017299,0.31506094,0.033292327,0.37227613,0.011269739,0.008567589,0.091340326,0.109199695,0.058993287
ZJ017300,0.073883176,0.7322604,0.07466435,0.018490544,0.030372355,0.0214203,0.013712393,0.035196465
ZJ017301,0.1430367,0.004083742,0.656277,0.013696114,0.013321026,0.110070996,0.049067046,0.010447408
ZJ017302,0.7935742,0.007200671,0.06231804,0.012595703,0.014653454,0.019648572,0.07590656,0.014102801
ZJ017303,0.017775057,0.023604114,0.06431919,0.01633048,0.016047893,0.02150943,0.82411593,0.016297866
ZJ017304,0.035893686,0.021974878,0.031153506,0.01562013,0.019429505,0.83889437,0.019815927,0.017217975
ZJ017305,0.12491729,0.12714286,0.61756843,0.0130645875,0.019498894,0.02999935,0.022402406,0.04540621
ZJ017306,0.05817854,0.016742166,0.22126904,0.102006786,0.01688179,0.014675579,0.018783974,0.5514622
ZJ017307,0.45253167,0.042969007,0.27754065,0.013614728,0.028038567,0.047286373,0.11954395,0.018475085
ZJ017308,0.04378824,0.007888189,0.79644406,0.029567644,0.006525059,0.021640977,0.020843334,0.073302545
ZJ017309,0.48919412,0.019343901,0.39841434,0.012183971,0.014987061,0.01235652,0.022740534,0.030779576
ZJ017310,0.10162151,0.03287675,0.12783058,0.015979186,0.035932887,0.5781854,0.0769784,0.030595368
ZJ017311,0.04776109,0.0110069625,0.109154105,0.035421666,0.016533643,0.026214434,0.016579913,0.7373282
ZJ017312,0.028148199,0.019720927,0.019372454,0.013948053,0.013607802,0.016075438,0.017671708,0.8714554
ZJ017313,0.045113917,0.01943545,0.06252892,0.014016992,0.015227488,0.0139144985,0.813529,0.01623372
ZJ017314,0.29958996,0.019386714,0.049816888,0.04001273,0.026563048,0.046029314,0.49345922,0.025142113
ZJ017315,0.010371505,0.011754101,0.01931516,0.013563672,0.02117646,0.020459684,0.8857374,0.017622048
ZJ017316,0.7038932,0.017699713,0.1355439,0.021334361,0.052962065,0.023480838,0.025637358,0.019448608
ZJ017317,0.034599334,0.48675686,0.041518692,0.057237156,0.022258064,0.04927447,0.013648634,0.2947068
ZJ017318,0.8412911,0.026577208,0.05671064,0.012858837,0.012370796,0.016979113,0.021906955,0.011305309
ZJ017319,0.04285526,0.037955005,0.022702707,0.017447347,0.027450291,0.80182546,0.031211337,0.018552572
ZJ017320,0.11360424,0.01059699,0.74217904,0.006735553,0.020400511,0.029707855,0.014859143,0.06191662
ZJ017321,0.018203048,0.018186172,0.02141811,0.017708499,0.0357036,0.23071375,0.6413745,0.016692242
ZJ017322,0.86854935,0.01989952,0.0148265585,0.017874777,0.01746567,0.026255859,0.016996806,0.018131498
ZJ017323,0.028664974,0.34693417,0.28578302,0.022081507,0.02499346,0.087322295,0.12856364,0.07565691
ZJ017324,0.024772385,0.023262082,0.029094776,0.012319793,0.025472408,0.8480922,0.01420317,0.022783196
ZJ017325,0.026221761,0.021505898,0.09765308,0.03013202,0.6832041,0.031790238,0.02219905,0.087293915
ZJ017326,0.02127598,0.017318409,0.021022942,0.02296212,0.024992242,0.017584177,0.85596335,0.018880814
ZJ017327,0.04784528,0.014493691,0.05627376,0.019515263,0.021263812,0.027657488,0.7852068,0.027743885
ZJ017328,0.8767193,0.014597877,0.026180163,0.014715359,0.013492033,0.025594616,0.015425995,0.013274702
ZJ017329,0.07418118,0.021035528,0.6127133,0.08494403,0.123564936,0.01730707,0.019290665,0.04696331
ZJ017330,0.81985265,0.014694071,0.01745346,0.087513015,0.013716884,0.014113008,0.016686251,0.015970688
ZJ017331,0.019945428,0.023468979,0.023995351,0.015527815,0.024741247,0.85362023,0.020224659,0.018476224
ZJ017332,0.15443672,0.5461218,0.12728272,0.02468016,0.032424238,0.027023226,0.05298785,0.035043333
ZJ017333,0.8876085,0.008952255,0.026762068,0.015565704,0.015995294,0.022498488,0.011677454,0.010940284
ZJ017334,0.019549511,0.018743223,0.02323439,0.017938627,0.02727784,0.8484053,0.019211506,0.025639644
ZJ017335,0.34466097,0.018018985,0.3349529,0.029473608,0.06388699,0.035978135,0.1428378,0.030190632
ZJ017336,0.12759475,0.03661983,0.09043127,0.024614457,0.0217316,0.09594976,0.55848294,0.044575438
ZJ017337,0.016654564,0.009717861,0.01580946,0.019090855,0.01491196,0.01591989,0.89301795,0.01487748
ZJ017338,0.35471842,0.020566959,0.29553622,0.013637026,0.041156,0.088234685,0.16603409,0.020116603
ZJ017339,0.8030471,0.01509002,0.045692626,0.027100638,0.026202897,0.02369833,0.037163448,0.02200496
ZJ017340,0.04689407,0.8172035,0.03206734,0.02314878,0.025162086,0.024397604,0.012035272,0.019091344
ZJ017341,0.075834334,0.019343391,0.624344,0.11022122,0.044613432,0.044589352,0.014255513,0.0667988
ZJ017342,0.021215394,0.07151151,0.02371689,0.020311942,0.02002055,0.033215106,0.021181999,0.78882664
ZJ017343,0.018597791,0.02162145,0.027035369,0.021493753,0.022900747,0.014361093,0.8543097,0.019680072
ZJ017344,0.042561114,0.8539669,0.026962018,0.010641925,0.015767284,0.026253749,0.00938899,0.014457978
ZJ017345,0.017668217,0.021518132,0.027204294,0.019802375,0.013906538,0.013569525,0.8720108,0.01432009
ZJ017346,0.021348778,0.016376026,0.09833517,0.018613337,0.02771453,0.04815927,0.75144064,0.018012289
ZJ017347,0.54148877,0.017139679,0.14340536,0.011607582,0.043720562,0.037981953,0.09723107,0.107425086
ZJ017348,0.39796564,0.43965283,0.011849633,0.021267926,0.029804626,0.03703521,0.04535202,0.01707209
ZJ017349,0.021606885,0.029226905,0.018733842,0.016663684,0.01958372,0.8599941,0.015428483,0.018762367
ZJ017350,0.6192693,0.019275418,0.23552103,0.009552161,0.026244735,0.012062404,0.037761785,0.040313147
ZJ017351,0.043028247,0.011683953,0.70464265,0.023603464,0.03019549,0.035375968,0.015520016,0.13595025
ZJ017352,0.10447601,0.015239156,0.5452343,0.06106778,0.037914485,0.010443555,0.023737732,0.201887
ZJ017353,0.8785109,0.021245776,0.018143656,0.015365175,0.016070059,0.02038541,0.015258324,0.0150207495
ZJ017354,0.04750663,0.01403617,0.051926143,0.020116894,0.022260964,0.021311484,0.020008443,0.80283326
ZJ017355,0.09163054,0.011608773,0.5114099,0.17261015,0.12147444,0.017345693,0.009345873,0.06457468
ZJ017356,0.4603285,0.014618161,0.10336977,0.018297086,0.03770331,0.02070312,0.3031534,0.041826654
ZJ017357,0.0929227,0.04551309,0.67634594,0.014361543,0.019724691,0.009580033,0.116334096,0.02521794
ZJ017358,0.06994416,0.013566344,0.45450506,0.011277248,0.025429849,0.38688192,0.0235847,0.014810693
ZJ017359,0.20842116,0.017976094,0.12428196,0.019743904,0.032255385,0.042172354,0.22182827,0.33332086
ZJ017360,0.041693054,0.8345186,0.027748024,0.016551854,0.01853048,0.018144835,0.01218962,0.030623479
ZJ017361,0.10000892,0.015875122,0.45362702,0.020406188,0.013411278,0.018449713,0.015152524,0.36306927
ZJ017362,0.71319455,0.020372218,0.109599985,0.012560504,0.011558042,0.0332661,0.08397285,0.015475795
ZJ017363,0.14608537,0.053353596,0.038229596,0.040140197,0.031268988,0.57935256,0.07845291,0.033116825
ZJ017364,0.8249015,0.017084526,0.07812698,0.020629466,0.008308801,0.018514385,0.014236686,0.018197695
ZJ017365,0.021303175,0.008486651,0.9026446,0.010784772,0.012418038,0.01681792,0.016881786,0.010663061
ZJ017366,0.2878514,0.020864172,0.2816635,0.010407092,0.01821985,0.02531456,0.33414194,0.021537513
ZJ017367,0.056184925,0.015435654,0.11617239,0.044779517,0.02299744,0.022043992,0.020745344,0.7016407
ZJ017368,0.04316771,0.041999634,0.11763368,0.023433765,0.04008927,0.6791308,0.023038896,0.0315063
ZJ017369,0.02298415,0.022094844,0.033823058,0.014906302,0.02286336,0.8420788,0.020305831,0.020943698
ZJ017370,0.051643312,0.018646901,0.4566168,0.024234002,0.033377584,0.027935201,0.36207673,0.025469482
ZJ017371,0.1475532,0.018160118,0.41973004,0.017332025,0.0205783,0.029475585,0.32621336,0.020957371
ZJ017372,0.036669996,0.02970383,0.013550785,0.011116221,0.015360546,0.83042014,0.05210051,0.011078022
ZJ017373,0.051911723,0.0078030988,0.65375483,0.11624175,0.015496269,0.015503228,0.01200698,0.12728213
ZJ017374,0.09460326,0.012380676,0.019830255,0.020055184,0.019768322,0.024048666,0.7931859,0.016127748
ZJ017375,0.01945276,0.023778748,0.029085118,0.012734813,0.021552147,0.86036664,0.01311469,0.019915126
ZJ017376,0.035676476,0.0064573227,0.89051527,0.009874691,0.0071727745,0.018688852,0.018788237,0.012826425
ZJ017377,0.75110537,0.008750742,0.16073982,0.015051412,0.011287465,0.016234888,0.007907374,0.02892299
ZJ017378,0.023873394,0.8387038,0.033605244,0.017860448,0.020411119,0.02163708,0.025002975,0.01890588
ZJ017379,0.019825764,0.02038391,0.019663218,0.025697315,0.020879949,0.01654885,0.8609282,0.016072894
ZJ017380,0.6830724,0.017407935,0.22417231,0.012587355,0.008019085,0.018595247,0.010724519,0.025421182
ZJ017381,0.5358073,0.030122507,0.23935616,0.023180628,0.08461798,0.02720641,0.046192296,0.013516701
ZJ017382,0.16896072,0.017871857,0.4659082,0.05988081,0.02588291,0.025139714,0.03567875,0.20067696
ZJ017383,0.027171293,0.009266568,0.89436036,0.02232268,0.006512285,0.011807579,0.009691893,0.018867314
ZJ017384,0.06930533,0.8134527,0.026230365,0.018458141,0.017870393,0.019912256,0.012658298,0.022112485
ZJ017385,0.2670481,0.13820115,0.20062695,0.018616667,0.04082076,0.1985341,0.11822086,0.017931474
ZJ017386,0.120836735,0.6760344,0.056474354,0.018362476,0.059581526,0.029035518,0.020087048,0.019587973
ZJ017387,0.052510656,0.017622577,0.050688785,0.032079056,0.026379663,0.027879855,0.7669634,0.02587602
ZJ017388,0.62631625,0.03133137,0.10474139,0.016774097,0.016627116,0.025041891,0.15687308,0.022294749
ZJ017389,0.014529196,0.0060780775,0.5932175,0.00923902,0.09814333,0.24012792,0.029179472,0.009485503
ZJ017390,0.014339517,0.015132676,0.009342275,0.017331487,0.016155198,0.015033548,0.8993837,0.013281587
ZJ017391,0.25201318,0.01760461,0.341958,0.02634195,0.03418147,0.037535615,0.26321003,0.027155116
ZJ017392,0.035918973,0.012819238,0.8601886,0.038751025,0.0088096205,0.016580524,0.007638346,0.019293621
ZJ017393,0.021927923,0.022946812,0.019370943,0.016423738,0.022138445,0.859042,0.017059663,0.021090532
ZJ017394,0.054955553,0.028245742,0.23568456,0.07924086,0.0182964,0.059206486,0.02652654,0.4978439
ZJ017395,0.048121683,0.02368562,0.02668785,0.014241456,0.018815588,0.8341818,0.018006474,0.016259639
ZJ017396,0.03470538,0.014308867,0.071676336,0.78696764,0.02142546,0.015831975,0.016603304,0.038481075
ZJ017397,0.022420814,0.019371951,0.015986636,0.020154955,0.019493291,0.024159381,0.86383975,0.014573231
ZJ017398,0.44193086,0.0179945,0.27500555,0.028379668,0.045985024,0.046427745,0.10829313,0.03598353
ZJ017399,0.86513567,0.020883309,0.0150077315,0.0151344035,0.020420147,0.029006857,0.013392599,0.02101928
ZJ017400,0.8806344,0.016378157,0.009781934,0.01874709,0.017895803,0.026309881,0.015377032,0.014875801
ZJ017401,0.015499473,0.009734223,0.018878287,0.019227788,0.017222214,0.015658764,0.88943523,0.014344074
ZJ017402,0.8582241,0.013704297,0.011315503,0.016896615,0.014147604,0.020306425,0.04647566,0.018929806
ZJ017403,0.8557192,0.019136406,0.021107528,0.017527603,0.016992709,0.037008803,0.013594605,0.018913087
ZJ017404,0.17570618,0.0134198535,0.032419097,0.033294097,0.030530432,0.02346672,0.069324486,0.62183917
ZJ017405,0.05153932,0.004130361,0.8758998,0.008646045,0.009286075,0.008456867,0.0280276,0.014013939
ZJ017406,0.17555057,0.007885486,0.7432308,0.009999948,0.007615577,0.009408959,0.019820161,0.026488516
ZJ017407,0.03343577,0.016050158,0.012325361,0.02050679,0.020140955,0.021792144,0.018248437,0.8575005
ZJ017408,0.093749575,0.7436255,0.012539993,0.026652059,0.023186928,0.025125423,0.04339036,0.03173016
ZJ017409,0.05695337,0.017045327,0.12231802,0.019242164,0.7162185,0.03697993,0.013450751,0.017792013
ZJ017410,0.039929386,0.66805094,0.010194415,0.019746019,0.019438468,0.12389421,0.1002198,0.018526785
ZJ017411,0.8793225,0.017434446,0.012529193,0.017156512,0.020195385,0.020079752,0.013669349,0.019612787
ZJ017412,0.16065872,0.009518345,0.7288007,0.019719426,0.022038681,0.017582279,0.01721427,0.024467563
ZJ017413,0.037329625,0.0067553082,0.89116377,0.010193813,0.012010686,0.015387313,0.017232198,0.009927401
ZJ017414,0.6527483,0.036992025,0.07058572,0.08968451,0.048335187,0.037449304,0.016385717,0.047819283
ZJ017415,0.3202482,0.010232386,0.5502885,0.0065829805,0.023353536,0.02089023,0.035438344,0.032965824
ZJ017416,0.040105015,0.0125966165,0.524585,0.11186793,0.016314803,0.02428178,0.02391922,0.24632962
ZJ017417,0.6840637,0.02710106,0.04434693,0.023519654,0.01701087,0.016482258,0.17271285,0.014762725
ZJ017418,0.6872892,0.012014288,0.20500422,0.017470798,0.012600857,0.016936345,0.027025048,0.02165932
ZJ017419,0.2364832,0.10713314,0.2636147,0.031238202,0.042052872,0.027348055,0.17261656,0.119513325
ZJ017420,0.25636125,0.016177889,0.039026823,0.036814895,0.04100011,0.02011763,0.57323515,0.017266259
ZJ017421,0.20474748,0.050268985,0.040557288,0.0397193,0.05307878,0.073133655,0.051755335,0.48673916
ZJ017422,0.68835163,0.0116243735,0.10151229,0.040897433,0.00791202,0.01660993,0.0052667405,0.12782556
ZJ017423,0.056229718,0.021697963,0.033416446,0.012288617,0.014205513,0.029477704,0.026215995,0.806468
ZJ017424,0.05274704,0.009729009,0.8315306,0.024174329,0.009606288,0.0104466695,0.011692842,0.050073236
ZJ017425,0.0359054,0.026068857,0.036115807,0.015387169,0.022687346,0.8255442,0.01999825,0.018293023
ZJ017426,0.08373883,0.022975883,0.5232377,0.011283978,0.02442631,0.018964168,0.25786602,0.057507068
ZJ017427,0.0384626,0.01552695,0.049805425,0.017241083,0.020700404,0.014237157,0.82436985,0.019656532
ZJ017428,0.030158967,0.04875825,0.6318944,0.018586999,0.089363895,0.026621958,0.05414752,0.10046806
ZJ017429,0.39027184,0.013910954,0.43617207,0.011129592,0.018227229,0.019888228,0.092980124,0.017420044
ZJ017430,0.04271067,0.020646622,0.07779705,0.020965286,0.025435993,0.013824105,0.77093375,0.027686566
ZJ017431,0.23767047,0.014191317,0.43969393,0.019935213,0.029129416,0.17834091,0.028298074,0.052740622
ZJ017432,0.03627874,0.5712484,0.015679238,0.096383266,0.020666763,0.026077077,0.013805605,0.21986094
ZJ017433,0.022912677,0.012667297,0.026705503,0.020109003,0.018245554,0.020175187,0.86362994,0.015554922
ZJ017434,0.029176278,0.017742168,0.033674724,0.035859194,0.022659523,0.027373452,0.8093848,0.024129791
ZJ017435,0.025924942,0.009406422,0.75132316,0.08004035,0.016662642,0.008615896,0.008245706,0.09978094
ZJ017436,0.03278164,0.020363178,0.09301368,0.017050665,0.019554185,0.027100686,0.028400956,0.7617351
ZJ017437,0.8789627,0.016484981,0.033930425,0.0129129365,0.013051324,0.018265115,0.014243903,0.012148677
ZJ017438,0.037843943,0.011080576,0.83584493,0.04528578,0.016263856,0.0127613265,0.014002402,0.026917247
ZJ017439,0.049630105,0.022990476,0.20476042,0.050200522,0.025274618,0.04262374,0.028601125,0.575919
ZJ017440,0.86502784,0.017336294,0.012873595,0.017585859,0.017664922,0.026069501,0.019768495,0.023673503
ZJ017441,0.02334163,0.008040237,0.90255946,0.009914952,0.010931919,0.018529996,0.016672274,0.010009483
ZJ017442,0.02033013,0.018325204,0.027284686,0.016897138,0.02131938,0.862564,0.014606291,0.018673226
ZJ017443,0.10723146,0.009169349,0.47723508,0.051666345,0.013168573,0.026249578,0.020583585,0.294696
ZJ017444,0.025656411,0.02146559,0.03852235,0.013976245,0.020474112,0.82642424,0.032047734,0.021433232
ZJ017445,0.12145161,0.016969165,0.20837872,0.03776939,0.54046005,0.036569014,0.012319039,0.02608305
ZJ017446,0.122553825,0.0041528717,0.7502638,0.0055191936,0.009790134,0.011160134,0.02246507,0.07409497
ZJ017447,0.87383217,0.011675058,0.021402068,0.019638224,0.016322711,0.018246252,0.018517798,0.02036569
ZJ017448,0.03721669,0.012077595,0.82254565,0.050180163,0.009285415,0.022835296,0.01424999,0.03160929
ZJ017449,0.020200387,0.020521346,0.06265842,0.018191824,0.016820764,0.02170945,0.82319635,0.016701438
ZJ017450,0.062989354,0.74548197,0.08892515,0.01974073,0.027038245,0.01843715,0.0143390475,0.023048319
ZJ017451,0.23725365,0.38978216,0.23464027,0.025485361,0.029248131,0.022518298,0.018700207,0.042371936
ZJ017452,0.026347494,0.0071894876,0.8915995,0.03844134,0.0068679317,0.009982678,0.0068421685,0.012729499
ZJ017453,0.07776273,0.014962092,0.16803585,0.021223364,0.030233908,0.031743824,0.10036315,0.555675
ZJ017454,0.88276005,0.01724206,0.029093444,0.012340791,0.017691342,0.016217945,0.0126041835,0.012050136
ZJ017455,0.084028065,0.023128854,0.32691628,0.00651853,0.029201642,0.064097665,0.015507949,0.450601
ZJ017456,0.120562196,0.010629675,0.78326285,0.021825243,0.01845652,0.0120249605,0.011239099,0.02199947
ZJ017457,0.042051174,0.013368309,0.21157673,0.013863272,0.024979403,0.6570073,0.019355796,0.01779808
ZJ017458,0.5043418,0.021200517,0.19739525,0.021681441,0.037972387,0.020608854,0.06931648,0.12748334
ZJ017459,0.076891996,0.77089614,0.015315791,0.014123067,0.018253114,0.02627708,0.05573864,0.022504132
ZJ017460,0.044469353,0.009083848,0.04687201,0.033007607,0.016299808,0.020179484,0.016238037,0.81384987
ZJ017461,0.19866155,0.016971162,0.6732389,0.013472063,0.0149806915,0.014492731,0.03858882,0.029594142
ZJ017462,0.037516713,0.023354312,0.12475302,0.027352003,0.023031712,0.67447096,0.015358324,0.07416301
ZJ017463,0.029092833,0.027342672,0.6207925,0.17979251,0.028797615,0.0434695,0.04334764,0.027364705
ZJ017464,0.37174588,0.09300413,0.35410428,0.02406825,0.04210722,0.047096588,0.026360352,0.041513283
ZJ017465,0.080924734,0.7688356,0.02946882,0.018632283,0.024066983,0.045423392,0.013381138,0.01926708
ZJ017466,0.75587434,0.021038717,0.09452044,0.026848359,0.025782818,0.025277346,0.012479567,0.038178485
ZJ017467,0.10927182,0.009751085,0.7401469,0.03661288,0.019211492,0.010463999,0.010788697,0.063753165
ZJ017468,0.02909239,0.02224893,0.028282372,0.01774182,0.023707727,0.84321165,0.017319513,0.018395558
ZJ017469,0.61971825,0.04111665,0.11482655,0.10435498,0.028596697,0.031859886,0.014493898,0.045032986
ZJ017470,0.16747133,0.12571971,0.14671798,0.027570112,0.027515668,0.44871756,0.034063578,0.022224046
ZJ017471,0.16546682,0.013017431,0.7193702,0.029265502,0.012847784,0.024548208,0.013122975,0.022361139
ZJ017472,0.33157706,0.017398087,0.26367983,0.010948503,0.037265904,0.06657592,0.22212434,0.050430357
ZJ017473,0.016196264,0.009907036,0.016060306,0.01920797,0.01623995,0.01487121,0.89331913,0.014198102
ZJ017474,0.034891006,0.01346266,0.018985523,0.014714065,0.018919742,0.018155962,0.8696831,0.011187971
ZJ017475,0.14722918,0.49072114,0.23485652,0.025689,0.033215206,0.019277988,0.014664108,0.034346875
ZJ017476,0.014399201,0.017743684,0.015147074,0.020065807,0.017961804,0.014630488,0.88226616,0.01778583
ZJ017477,0.041540504,0.017512232,0.09564324,0.77223825,0.026598608,0.014982054,0.015623654,0.01586144
ZJ017478,0.46491405,0.01432611,0.33530754,0.016914865,0.038610715,0.025908664,0.067180626,0.03683748
ZJ017479,0.026767015,0.8933854,0.008596286,0.010183779,0.01235618,0.016243285,0.019083157,0.013384834
ZJ017480,0.01706609,0.019661335,0.026907772,0.020967131,0.015728785,0.012281199,0.8714709,0.015916755
ZJ017481,0.021698063,0.009144798,0.8984724,0.010995045,0.012717101,0.019143386,0.01693039,0.010898816
ZJ017482,0.72428036,0.013601749,0.18603829,0.009113696,0.013905569,0.03807828,0.009223158,0.0057589463
ZJ017483,0.30592778,0.086855404,0.032625984,0.022674888,0.01920451,0.039340507,0.4695815,0.023789413
ZJ017484,0.072152,0.014370434,0.33394247,0.010783767,0.022950327,0.51144457,0.01718145,0.017175032
ZJ017485,0.45143372,0.010764299,0.06930081,0.02604554,0.023581624,0.023760622,0.37073708,0.024376312
ZJ017486,0.76027024,0.026310293,0.058858305,0.05440817,0.017747996,0.021468341,0.013996369,0.04694029
ZJ017487,0.80765593,0.022413185,0.033952683,0.05896653,0.021406159,0.020587627,0.014086845,0.020931127
ZJ017488,0.8664405,0.012762653,0.035166748,0.017883189,0.015193278,0.019513013,0.009960466,0.02308017
ZJ017489,0.15962052,0.009567205,0.75621176,0.011551342,0.007582129,0.010492167,0.016505579,0.02846927
ZJ017490,0.16437873,0.010120866,0.53811455,0.09887758,0.02419401,0.01973687,0.019529331,0.12504798
ZJ017491,0.36056823,0.02542719,0.050799202,0.026692603,0.05058233,0.02863804,0.03434038,0.4229521
ZJ017492,0.25932094,0.018376177,0.5104036,0.017601391,0.021831214,0.038506187,0.106926695,0.027033776
ZJ017493,0.6486803,0.03602494,0.050531697,0.019546522,0.040324677,0.022061909,0.031548418,0.15128154
ZJ017494,0.03463887,0.7711089,0.06601352,0.01111605,0.021806806,0.051645346,0.025460197,0.018210296
ZJ017495,0.022562752,0.88362974,0.013402573,0.011025937,0.017509963,0.022484014,0.014543736,0.014841335
ZJ017496,0.21309412,0.019817023,0.4107127,0.016962057,0.026289586,0.030954827,0.21508561,0.06708409
ZJ017497,0.025620071,0.049327742,0.40756154,0.025402073,0.016410915,0.39767456,0.058755722,0.019247383
ZJ017498,0.7244918,0.009994973,0.15791582,0.012405914,0.03875067,0.019051857,0.017692594,0.019696413
ZJ017499,0.19154215,0.027898235,0.26546186,0.030245844,0.05687616,0.034802534,0.07343961,0.31973368
ZJ017500,0.052204467,0.012277769,0.0744035,0.040142983,0.019874986,0.017603895,0.017779995,0.7657124
ZJ017501,0.8636465,0.017392078,0.019813482,0.01732932,0.02268534,0.02776261,0.016873894,0.014496756
ZJ017502,0.112163536,0.027172009,0.069087006,0.032507613,0.03905354,0.023800155,0.67688483,0.019331316
ZJ017503,0.13575798,0.0053369724,0.77979934,0.016565943,0.014981823,0.009222026,0.008113669,0.030222291
ZJ017504,0.018951694,0.020207101,0.021791315,0.019596055,0.022147134,0.0136778625,0.864676,0.018952832
ZJ017505,0.64031553,0.016042253,0.10480925,0.010227362,0.0071301865,0.017262757,0.18565418,0.018558452
ZJ017506,0.7540551,0.03183464,0.068036065,0.04724565,0.021448722,0.027899746,0.016507925,0.03297224
ZJ017507,0.22311354,0.0074480176,0.71011513,0.012408345,0.014164485,0.009634193,0.007055866,0.01606043
ZJ017508,0.07065197,0.009266474,0.59982646,0.10028046,0.08557986,0.013640475,0.008999381,0.11175492
ZJ017509,0.036407202,0.030240685,0.07915487,0.019864853,0.031935908,0.75854117,0.01978338,0.024071954
ZJ017510,0.13003714,0.028019218,0.5323616,0.013951117,0.046437185,0.04738971,0.18862323,0.013180785
ZJ017511,0.8707868,0.017806485,0.013196992,0.018514205,0.018253712,0.029322643,0.014391494,0.017727751
ZJ017512,0.01738008,0.013490018,0.016549472,0.021626798,0.019113204,0.01307249,0.87624425,0.022523755
ZJ017513,0.025258875,0.02535948,0.020632818,0.010240885,0.018310837,0.8620249,0.021405924,0.01676632
ZJ017514,0.079069234,0.019791376,0.7102404,0.015866416,0.01622943,0.031273644,0.11490472,0.012624735
ZJ017515,0.26045993,0.31779304,0.158953,0.023355434,0.04257945,0.048023064,0.03029736,0.11853874
ZJ017516,0.020551503,0.014938816,0.058143955,0.0131173795,0.020646773,0.02247922,0.0133721875,0.8367502
ZJ017517,0.014684151,0.017607167,0.012331511,0.017865084,0.016767455,0.012658847,0.8943688,0.013716948
ZJ017518,0.11145314,0.014372105,0.7622711,0.015186741,0.012522975,0.012977496,0.03977945,0.031436987
ZJ017519,0.04878149,0.021650197,0.11071403,0.032670557,0.031556882,0.027505845,0.7007331,0.026387945
ZJ017520,0.062844254,0.0055207713,0.84997827,0.0404731,0.01042856,0.004787819,0.00643588,0.019531375
ZJ017521,0.04502318,0.00971543,0.22706962,0.021418866,0.017475143,0.029206255,0.018209875,0.63188165
ZJ017522,0.06613452,0.021949368,0.065157406,0.016688257,0.020791134,0.024401838,0.70029294,0.08458456
ZJ017523,0.065660134,0.010982837,0.7663887,0.018444499,0.03269827,0.044306636,0.007726422,0.053792518
ZJ017524,0.021475704,0.015453202,0.026600862,0.021539604,0.015398333,0.0109965885,0.8756962,0.012839514
ZJ017525,0.017551202,0.010892012,0.019032348,0.017140122,0.01084943,0.010742855,0.9003846,0.013407469
ZJ017526,0.15585795,0.20992024,0.07059734,0.013672887,0.022865064,0.026047101,0.48332697,0.017712513
ZJ017527,0.03284281,0.87534344,0.011163834,0.011967999,0.020318918,0.022744088,0.012775555,0.012843377
ZJ017528,0.031198455,0.011594625,0.043069445,0.01987521,0.014143528,0.010855514,0.85804194,0.011221259
ZJ017529,0.88831246,0.015478631,0.021116639,0.010967794,0.012015836,0.027487783,0.010326569,0.014294396
ZJ017530,0.86989754,0.018903378,0.018229458,0.014168948,0.01904552,0.021332493,0.017723843,0.020698812
ZJ017531,0.018906074,0.016151864,0.027718792,0.01669318,0.022140829,0.864491,0.014315978,0.019582275
ZJ017532,0.18438093,0.0065529197,0.71624386,0.020142624,0.012334752,0.034924567,0.0108063985,0.01461398
ZJ017533,0.39202413,0.012506274,0.40604636,0.015275094,0.03395036,0.022923747,0.08639258,0.030881464
ZJ017534,0.17812674,0.5999983,0.020100202,0.014806417,0.022397744,0.023428438,0.11855928,0.022582864
ZJ017535,0.024477916,0.8516018,0.014963055,0.015491012,0.019213622,0.043412272,0.015879223,0.014961098
ZJ017536,0.16030984,0.01552923,0.70692533,0.028563231,0.02420953,0.02001992,0.020302704,0.024140192
ZJ017537,0.028328944,0.00803464,0.8680566,0.049902055,0.006819894,0.0126628075,0.0091117425,0.017083256
ZJ017538,0.2088136,0.061624415,0.52440804,0.018210603,0.08697035,0.04634809,0.038457308,0.015167601
ZJ017539,0.013279381,0.016098963,0.015983235,0.020007266,0.026675973,0.016211981,0.8742264,0.017516786
ZJ017540,0.04341391,0.012228169,0.6615708,0.009474813,0.014050878,0.09105413,0.15412585,0.014081511
ZJ017541,0.8086999,0.010155606,0.062123436,0.034524832,0.0064640604,0.0129069155,0.0053099026,0.059815343
ZJ017542,0.1468313,0.019586956,0.7367007,0.014527616,0.02189459,0.013504254,0.026370928,0.02058364
ZJ017543,0.24971922,0.02157993,0.12129847,0.019120708,0.034426566,0.032782804,0.39892194,0.122150354
ZJ017544,0.27164492,0.016990488,0.22655766,0.018132396,0.009035273,0.06312246,0.0059250346,0.3885918
ZJ017545,0.22052221,0.0094840545,0.66714627,0.009624776,0.018662121,0.034678366,0.026657162,0.013225059
ZJ017546,0.034686495,0.009738275,0.86482525,0.019322328,0.008164546,0.009437417,0.010263442,0.043562274
ZJ017547,0.049026508,0.013599195,0.05322007,0.019988636,0.022269137,0.013630318,0.8070755,0.021190593
ZJ017548,0.6188997,0.010172045,0.27211773,0.016963843,0.017474588,0.019641666,0.025161643,0.0195688
ZJ017549,0.021726007,0.022357084,0.04063813,0.009540804,0.020511115,0.8581166,0.01376347,0.013346806
ZJ017550,0.10331589,0.008695229,0.75630397,0.03503671,0.00827065,0.024862265,0.01567733,0.04783797
ZJ017551,0.39743432,0.010254966,0.46468925,0.011974349,0.0199611,0.020896921,0.014022104,0.060766965
ZJ017552,0.019410817,0.024103394,0.022777645,0.021964282,0.029367251,0.015279414,0.8410436,0.026053637
ZJ017553,0.5801848,0.029475173,0.20442529,0.038639184,0.040593687,0.017919196,0.01651172,0.072250985
ZJ017554,0.033083722,0.8476508,0.03156623,0.016572386,0.015976546,0.022572258,0.011254867,0.021323157
ZJ017555,0.8634445,0.0156409,0.031131497,0.012833177,0.0125461845,0.022450643,0.019556208,0.022396801
ZJ017556,0.03797256,0.02016597,0.040967334,0.018380199,0.036696047,0.8072244,0.018899556,0.019693924
ZJ017557,0.06644077,0.01006291,0.8078236,0.014602608,0.0076681054,0.020541271,0.010351648,0.062509075
ZJ017558,0.027445659,0.20940125,0.013697532,0.01468643,0.06118253,0.37804332,0.2791624,0.016380908
ZJ017559,0.05903415,0.008110642,0.83774245,0.01787523,0.0089539,0.03142965,0.009799584,0.027054435
ZJ017560,0.5762539,0.01483455,0.13828228,0.017355045,0.011714003,0.0670358,0.15862906,0.015895423
ZJ017561,0.7090068,0.034120668,0.070982106,0.07070021,0.03539909,0.031000853,0.014344856,0.0344454
ZJ017562,0.024995554,0.008640673,0.77039975,0.07109429,0.016910037,0.008458854,0.007718476,0.091782354
ZJ017563,0.016707864,0.023136867,0.014724615,0.010678391,0.023235736,0.87773544,0.017235817,0.016545277
ZJ017564,0.17038117,0.049360294,0.6445362,0.013331792,0.017731337,0.016492417,0.008686322,0.07948044
ZJ017565,0.12539577,0.0137805,0.7452126,0.043991353,0.009926881,0.026277522,0.010855077,0.024560325
ZJ017566,0.04480257,0.016417451,0.093976036,0.061502364,0.018446067,0.038173977,0.01647112,0.71021044
ZJ017567,0.0218136,0.025889615,0.038308676,0.019057136,0.02254192,0.82539064,0.02470858,0.022289818
ZJ017568,0.019283071,0.019971723,0.01481343,0.016187675,0.016810872,0.019331789,0.87947893,0.014122463
ZJ017569,0.39597,0.06270801,0.14595976,0.2269037,0.060267102,0.042233925,0.013882189,0.052075345
ZJ017570,0.016270561,0.028108874,0.014425442,0.011423901,0.022758996,0.8737796,0.016702507,0.016530238
ZJ017571,0.34064156,0.18304895,0.04022227,0.022891799,0.019799208,0.0662802,0.30554733,0.021568706
ZJ017572,0.76698744,0.02258938,0.0463381,0.045467354,0.03316719,0.04057196,0.015803356,0.029075215
ZJ017573,0.25694934,0.02193399,0.07550871,0.020693963,0.5643248,0.020505548,0.020975124,0.01910852
ZJ017574,0.0594622,0.8200512,0.024639845,0.018507725,0.018197455,0.024804352,0.012388793,0.021948414
ZJ017575,0.09383808,0.73489416,0.042818587,0.0134532,0.036435373,0.028040707,0.035464406,0.015055569
ZJ017576,0.04900024,0.008236094,0.7125143,0.021693388,0.018089145,0.015713325,0.013525038,0.16122851
ZJ017577,0.052049067,0.011703665,0.01084515,0.024604931,0.018902538,0.025350476,0.839304,0.017240256
ZJ017578,0.027818585,0.026426068,0.04204407,0.021857377,0.019112429,0.016704857,0.8308682,0.0151684005
ZJ017579,0.03985187,0.84823817,0.018137004,0.013202135,0.01812546,0.022599166,0.025579361,0.014266865
ZJ017580,0.03212603,0.014236122,0.2503699,0.018175377,0.6334207,0.015086653,0.015048866,0.02153632
ZJ017581,0.16789317,0.22554846,0.15071951,0.024708925,0.03884944,0.07393752,0.04425907,0.27408394
ZJ017582,0.022248426,0.023277199,0.021394461,0.015954858,0.030561034,0.8490349,0.01792398,0.019605257
ZJ017583,0.097020425,0.017667012,0.7641966,0.01847391,0.008929538,0.018417431,0.034881342,0.0404138
ZJ017584,0.024363842,0.016129138,0.009329904,0.016699199,0.023396432,0.029907087,0.86517966,0.014994807
ZJ017585,0.019090606,0.01469168,0.021303702,0.028441329,0.019980265,0.013765186,0.8621727,0.020554507
ZJ017586,0.040207785,0.82428724,0.033140697,0.022638708,0.01920603,0.023922611,0.016334767,0.020262195
ZJ017587,0.80242723,0.022252085,0.057172276,0.023531629,0.024946399,0.024467733,0.022660738,0.022541905
ZJ017588,0.039049648,0.013162996,0.03681096,0.024560293,0.024458837,0.019435486,0.82252675,0.019995062
ZJ017589,0.13863015,0.07596376,0.08177881,0.016110577,0.0229713,0.022730136,0.48628607,0.15552919
ZJ017590,0.03702363,0.7437162,0.071426004,0.018328695,0.020200677,0.027221322,0.020175004,0.061908484
ZJ017591,0.108128905,0.019196672,0.3256969,0.05576858,0.023395713,0.36298302,0.008030588,0.09679967
ZJ017592,0.3176178,0.009038966,0.58004004,0.020397808,0.014795597,0.010815258,0.023680365,0.023614148
ZJ017593,0.017093915,0.0153279845,0.02324827,0.011241524,0.061003413,0.8482157,0.01469038,0.009178846
ZJ017594,0.2687296,0.0072980337,0.33015868,0.01589643,0.02885806,0.023608996,0.28750402,0.03794619
ZJ017595,0.06746637,0.012263849,0.815765,0.01255281,0.01980339,0.034294695,0.018486505,0.019367374
ZJ017596,0.016946523,0.023999896,0.014919474,0.011854283,0.021537619,0.8722171,0.021613812,0.016911294
ZJ017597,0.25274634,0.012732768,0.55386114,0.01026563,0.012424882,0.023781909,0.08130497,0.052882385
ZJ017598,0.038375773,0.025284732,0.034006625,0.015978223,0.019740125,0.83200645,0.016556557,0.018051524
ZJ017599,0.015918566,0.018007834,0.016661176,0.015575661,0.025221182,0.8782032,0.014684401,0.015727932
ZJ017600,0.75073236,0.020936979,0.10401406,0.015025322,0.03898648,0.019278968,0.02317733,0.027848503
ZJ017601,0.11822291,0.003948209,0.77365553,0.011955063,0.018341562,0.027175112,0.016274028,0.03042755
ZJ017602,0.34797615,0.012559962,0.057952374,0.033827584,0.027839199,0.020881196,0.46904856,0.02991499
ZJ017603,0.050505854,0.040791504,0.3710918,0.017381867,0.076629125,0.3275303,0.062863626,0.053205974
ZJ017604,0.2873056,0.017462946,0.24865043,0.014515399,0.32898438,0.047362525,0.022888293,0.032830432
ZJ017605,0.8053748,0.011479671,0.015744058,0.016505912,0.014255884,0.016814748,0.09853902,0.021285838
ZJ017606,0.021168238,0.010615804,0.016954875,0.018884595,0.016693998,0.015709845,0.8859841,0.01398848
ZJ017607,0.6114971,0.012932385,0.13041118,0.06075234,0.008700334,0.017508194,0.005904196,0.1522942
ZJ017608,0.11876061,0.7624879,0.03326239,0.017581632,0.021672515,0.014877463,0.011601008,0.019756464
ZJ017609,0.21310869,0.015442237,0.5948076,0.010391944,0.015647477,0.046177577,0.088673055,0.015751418
ZJ017610,0.047443375,0.020355476,0.66966146,0.026941735,0.013820283,0.031399004,0.020449866,0.16992885
ZJ017611,0.12833774,0.01725693,0.06788308,0.034299772,0.6545456,0.018682986,0.012152329,0.06684162
ZJ017612,0.64635736,0.0141132325,0.015171373,0.015191445,0.25478813,0.023067286,0.019332234,0.011978945
ZJ017613,0.50316745,0.029691203,0.07719299,0.08041233,0.027459318,0.028626172,0.019560717,0.2338899
ZJ017614,0.88487923,0.015861345,0.017210104,0.013073093,0.014921029,0.024898462,0.012307192,0.016849576
ZJ017615,0.10151416,0.012681879,0.20905462,0.0093978215,0.05412825,0.05284056,0.026708364,0.53367436
ZJ017616,0.017739717,0.0191532,0.028543634,0.020223921,0.016071549,0.011239638,0.87123984,0.015788555
ZJ017617,0.03819136,0.8336202,0.025402835,0.016716842,0.025858654,0.02875244,0.014320557,0.017137198
ZJ017618,0.56401145,0.02973394,0.038422916,0.26280707,0.03447157,0.032645985,0.01392365,0.023983404
ZJ017619,0.04701164,0.019333923,0.023726474,0.010592402,0.019583484,0.022147909,0.019891527,0.8377126
ZJ017620,0.01858502,0.018172784,0.027001714,0.020982573,0.015367585,0.011644948,0.8739195,0.014325909
ZJ017621,0.07722813,0.1539499,0.15528639,0.012121516,0.013931598,0.022096502,0.022070095,0.54331595
ZJ017622,0.064555906,0.7118576,0.07873418,0.027721072,0.029179841,0.032531712,0.033512946,0.021906711
ZJ017623,0.41190335,0.012842223,0.49255416,0.0129447,0.011269863,0.028067216,0.008208541,0.022209955
ZJ017624,0.06807681,0.009034161,0.8390156,0.014240677,0.010352082,0.019536842,0.016222408,0.023521436
ZJ017625,0.826196,0.018379236,0.025442202,0.022154411,0.017551733,0.02584174,0.04111045,0.023324225
ZJ017626,0.4386278,0.038347527,0.11569901,0.030218596,0.032749552,0.049360137,0.26475602,0.030241389
ZJ017627,0.0340082,0.009825214,0.16828027,0.011522241,0.014225188,0.029482324,0.71711653,0.015540043
ZJ017628,0.31392318,0.043137684,0.55496705,0.009742081,0.0123836985,0.011125757,0.043339547,0.011381042
ZJ017629,0.02513327,0.0063332417,0.801249,0.05074678,0.0070175924,0.006446893,0.00886631,0.09420686
ZJ017630,0.018621748,0.0239228,0.028143737,0.025561234,0.023718482,0.022970697,0.83461,0.022451313
ZJ017631,0.06589545,0.0078679845,0.8280217,0.02968209,0.011027646,0.019266669,0.010282143,0.027956322
ZJ017632,0.09517651,0.79390013,0.03213155,0.013930196,0.018776571,0.015315165,0.012102389,0.01866749
ZJ017633,0.025317295,0.016565211,0.015470612,0.023066713,0.021114884,0.013675312,0.8673922,0.017397804
ZJ017634,0.74005336,0.011596657,0.013113746,0.019328004,0.018084614,0.037327696,0.079267085,0.081228875
ZJ017635,0.030546246,0.030878225,0.01845914,0.017661631,0.027919639,0.8292534,0.022786485,0.022495255
ZJ017636,0.041263912,0.012845019,0.039435234,0.021526873,0.019623883,0.020238651,0.016273495,0.828793
ZJ017637,0.8758112,0.028776497,0.008235026,0.011419826,0.01890015,0.030718097,0.01266844,0.0134707345
ZJ017638,0.040183235,0.15724452,0.012337542,0.021123469,0.025489686,0.020060614,0.7026982,0.020862801
ZJ017639,0.8724373,0.017607588,0.014960584,0.017667225,0.015520662,0.02181539,0.022723207,0.017268075
ZJ017640,0.056270707,0.01311708,0.60429657,0.021485848,0.013468278,0.028487934,0.23850584,0.024367772
ZJ017641,0.035955396,0.7778135,0.081258304,0.019206304,0.02444363,0.028437627,0.011757693,0.021127596
ZJ017642,0.05278743,0.013083892,0.070289426,0.022718573,0.023813589,0.02232453,0.02048374,0.7744988
ZJ017643,0.5870573,0.032368112,0.043194454,0.05728128,0.023842832,0.054126747,0.02431441,0.17781486
ZJ017644,0.741978,0.02289164,0.052034218,0.058479488,0.031120012,0.05622992,0.016152425,0.02111431
ZJ017645,0.17116182,0.0069829994,0.7501994,0.01350725,0.016791187,0.014194789,0.01165584,0.015506737
ZJ017646,0.04058787,0.83842963,0.025372548,0.02035494,0.016701244,0.021605039,0.019618183,0.017330525
ZJ017647,0.0333131,0.008137206,0.84205544,0.027771479,0.013601685,0.016113184,0.018006597,0.041001305
ZJ017648,0.772209,0.027139515,0.04022785,0.045179155,0.02644281,0.05229026,0.016782014,0.019729434
ZJ017649,0.06460389,0.011745052,0.04287557,0.8190017,0.02248136,0.01245693,0.016502518,0.010333026
ZJ017650,0.05995744,0.40712094,0.14810947,0.015803417,0.14526413,0.088828824,0.10841433,0.02650145
ZJ017651,0.031087503,0.8793511,0.013697569,0.011056306,0.01389074,0.018737672,0.019698758,0.012480359
ZJ017652,0.03441791,0.83980435,0.03280321,0.01741185,0.021666352,0.017337007,0.01678639,0.019772917
ZJ017653,0.772751,0.01360966,0.11400503,0.014481681,0.014483106,0.051264476,0.0076588425,0.01174631
ZJ017654,0.025070915,0.026594564,0.026233539,0.020663565,0.027578328,0.82440805,0.02160014,0.027850917
ZJ017655,0.11777303,0.010450044,0.6421699,0.0741277,0.032392666,0.013009093,0.021245059,0.08883258
ZJ017656,0.056899767,0.017322356,0.36873886,0.012317078,0.016767742,0.4937969,0.01397859,0.020178711
ZJ017657,0.11004706,0.07891969,0.07423796,0.02527151,0.025543798,0.61945534,0.047804035,0.018720618
ZJ017658,0.14909302,0.008487928,0.7579654,0.0149709955,0.019513449,0.014036325,0.016202781,0.019730194
ZJ017659,0.051577836,0.026282666,0.83522624,0.021239495,0.013164512,0.024714991,0.011621495,0.016172713
ZJ017660,0.8688164,0.019343873,0.018117199,0.013900167,0.01952119,0.021420473,0.017537493,0.0213432
ZJ017661,0.63458216,0.016582403,0.0942557,0.03967768,0.016673233,0.01855122,0.027367353,0.15231027
ZJ017662,0.24259524,0.011909976,0.4577794,0.015948296,0.020126814,0.18983035,0.029007195,0.032802712
ZJ017663,0.57808125,0.0275969,0.22644989,0.02392674,0.050669916,0.031152144,0.025436599,0.03668658
ZJ017664,0.075598195,0.018478729,0.11605274,0.029350087,0.025074396,0.031841546,0.6839551,0.019649254
ZJ017665,0.04888467,0.8234029,0.01924249,0.013534635,0.020161197,0.03003085,0.029093457,0.015649838
ZJ017666,0.021105144,0.019906202,0.016702665,0.020812977,0.021572446,0.02186242,0.8506594,0.027378771
ZJ017667,0.0182487,0.018545588,0.018146068,0.017074812,0.025252545,0.86452544,0.016484845,0.02172198
ZJ017668,0.047893018,0.8050108,0.058036294,0.020258088,0.022467202,0.015419272,0.013364402,0.017550934
ZJ017669,0.15879151,0.71247435,0.01907876,0.017604452,0.018129019,0.021121789,0.030144036,0.022656111
ZJ017670,0.030890176,0.008826491,0.7699191,0.078411765,0.01824607,0.008330402,0.009054233,0.07632178
ZJ017671,0.90047216,0.013209308,0.019517083,0.01146218,0.01466429,0.018008923,0.009804176,0.012861857
ZJ017672,0.02769067,0.07688867,0.7100405,0.04295367,0.021058625,0.061742008,0.017184967,0.04244084
ZJ017673,0.022689823,0.0076447227,0.8519034,0.037422415,0.013152736,0.0062121646,0.006215546,0.054759283
ZJ017674,0.023130018,0.014173317,0.28622842,0.031747654,0.06951233,0.53925127,0.01747226,0.01848476
ZJ017675,0.88740987,0.014079154,0.016544405,0.016405577,0.013989602,0.019263897,0.014100189,0.01820726
ZJ017676,0.2791873,0.61280394,0.021750359,0.010536435,0.019395148,0.026558492,0.019173594,0.010594793
ZJ017677,0.42514735,0.0059526,0.277549,0.020334177,0.039697975,0.034186225,0.17964144,0.017491264
ZJ017678,0.023966812,0.8680876,0.021276647,0.017494146,0.020086452,0.018095916,0.014049746,0.016942678
ZJ017679,0.09678662,0.03293246,0.68739295,0.013969843,0.021488264,0.01932941,0.039011847,0.08908862
ZJ017680,0.104214884,0.015610724,0.33112088,0.01330784,0.029778672,0.07895837,0.41293502,0.014073622
ZJ017681,0.11642944,0.027502647,0.0282933,0.013981724,0.020081783,0.020518271,0.763303,0.009889845
ZJ017682,0.12478951,0.005837542,0.79483056,0.0106407385,0.010854962,0.007997775,0.006507974,0.038540915
ZJ017683,0.3718532,0.04495218,0.042005524,0.037320144,0.03840381,0.081114925,0.031820007,0.3525302
ZJ017684,0.4564608,0.018686486,0.10272174,0.018463617,0.02679998,0.016049223,0.3440543,0.016763855
ZJ017685,0.040736906,0.015628448,0.8488518,0.040632065,0.010972045,0.019184481,0.008354425,0.015639856
ZJ017686,0.05897993,0.09041746,0.46191725,0.014269376,0.011973844,0.18857849,0.15679172,0.017071893
ZJ017687,0.054439228,0.16567263,0.50404954,0.026134646,0.014451745,0.16105752,0.025414938,0.048779726
ZJ017688,0.43694955,0.03767537,0.14891665,0.13570933,0.09381891,0.09794184,0.01580843,0.033179946
ZJ017689,0.08755336,0.706903,0.050968867,0.024716495,0.030114029,0.026955923,0.048957903,0.023830427
ZJ017690,0.7851816,0.025634795,0.042282313,0.017301014,0.019141058,0.026857907,0.01971782,0.063883536
ZJ017691,0.024792427,0.012836394,0.036195204,0.018631868,0.017782314,0.016134877,0.8522734,0.021353569
ZJ017692,0.39749774,0.022566438,0.06983634,0.015224081,0.013498353,0.077881806,0.011776601,0.39171866
ZJ017693,0.016647225,0.023095293,0.015236693,0.010813738,0.022311741,0.88110507,0.014565319,0.016224962
ZJ017694,0.07371415,0.008315915,0.8194734,0.013136501,0.009648328,0.015482194,0.03776439,0.022465205
ZJ017695,0.022309555,0.008649859,0.90069246,0.010613083,0.012019924,0.016017666,0.019443188,0.010254303
ZJ017696,0.035281267,0.02149582,0.061565127,0.053679325,0.04068447,0.58415467,0.024774982,0.17836435
ZJ017697,0.016323393,0.012866928,0.014937051,0.021729855,0.018270096,0.012398337,0.8823248,0.021149611
ZJ017698,0.87637424,0.024221858,0.009907923,0.015950097,0.015100176,0.017835755,0.027524812,0.013085126
ZJ017699,0.17578515,0.008314708,0.6797076,0.015625753,0.027292317,0.015647987,0.061236292,0.016390197
ZJ017700,0.09518644,0.010733063,0.46366158,0.100000575,0.0104674,0.016084025,0.019470315,0.28439662
ZJ017701,0.06394208,0.024274467,0.07191032,0.030676523,0.03347184,0.022296712,0.7342574,0.019170607
ZJ017702,0.016214648,0.013005239,0.45796606,0.13238391,0.030640533,0.043881953,0.024702331,0.28120536
ZJ017703,0.37784076,0.01030419,0.4518725,0.015922466,0.03888017,0.01911003,0.072503455,0.013566459
ZJ017704,0.60591716,0.028721273,0.2760795,0.01032109,0.016808996,0.010323839,0.02410286,0.027725369
ZJ017705,0.1378911,0.035181426,0.57595557,0.01592919,0.017120967,0.032471146,0.17045932,0.014991346
ZJ017706,0.08888669,0.65494126,0.08641317,0.041567814,0.034771997,0.03871596,0.02001142,0.034691785
ZJ017707,0.10111617,0.010086649,0.725593,0.02672391,0.01047683,0.015175156,0.010600363,0.10022795
ZJ017708,0.5359728,0.02031954,0.20810258,0.024685778,0.04329179,0.061668545,0.07205685,0.033902172
ZJ017709,0.74644184,0.033052426,0.023160037,0.0330988,0.02288719,0.037488483,0.016147705,0.0877235
ZJ017710,0.084106475,0.58932483,0.11127349,0.02828497,0.029581279,0.02755279,0.07068167,0.059194505
ZJ017711,0.33937374,0.022993466,0.034721114,0.021795327,0.03642729,0.03215095,0.030116996,0.48242107
ZJ017712,0.20082751,0.061638493,0.45562288,0.13509202,0.02451779,0.03686461,0.0525798,0.032856915
ZJ017713,0.021870213,0.008929573,0.8963481,0.010875203,0.012012489,0.018882398,0.019887773,0.0111942645
ZJ017714,0.8770049,0.018918838,0.0153436735,0.013088772,0.018901376,0.026354028,0.017786292,0.012602091
ZJ017715,0.24516974,0.010833382,0.65236634,0.009874138,0.014926403,0.021665476,0.014645921,0.030518651
ZJ017716,0.023275636,0.015854973,0.019584805,0.014053585,0.028636647,0.021782113,0.8607666,0.016045693
ZJ017717,0.86412746,0.01718148,0.024037188,0.020568833,0.016481843,0.021869088,0.015985468,0.019748623
ZJ017718,0.8556302,0.020976601,0.015968267,0.020855522,0.01824503,0.028040364,0.020430997,0.019853039
ZJ017719,0.02424252,0.88896734,0.01761422,0.012349741,0.01460611,0.01488611,0.012368141,0.014965755
ZJ017720,0.027163496,0.8603463,0.0140958605,0.01640762,0.023237908,0.027257863,0.011847361,0.019643605
ZJ017721,0.32531214,0.015732465,0.5452143,0.016781785,0.015710203,0.017092517,0.011046199,0.053110432
ZJ017722,0.04772594,0.8227529,0.03156573,0.015928993,0.019066473,0.031006655,0.013100142,0.018853271
ZJ017723,0.45701548,0.018412171,0.3788657,0.022332465,0.02352625,0.02273122,0.056226034,0.020890726
ZJ017724,0.019459572,0.020364827,0.017002577,0.016050877,0.022199271,0.870866,0.013922676,0.020134166
ZJ017725,0.024819804,0.0058549778,0.85733527,0.02820446,0.012772548,0.005722768,0.007381059,0.057909172
ZJ017726,0.20354445,0.29065314,0.18272431,0.023039816,0.031122575,0.13027291,0.029576281,0.10906651
ZJ017727,0.02134676,0.008947079,0.7310433,0.028885765,0.0218607,0.01626317,0.019005885,0.15264748
ZJ017728,0.043599106,0.018593356,0.04802482,0.02733303,0.016800202,0.016255453,0.8104815,0.018912531
ZJ017729,0.8755526,0.019283937,0.0144414455,0.015535766,0.018610299,0.025791997,0.016673883,0.0141101545
ZJ017730,0.13666208,0.015454024,0.72537196,0.022222469,0.011280283,0.013563449,0.014982081,0.060463693
ZJ017731,0.23009038,0.025545523,0.65182287,0.008219323,0.0138858585,0.031416938,0.027762363,0.011256798
ZJ017732,0.79030913,0.018279275,0.025245324,0.018749375,0.023416907,0.020017628,0.07810942,0.025872905
ZJ017733,0.0289689,0.025417894,0.03303246,0.015282516,0.030810812,0.8204336,0.02744112,0.018612698
ZJ017734,0.03954994,0.04683349,0.08692114,0.017432136,0.015467415,0.74339354,0.033328474,0.017073864
ZJ017735,0.0445151,0.011954605,0.8568141,0.031134337,0.00757523,0.01692201,0.018295337,0.012789312
ZJ017736,0.60089654,0.054067086,0.17420258,0.014682907,0.08335121,0.015052422,0.013574128,0.04417311
ZJ017737,0.25186977,0.1471335,0.13062309,0.021413747,0.036472168,0.070405476,0.03687379,0.30520844
ZJ017738,0.26333767,0.08700083,0.4579846,0.018941004,0.051580913,0.068073116,0.03622682,0.01685507
ZJ017739,0.020335117,0.016642898,0.011355204,0.8864729,0.02149644,0.020202754,0.015961125,0.0075335773
ZJ017740,0.063423194,0.006500019,0.72525364,0.049566098,0.009734459,0.01587155,0.015609291,0.114041746
ZJ017741,0.13162753,0.023350863,0.045713898,0.5279048,0.017524822,0.22471344,0.014211635,0.0149530275
ZJ017742,0.06191812,0.8095538,0.03079598,0.01793187,0.024768664,0.025912458,0.008723067,0.020396037
ZJ017743,0.3174836,0.35530803,0.121917985,0.018513834,0.104426146,0.03426862,0.026491243,0.02159056
ZJ017744,0.056842387,0.012587264,0.7413967,0.1275706,0.010877695,0.018843299,0.010591048,0.021290993
ZJ017745,0.06586518,0.7495031,0.089424595,0.0181582,0.023803188,0.016488295,0.0151033,0.021654166
ZJ017746,0.2627588,0.17347613,0.4487492,0.022450417,0.02623712,0.021041512,0.013278936,0.032007918
ZJ017747,0.10401849,0.014274985,0.4497857,0.049174108,0.022035092,0.07033354,0.018484743,0.27189344
ZJ017748,0.33148035,0.16498011,0.17370437,0.015973894,0.028436398,0.14248951,0.120105945,0.022829412
ZJ017749,0.23427932,0.030951608,0.096938245,0.017262025,0.10842102,0.0192973,0.02541305,0.46743748
ZJ017750,0.8449132,0.013605078,0.013826867,0.01914671,0.023872556,0.025841847,0.044271734,0.014521974
ZJ017751,0.2849365,0.025634363,0.13817303,0.035736687,0.03597323,0.037942257,0.41129455,0.030309442
ZJ017752,0.011934708,0.017669618,0.010804205,0.018404152,0.018613746,0.015325138,0.89162654,0.015621908
ZJ017753,0.68846977,0.19486566,0.015199094,0.01557723,0.018405402,0.02860115,0.015953867,0.022927908
ZJ017754,0.050641466,0.7976977,0.028795809,0.020323638,0.028757948,0.035323206,0.016088538,0.022371693
ZJ017755,0.11052268,0.0129800355,0.035643235,0.02568369,0.029876336,0.031632088,0.044300172,0.7093618
ZJ017756,0.030680275,0.017649228,0.031466935,0.034860857,0.021650767,0.017788654,0.8166782,0.02922509
ZJ017757,0.054816045,0.010216529,0.57414484,0.008711751,0.30281612,0.011533178,0.017464016,0.020297533
ZJ017758,0.020842735,0.01886106,0.023576554,0.016573673,0.02284883,0.8569318,0.019388152,0.02097732
ZJ017759,0.122641504,0.019569093,0.016461415,0.0142402155,0.7755845,0.019105429,0.018451938,0.013945892
ZJ017760,0.052035548,0.69104695,0.11147892,0.013015056,0.01997649,0.02229825,0.03235022,0.057798635
ZJ017761,0.09216335,0.72426945,0.07431949,0.022062046,0.020914307,0.018149527,0.02371736,0.024404485
ZJ017762,0.42877427,0.07546329,0.029738236,0.013084608,0.22908424,0.1350746,0.07722743,0.011553376
ZJ017763,0.10429429,0.0058470704,0.7457747,0.03635971,0.019025391,0.027390813,0.022434441,0.03887359
ZJ017764,0.028264744,0.020189522,0.029990567,0.017929068,0.018292403,0.016971305,0.8538045,0.014557979
ZJ017765,0.24476889,0.029758846,0.35595173,0.019490823,0.027271524,0.27940458,0.016969636,0.026384031
ZJ017766,0.15469478,0.025055945,0.2881678,0.009643905,0.015199888,0.020087317,0.021471394,0.465679
ZJ017767,0.8785122,0.02157914,0.013633055,0.014296996,0.017253282,0.022957623,0.016279576,0.015488041
ZJ017768,0.064047426,0.7609151,0.050849468,0.013905532,0.03197619,0.02612271,0.016824016,0.035359595
ZJ017769,0.48183185,0.09151649,0.25663728,0.017452622,0.0753819,0.020274645,0.035353452,0.021551847
ZJ017770,0.046326365,0.020186517,0.8619569,0.012586909,0.010148468,0.011855917,0.009970534,0.026968492
ZJ017771,0.021381212,0.013797737,0.02044254,0.012762131,0.017285429,0.015845437,0.8886048,0.009880707
ZJ017772,0.017565262,0.011167501,0.016813556,0.015798373,0.87264156,0.035013787,0.011524822,0.01947511
ZJ017773,0.0136404885,0.01912496,0.030920712,0.024728188,0.016606415,0.01496149,0.8669066,0.013111226
ZJ017774,0.1111271,0.010320247,0.7061202,0.029853234,0.01061182,0.02065403,0.013273785,0.09803959
ZJ017775,0.028943593,0.007208792,0.8977852,0.013481411,0.007919001,0.0122501785,0.016693354,0.0157185
ZJ017776,0.04945411,0.01132824,0.061650198,0.022627747,0.018560203,0.021352693,0.018289074,0.79673773
ZJ017777,0.7674379,0.014853271,0.018504987,0.12994108,0.012216571,0.020520076,0.017528797,0.018997354
ZJ017778,0.04851272,0.019039115,0.022857651,0.010323166,0.018799126,0.023137972,0.019237844,0.8380923
ZJ017779,0.029370422,0.04519813,0.6574898,0.01779851,0.08449795,0.025137827,0.05145168,0.08905571
ZJ017780,0.042201687,0.17937055,0.28030798,0.02878857,0.016776035,0.3176081,0.02331136,0.11163576
ZJ017781,0.8586516,0.018325735,0.014789897,0.019782523,0.02041359,0.027924953,0.018047491,0.022064293
ZJ017782,0.8429724,0.01845764,0.014511565,0.014047465,0.016330652,0.055440057,0.020214979,0.018025272
ZJ017783,0.51552916,0.037141737,0.33364776,0.022031864,0.02313849,0.02120743,0.029479092,0.017824512
ZJ017784,0.037165098,0.022709586,0.03529944,0.015724791,0.020276744,0.83325464,0.018177694,0.017392023
ZJ017785,0.4985648,0.012597524,0.03234105,0.021947248,0.027749274,0.07679069,0.31034112,0.019668309
ZJ017786,0.042427722,0.019380083,0.02429316,0.011768504,0.017859308,0.022591596,0.01899165,0.842688
ZJ017787,0.02589018,0.007197657,0.90327084,0.030613113,0.0062089236,0.009767272,0.005501406,0.011550683
ZJ017788,0.016167993,0.019858796,0.018542446,0.020923931,0.01717988,0.011002018,0.8802406,0.016084313
ZJ017789,0.80133504,0.019828139,0.049199827,0.019046703,0.01902575,0.052313037,0.012798237,0.02645332
ZJ017790,0.03970578,0.017445702,0.38703996,0.021333681,0.47919056,0.021323,0.012078509,0.02188283
ZJ017791,0.8309742,0.011101169,0.082012795,0.014794013,0.011562087,0.020929782,0.016147058,0.012478962
ZJ017792,0.11677303,0.0085381735,0.6991524,0.009435462,0.016393563,0.08998417,0.044649612,0.015073629
ZJ017793,0.034167256,0.019840105,0.047339614,0.039619926,0.023098841,0.017333305,0.78621256,0.03238837
ZJ017794,0.05453628,0.8222527,0.037902173,0.015356943,0.021935899,0.023648804,0.007414972,0.016952254
ZJ017795,0.023048183,0.008693128,0.8977222,0.01083209,0.012443195,0.019412596,0.016797766,0.011050864
ZJ017796,0.015156711,0.037270114,0.72915214,0.0410147,0.012311222,0.056069266,0.070039116,0.038986694
ZJ017797,0.016759396,0.030019749,0.049607404,0.0138959335,0.018061621,0.81926054,0.025586847,0.026808543
ZJ017798,0.13513398,0.009827628,0.66896755,0.03742643,0.08741169,0.016261145,0.00720466,0.03776694
ZJ017799,0.45137024,0.0095158145,0.43567172,0.015721356,0.028841237,0.013880707,0.018473802,0.026525114
ZJ017800,0.7507987,0.015128917,0.087832876,0.017849684,0.05307092,0.022724299,0.022435958,0.030158594
ZJ017801,0.037531905,0.02279873,0.03926569,0.019133292,0.025690624,0.8173238,0.018190099,0.020065872
ZJ017802,0.2974355,0.032358736,0.5014836,0.01218412,0.016649691,0.015847964,0.092457846,0.0315825
ZJ017803,0.793473,0.040538307,0.043550093,0.015535407,0.055808604,0.020555452,0.017996943,0.012542114
ZJ017804,0.026978428,0.0066957073,0.8606173,0.015168509,0.015222313,0.010019342,0.020670978,0.044627488
ZJ017805,0.0151224155,0.03702128,0.6337928,0.014324262,0.09585026,0.1370399,0.027743107,0.039106008
ZJ017806,0.5232537,0.09426136,0.06860701,0.018847859,0.0112237455,0.01870801,0.16197626,0.10312202
ZJ017807,0.07833489,0.016370121,0.13242976,0.13791694,0.022881296,0.021956949,0.014668739,0.5754413
ZJ017808,0.28701118,0.013088425,0.26568508,0.02582773,0.019994965,0.068365216,0.30032986,0.019697586
ZJ017809,0.86955416,0.0153460605,0.0105824685,0.019923015,0.017409923,0.027222428,0.021197317,0.018764751
ZJ017810,0.014033034,0.015358745,0.013209524,0.019388502,0.014172191,0.011624186,0.897134,0.015079709
ZJ017811,0.1477739,0.5173468,0.18008934,0.028322903,0.038225897,0.046199255,0.015403546,0.026638377
ZJ017812,0.02016722,0.0080856485,0.9063015,0.010329625,0.011208983,0.018024065,0.01597079,0.009912225
ZJ017813,0.21297987,0.017160466,0.63410443,0.0118911285,0.01837279,0.01421117,0.064614885,0.02666526
ZJ017814,0.027748672,0.0145791,0.019114867,0.019309724,0.018802939,0.017848674,0.015609617,0.86698645
ZJ017815,0.017228445,0.028339947,0.015670875,0.011490167,0.022295967,0.87351286,0.015071051,0.016390808
ZJ017816,0.07757514,0.011937849,0.7605262,0.071453005,0.018924762,0.0118326545,0.02060995,0.027140487
ZJ017817,0.26962453,0.0253718,0.48614845,0.014036722,0.07688894,0.011852077,0.10177245,0.014305013
ZJ017818,0.023087366,0.014197272,0.49096546,0.010691061,0.017523693,0.39880887,0.028353,0.016373277
ZJ017819,0.02840049,0.008285034,0.6272872,0.047113925,0.011406427,0.012285822,0.013276217,0.25194484
ZJ017820,0.69360775,0.04033337,0.08133352,0.07144379,0.028543895,0.03303964,0.014283319,0.03741479
ZJ017821,0.29826507,0.020232068,0.5750362,0.01115664,0.02396044,0.015401566,0.030732233,0.025215674
ZJ017822,0.015056344,0.008460367,0.024285829,0.012442437,0.04802553,0.8718937,0.008506186,0.011329594
ZJ017823,0.1622004,0.008604953,0.7271233,0.015877092,0.025752155,0.014253645,0.029422153,0.01676633
ZJ017824,0.07090013,0.016793003,0.041473355,0.03332418,0.023749588,0.033196595,0.75751776,0.023045434
ZJ017825,0.20083748,0.008704623,0.6784948,0.017969795,0.019318111,0.046305988,0.012904033,0.015465179
ZJ017826,0.03424829,0.02344519,0.109088264,0.021381475,0.024205565,0.70732474,0.0155466,0.06475984
ZJ017827,0.094979905,0.5948462,0.07669639,0.008707332,0.028598387,0.1228502,0.051575758,0.021745898
ZJ017828,0.02513416,0.04096774,0.6703233,0.017720068,0.08507918,0.02263335,0.046849247,0.09129294
ZJ017829,0.13991912,0.5330066,0.15995656,0.032898106,0.02925176,0.033630807,0.022094874,0.049242225
ZJ017830,0.10150444,0.026752887,0.08745175,0.03030482,0.038971037,0.027336806,0.66492087,0.022757418
ZJ017831,0.06672519,0.80517095,0.037053157,0.0104582915,0.02190124,0.029945692,0.011743699,0.01700179
ZJ017832,0.07812537,0.0137733845,0.47582966,0.022450346,0.01500313,0.09808165,0.277894,0.018842513
ZJ017833,0.018381646,0.023344485,0.018156424,0.011745709,0.02495995,0.86992115,0.015518923,0.01797182
ZJ017834,0.3504828,0.00837175,0.53642005,0.013391179,0.024672864,0.009846485,0.040985133,0.015829792
ZJ017835,0.022482006,0.01290095,0.028173981,0.02134337,0.018737866,0.018266156,0.8632359,0.014859748
ZJ017836,0.024625361,0.8727383,0.020932132,0.01631361,0.018220788,0.01735326,0.013818729,0.0159978
ZJ017837,0.67855996,0.0192364,0.047492754,0.010785591,0.17040922,0.014667833,0.020460958,0.03838738
ZJ017838,0.03297011,0.01465745,0.011118253,0.015610039,0.018611187,0.019976532,0.017204994,0.8698515
ZJ017839,0.08653415,0.017496703,0.78961194,0.013310795,0.0139243705,0.0177869,0.019065894,0.042269256
ZJ017840,0.5947452,0.012648532,0.22582653,0.013995714,0.017736014,0.017225,0.01731114,0.10051185
ZJ017841,0.013572876,0.006808596,0.80860466,0.0061208582,0.013445166,0.1311069,0.009674062,0.010666948
ZJ017842,0.6483556,0.01243798,0.25101298,0.0065114605,0.01598089,0.037829038,0.014257773,0.0136143435
ZJ017843,0.15482342,0.023974795,0.53244364,0.013920856,0.014690298,0.22690485,0.012035351,0.021206869
ZJ017844,0.25412807,0.04592686,0.12966137,0.030189944,0.03696474,0.040447444,0.036659513,0.4260221
ZJ017845,0.090995096,0.012118386,0.1039495,0.6799007,0.019735632,0.05774316,0.016399272,0.019158246
ZJ017846,0.042349484,0.0118771205,0.051673878,0.015669337,0.03428781,0.020604815,0.019443564,0.804094
ZJ017847,0.066524975,0.016531242,0.18738209,0.021674162,0.6444457,0.026725406,0.014330052,0.02238637
ZJ017848,0.34099644,0.11412685,0.36650738,0.023400685,0.019576464,0.09945118,0.00977634,0.026164645
ZJ017849,0.22271632,0.008287983,0.7081267,0.008964813,0.0069269673,0.009120424,0.0121001145,0.023756681
ZJ017850,0.13904932,0.012745886,0.68727607,0.014895779,0.011973642,0.023896294,0.07921862,0.030944336
ZJ017851,0.024917778,0.008147701,0.8949984,0.009485567,0.011350201,0.01706988,0.02400211,0.010028445
ZJ017852,0.6733716,0.03293745,0.08038314,0.07032742,0.03687272,0.05890903,0.013552526,0.033646073
ZJ017853,0.01856221,0.010687014,0.018112067,0.020188922,0.015481393,0.015824145,0.8854765,0.015667712
ZJ017854,0.04807831,0.007988162,0.8757929,0.012212952,0.01194351,0.010346833,0.02157995,0.012057493
ZJ017855,0.028870001,0.016823774,0.86818135,0.008129361,0.010352748,0.049774494,0.0059456336,0.011922658
ZJ017856,0.1695034,0.02005261,0.09951601,0.073715836,0.5010253,0.046412215,0.025772905,0.0640017
ZJ017857,0.050810464,0.01915747,0.08379512,0.017680619,0.7719718,0.023864364,0.016146649,0.016573483
ZJ017858,0.55743456,0.08438414,0.16184355,0.021666689,0.059684135,0.021528358,0.04158635,0.051872164
ZJ017859,0.8787741,0.0199941,0.021027593,0.015580195,0.015214371,0.022139505,0.015593587,0.011676587
ZJ017860,0.048160315,0.26934916,0.049252886,0.01657052,0.022880493,0.057465594,0.5203286,0.015992468
ZJ017861,0.030855104,0.017213797,0.034178764,0.036349557,0.023359463,0.028622627,0.8047947,0.024625946
ZJ017862,0.022740413,0.87565386,0.01839932,0.013535301,0.018423263,0.018047212,0.014229146,0.018971477
ZJ017863,0.88808006,0.012786982,0.0100796465,0.014836703,0.02163274,0.02288938,0.014695755,0.014998774
ZJ017864,0.046583023,0.00824641,0.80124825,0.054224014,0.014143022,0.006685236,0.006447568,0.062422413
ZJ017865,0.019486705,0.022063319,0.02220763,0.014734471,0.02114892,0.8653129,0.017758649,0.01728755
ZJ017866,0.12946062,0.009246995,0.76125216,0.011276153,0.010681245,0.010252337,0.048253216,0.019577233
ZJ017867,0.4367082,0.0104761645,0.058809437,0.025050113,0.02226649,0.020046184,0.40252683,0.02411657
ZJ017868,0.026714081,0.024151478,0.03404688,0.013647812,0.020793414,0.83506155,0.025944192,0.01964061
ZJ017869,0.07474305,0.022436237,0.20539215,0.054519106,0.020453066,0.022393892,0.028430639,0.57163185
ZJ017870,0.6624059,0.037224025,0.089108124,0.07567223,0.03273512,0.045305263,0.014704834,0.042844582
ZJ017871,0.88088685,0.012299064,0.0137736,0.014498623,0.01641145,0.019887967,0.026980499,0.01526198
ZJ017872,0.06362986,0.7920302,0.036435064,0.018014977,0.015288859,0.03525325,0.010447127,0.028900689
ZJ017873,0.013281176,0.017385606,0.01472286,0.019810295,0.018048689,0.013182159,0.88817734,0.015391976
ZJ017874,0.19069923,0.10733517,0.028379688,0.015893579,0.042820957,0.07241735,0.52091473,0.021539269
ZJ017875,0.051788807,0.8256754,0.020869546,0.013289742,0.023831759,0.03466852,0.013162935,0.016713241
ZJ017876,0.018465716,0.01676554,0.020795615,0.017092085,0.022138035,0.8719282,0.013631605,0.019183176
ZJ017877,0.07768186,0.016416308,0.13496661,0.024863284,0.031073531,0.027812231,0.65159744,0.03558879
ZJ017878,0.22088607,0.2608936,0.3874909,0.025486628,0.030755416,0.023967339,0.015039525,0.03548052
ZJ017879,0.01577552,0.022285534,0.026880337,0.024288557,0.021880904,0.018972522,0.8502887,0.01962785
ZJ017880,0.23754223,0.17057824,0.040552113,0.011333964,0.018709602,0.046705227,0.46019554,0.014383062
ZJ017881,0.034838833,0.01856994,0.039426196,0.019587701,0.016897744,0.017390857,0.83834475,0.014943995
ZJ017882,0.01803194,0.011870186,0.82570535,0.0193594,0.010514328,0.039645143,0.014542843,0.060330786
ZJ017883,0.02490848,0.022468299,0.035686966,0.014162637,0.019134063,0.8355762,0.029469475,0.018593946
ZJ017884,0.15271452,0.018707221,0.111417614,0.024869079,0.10575229,0.02625145,0.032929685,0.5273582
ZJ017885,0.065133,0.011951357,0.2509064,0.032238673,0.48917827,0.014951278,0.010682571,0.12495845
ZJ017886,0.017888559,0.005278875,0.9086098,0.02176728,0.010028365,0.013153662,0.009413075,0.013860329
ZJ017887,0.069675826,0.790055,0.01906598,0.015104509,0.019965753,0.037966844,0.031784773,0.016381292
ZJ017888,0.77077323,0.017867927,0.09411837,0.016566271,0.029683972,0.020285528,0.026180107,0.024524584
ZJ017889,0.0644464,0.0064177862,0.64728886,0.09692349,0.023829637,0.02319306,0.012571541,0.12532926
ZJ017890,0.84742373,0.021624692,0.035686713,0.018430319,0.0149309235,0.029844185,0.016658617,0.015400777
ZJ017891,0.022807445,0.0145047745,0.025942883,0.020387894,0.015318877,0.014222237,0.8753241,0.011491782
ZJ017892,0.050051637,0.019191628,0.023595726,0.010038967,0.019508732,0.023070162,0.020434527,0.83410865
ZJ017893,0.12446821,0.016175976,0.49197015,0.044338234,0.01699068,0.08247294,0.015417223,0.20816655
ZJ017894,0.23465751,0.010678734,0.10488724,0.022630071,0.024431678,0.038953077,0.43937168,0.12438998
ZJ017895,0.049605466,0.018500943,0.025619214,0.012019089,0.023937147,0.024807129,0.03458218,0.8109288
ZJ017896,0.059971362,0.020178733,0.18233474,0.09640732,0.013402866,0.015288383,0.028114272,0.5843023
ZJ017897,0.110940576,0.014733913,0.019863758,0.028778303,0.0320927,0.02492432,0.75181276,0.016853707
ZJ017898,0.8665015,0.022208251,0.016427029,0.01635776,0.018297845,0.027862666,0.016595403,0.015749464
ZJ017899,0.39053184,0.06877046,0.21448348,0.019871173,0.06792611,0.023216698,0.07808755,0.13711269
ZJ017900,0.23288527,0.027707074,0.04246024,0.023542225,0.030102108,0.17060523,0.45496354,0.017734282
ZJ017901,0.04060321,0.018042436,0.022172322,0.0107358415,0.018292183,0.022754442,0.017904757,0.84949476
ZJ017902,0.028641019,0.86767477,0.016581902,0.011228339,0.016916499,0.028580064,0.015543758,0.014833723
ZJ017903,0.036794182,0.020949332,0.1501631,0.045252033,0.02548474,0.03812986,0.029532766,0.653694
ZJ017904,0.031696964,0.009574387,0.86561316,0.04282111,0.0067506,0.013545373,0.01405641,0.015942035
ZJ017905,0.70787174,0.014427907,0.08604699,0.013246596,0.017454585,0.08936381,0.058797438,0.012790963
ZJ017906,0.01164226,0.01386328,0.08775278,0.012124928,0.03171601,0.79893243,0.034080416,0.009887929
ZJ017907,0.016649665,0.023830453,0.015657099,0.010722677,0.0219508,0.88053197,0.014770092,0.015887288
ZJ017908,0.3141624,0.024927283,0.49620792,0.010289005,0.026159078,0.02600911,0.067632265,0.034613002
ZJ017909,0.046234634,0.0067697093,0.8772294,0.011758293,0.015054509,0.017083457,0.014362601,0.011507452
ZJ017910,0.86841506,0.022174327,0.014343691,0.0175856,0.017699583,0.025593013,0.017517155,0.01667154
ZJ017911,0.026543597,0.006528426,0.91483396,0.012213504,0.010249496,0.011896383,0.008050509,0.009684187
ZJ017912,0.88694423,0.011575857,0.017671783,0.013733114,0.023451589,0.01415073,0.01598657,0.016486092
ZJ017913,0.28981796,0.013023073,0.13094209,0.021161586,0.017950501,0.02837657,0.014116274,0.484612
ZJ017914,0.06961535,0.015690718,0.0662009,0.02845456,0.1018764,0.025821313,0.030823702,0.6615171
ZJ017915,0.5769559,0.011158974,0.2912668,0.00937809,0.018015912,0.023310594,0.013577801,0.056335926
ZJ017916,0.029647877,0.0050726673,0.90799475,0.009325623,0.006588373,0.0103545515,0.015776264,0.015239926
ZJ017917,0.043332767,0.037274893,0.18651336,0.044780273,0.020227367,0.038357016,0.023378974,0.60613537
ZJ017918,0.19093393,0.017947467,0.10405695,0.06401131,0.49534017,0.048175912,0.026706243,0.05282805
ZJ017919,0.13070418,0.016976826,0.7523403,0.021015396,0.018497804,0.022560045,0.016811032,0.021094436
ZJ017920,0.08564574,0.035037458,0.03758168,0.021669472,0.029778188,0.0162339,0.75026387,0.023789717
ZJ017921,0.10712629,0.6468458,0.09986875,0.030614287,0.038802095,0.030445633,0.019024733,0.027272409
ZJ017922,0.8596352,0.015609923,0.009196176,0.017793117,0.019074446,0.021161014,0.01394549,0.04358472
ZJ017923,0.17674825,0.022530412,0.6692261,0.027883409,0.013156572,0.024052264,0.018695693,0.047707353
ZJ017924,0.1852115,0.037482113,0.6860619,0.009677689,0.008430459,0.012366638,0.024986152,0.035783578
ZJ017925,0.01688703,0.024265174,0.026179707,0.023205739,0.022231681,0.020018516,0.84878695,0.018425299
ZJ017926,0.05125859,0.016359797,0.08034702,0.027947167,0.022644587,0.023569401,0.75914466,0.018728832
ZJ017927,0.85501766,0.009103071,0.047562476,0.012370422,0.01311287,0.018288946,0.028147805,0.01639674
ZJ017928,0.1500448,0.007951924,0.7478089,0.014667957,0.025815932,0.015951892,0.017028961,0.020729622
ZJ017929,0.08331109,0.013701587,0.20126262,0.07243242,0.51212543,0.024927631,0.013219515,0.07901968
ZJ017930,0.03518082,0.009226391,0.85220206,0.014810557,0.008300279,0.01446247,0.017006438,0.048810977
ZJ017931,0.026445916,0.010968168,0.5645695,0.13155916,0.022680862,0.021534963,0.012200635,0.21004088
ZJ017932,0.44126937,0.10945187,0.1301633,0.07550534,0.035927687,0.034301393,0.015620266,0.15776086
ZJ017933,0.3639324,0.026780313,0.19734704,0.022894943,0.041076656,0.05125649,0.27325353,0.023458695
ZJ017934,0.34303942,0.019198861,0.44166794,0.014178616,0.009713682,0.0141081605,0.028819952,0.12927338
ZJ017935,0.020578194,0.007824574,0.8392755,0.034076538,0.014897543,0.006510425,0.0077350982,0.0691021
ZJ017936,0.056823578,0.008710444,0.5705151,0.23120742,0.013024087,0.007360343,0.011012892,0.101346195
ZJ017937,0.033091616,0.02220369,0.027878044,0.015097265,0.022299135,0.8446936,0.017100794,0.017635858
ZJ017938,0.6290613,0.020505367,0.07757683,0.042628754,0.021899752,0.101028346,0.055207707,0.052091975
ZJ017939,0.039843928,0.016987035,0.037351497,0.029026449,0.023093417,0.026522791,0.80378526,0.02338969
ZJ017940,0.019048885,0.021227617,0.017677259,0.014274719,0.021339485,0.87263167,0.01595485,0.017845515
ZJ017941,0.14060742,0.013113421,0.73244125,0.018915465,0.02354529,0.01139029,0.025405163,0.034581702
ZJ017942,0.09921119,0.051871527,0.76829696,0.01253627,0.019942513,0.0095700715,0.012258544,0.026312942
ZJ017943,0.021859095,0.01672553,0.0124782175,0.8590664,0.020347526,0.045726933,0.014988974,0.008807345
ZJ017944,0.10794091,0.026815588,0.08359824,0.030726617,0.0420724,0.032752357,0.65210104,0.023992885
ZJ017945,0.021439722,0.009233202,0.8938904,0.02514319,0.007147794,0.0126630245,0.010999174,0.01948351
ZJ017946,0.44715723,0.012738307,0.30918017,0.013148329,0.025486112,0.16080974,0.016725512,0.014754548
ZJ017947,0.06529965,0.02305842,0.06470215,0.010999832,0.027187064,0.7671606,0.016091553,0.025500745
ZJ017948,0.02430963,0.87659496,0.011290177,0.01325913,0.017531414,0.024394328,0.015850507,0.016769929
ZJ017949,0.13480015,0.098648615,0.6272414,0.013494763,0.015926056,0.031151045,0.05949169,0.019246297
ZJ017950,0.012230582,0.011359575,0.0179247,0.008827927,0.026101246,0.8990219,0.017535979,0.006998067
ZJ017951,0.03154325,0.03664982,0.058699913,0.01672439,0.020816196,0.7415191,0.02763005,0.066417284
ZJ017952,0.7811267,0.017890139,0.08031275,0.019840954,0.039292425,0.0208484,0.023322845,0.017365828
ZJ017953,0.025802484,0.87512916,0.01688382,0.016392378,0.016743599,0.018947562,0.010240127,0.01986095
ZJ017954,0.019163445,0.020550966,0.02292546,0.016151924,0.021037305,0.8642991,0.017677935,0.018193837
ZJ017955,0.030897507,0.021500269,0.027760003,0.015558824,0.026098846,0.83803445,0.02157709,0.018573007
ZJ017956,0.4232064,0.029882759,0.30934435,0.031208044,0.021496138,0.04040904,0.02352438,0.12092892
ZJ017957,0.02894551,0.019186191,0.04359079,0.018913684,0.0074463575,0.01750009,0.009454262,0.8549631
ZJ017958,0.023025071,0.8554928,0.020680653,0.017331386,0.023852572,0.02404034,0.014658316,0.020918922
ZJ017959,0.8264436,0.024781466,0.0398143,0.03663691,0.022638565,0.018898739,0.011604457,0.019182015
ZJ017960,0.1749479,0.13475403,0.042889595,0.019201996,0.02631248,0.03129575,0.55017024,0.020428061
ZJ017961,0.6568446,0.13510853,0.12212496,0.020556984,0.012322828,0.029467052,0.010445568,0.01312947
ZJ017962,0.0788966,0.028663998,0.015803233,0.7758135,0.02047473,0.055148493,0.015688865,0.009510643
ZJ017963,0.68866175,0.009395719,0.20140763,0.017708242,0.01797457,0.022481782,0.023228552,0.019141732
ZJ017964,0.021210423,0.02735804,0.026424333,0.021696962,0.022390598,0.8427232,0.017830923,0.020365497
ZJ017965,0.049771797,0.69514126,0.097243555,0.022325216,0.031702083,0.028530253,0.050068136,0.02521768
ZJ017966,0.19915958,0.087479085,0.59619087,0.018241296,0.024125481,0.01611622,0.011097864,0.04758956
ZJ017967,0.013944963,0.016041417,0.012305892,0.018472742,0.01494133,0.018790325,0.8898718,0.015631638
ZJ017968,0.014943102,0.018827561,0.014672932,0.018893503,0.021225756,0.016665395,0.8810878,0.013683902
ZJ017969,0.025896061,0.024126193,0.063821875,0.011257358,0.023644656,0.82275325,0.013246569,0.015254027
ZJ017970,0.02267607,0.021376936,0.02791127,0.02962784,0.021244163,0.8210791,0.019241815,0.036842737
ZJ017971,0.22275499,0.043410163,0.6374708,0.015325839,0.024338342,0.021571627,0.012718588,0.022409637
ZJ017972,0.6177106,0.033060115,0.120719805,0.085016504,0.02533715,0.0702538,0.021487614,0.026414474
ZJ017973,0.018121144,0.021030251,0.02783825,0.026493404,0.019237775,0.018956125,0.8491885,0.01913455
ZJ017974,0.5371457,0.040846292,0.04887549,0.18400216,0.04622013,0.061013628,0.014882487,0.06701416
ZJ017975,0.49249816,0.0711655,0.26767713,0.016686423,0.07861096,0.017406309,0.03434003,0.0216155
ZJ017976,0.30519143,0.0064687245,0.60362434,0.01506369,0.017563557,0.01348072,0.023528153,0.015079403
ZJ017977,0.16123024,0.6274593,0.09805538,0.020826755,0.022498775,0.01888812,0.024415849,0.026625624
ZJ017978,0.32670614,0.2323607,0.27503958,0.015522653,0.03595792,0.052378774,0.036569275,0.025465002
ZJ017979,0.6446294,0.036728643,0.18503226,0.037325483,0.012569263,0.026040006,0.014854207,0.042820685
ZJ017980,0.05455426,0.019352658,0.028853571,0.00741511,0.02065881,0.83590287,0.019691119,0.013571547
ZJ017981,0.030179922,0.8883177,0.014839626,0.012655509,0.016422473,0.012732473,0.009359899,0.015492407
ZJ017982,0.8764419,0.013017632,0.039344355,0.016678624,0.008379753,0.02258708,0.0129354745,0.010615244
ZJ017983,0.009706273,0.012713768,0.021698004,0.0150324255,0.020953244,0.01855806,0.8844127,0.016925588
ZJ017984,0.4298337,0.018415017,0.07702011,0.04188819,0.040930517,0.035354342,0.33041742,0.026140725
ZJ017985,0.039700937,0.63497156,0.030786753,0.0878891,0.018594027,0.0336996,0.01136548,0.14299266
ZJ017986,0.09202949,0.0237124,0.7748929,0.012574702,0.01441099,0.01478225,0.021752562,0.04584471
ZJ017987,0.043618966,0.0077558034,0.9016289,0.0072798706,0.012947735,0.0073337206,0.011998934,0.007436105
ZJ017988,0.8704743,0.013571667,0.020579781,0.018578673,0.017151667,0.018653743,0.02331996,0.01767031
ZJ017989,0.2716189,0.07299171,0.22148359,0.034952473,0.042866383,0.04017033,0.045829296,0.27008733
ZJ017990,0.017902037,0.019638276,0.01688408,0.015713613,0.018255178,0.01378899,0.88404477,0.013773071
ZJ017991,0.036244273,0.016612802,0.02131614,0.01214927,0.017425543,0.025628055,0.06757336,0.8030505
ZJ017992,0.025920901,0.017265616,0.0145513,0.010864339,0.8849539,0.016930418,0.017320666,0.012192877
ZJ017993,0.27092338,0.00905491,0.14878905,0.01929126,0.02882281,0.02631087,0.47344565,0.023362076
ZJ017994,0.023343517,0.020313226,0.022617461,0.016303286,0.026096752,0.8529076,0.018770775,0.019647513
ZJ017995,0.026980905,0.015271029,0.77536327,0.04316586,0.015494324,0.010923951,0.012467347,0.100333326
ZJ017996,0.03878171,0.026994351,0.015663844,0.7741524,0.030530756,0.08747063,0.015601632,0.010804704
ZJ017997,0.103576,0.010981371,0.7909051,0.014266272,0.032680158,0.0126146665,0.013302351,0.021674175
ZJ017998,0.18414252,0.025056968,0.018992653,0.6760233,0.034806818,0.029075274,0.01817642,0.013726065
ZJ017999,0.024625394,0.87942106,0.0147426305,0.012150931,0.017027952,0.014600194,0.017659273,0.019772626
ZJ018000,0.03316648,0.022989366,0.04525573,0.014521658,0.023112457,0.8001729,0.03868096,0.022100462
ZJ018001,0.10916195,0.017901126,0.76454777,0.018834708,0.008166271,0.018495582,0.0252089,0.037683714
ZJ018002,0.43755132,0.006023755,0.44686326,0.010734317,0.013986841,0.015774516,0.04932074,0.019745221
ZJ018003,0.43959793,0.019411642,0.43118745,0.01172018,0.0118874395,0.012281736,0.04713727,0.026776379
ZJ018004,0.21902135,0.02486606,0.51848286,0.019956311,0.032914076,0.028325696,0.13631843,0.0201153
ZJ018005,0.72103214,0.011859323,0.14160778,0.028818,0.010699087,0.02384216,0.013276706,0.048864763
ZJ018006,0.033131745,0.030270038,0.056507595,0.019935483,0.029740293,0.7837343,0.019308515,0.027371973
ZJ018007,0.70187986,0.019173216,0.013234982,0.010347656,0.05843357,0.16804975,0.01683171,0.012049276
ZJ018008,0.05519216,0.005290376,0.84520006,0.020669742,0.011363329,0.018296082,0.01101848,0.03296976
ZJ018009,0.05768573,0.020562543,0.035040118,0.011751284,0.014148787,0.028415367,0.024491964,0.80790424
ZJ018010,0.045418292,0.010337847,0.86850786,0.016242027,0.009415128,0.011967701,0.011187158,0.026923954
ZJ018011,0.77587545,0.016196867,0.0473289,0.027996182,0.01870153,0.022389678,0.06975674,0.021754635
ZJ018012,0.09495239,0.0152017595,0.79560506,0.018129367,0.005319912,0.019472837,0.03492756,0.016391147
ZJ018013,0.10745835,0.01714295,0.16339338,0.026011763,0.032694686,0.028180325,0.555339,0.06977958
ZJ018014,0.2209848,0.135743,0.18090437,0.021821683,0.03713565,0.06901493,0.053848278,0.28054732
ZJ018015,0.88145334,0.014644838,0.016853394,0.017352981,0.015394375,0.021767205,0.014593477,0.01794046
ZJ018016,0.8326616,0.020867897,0.027007977,0.022197073,0.02025838,0.027611313,0.022552792,0.026842905
ZJ018017,0.10884869,0.009367507,0.6231022,0.081892185,0.020023568,0.018276332,0.01694694,0.12154255
ZJ018018,0.19638275,0.021524861,0.6706922,0.013282432,0.018339893,0.016527005,0.042036243,0.021214632
ZJ018019,0.02446062,0.012155022,0.03453668,0.02258535,0.0356521,0.027428193,0.81970865,0.023473425
ZJ018020,0.181918,0.49242684,0.17141657,0.023405354,0.03342696,0.035503957,0.021804316,0.040098067
ZJ018021,0.17821173,0.486374,0.1543443,0.027765423,0.031233251,0.027774973,0.04918577,0.045110565
ZJ018022,0.042497687,0.006455383,0.8598381,0.0133310435,0.0091380915,0.013477303,0.039319687,0.015942736
ZJ018023,0.03929288,0.019215712,0.018389134,0.009814251,0.024777759,0.025227925,0.045098092,0.8181843
ZJ018024,0.0449229,0.86094266,0.024915246,0.012522972,0.016530927,0.0122828325,0.012547851,0.015334609
ZJ018025,0.044633824,0.8400599,0.020882748,0.017507564,0.023832107,0.023153929,0.011682647,0.01824733
ZJ018026,0.44942966,0.020631222,0.25316092,0.010959697,0.019366747,0.03216532,0.20180336,0.012483149
ZJ018027,0.18486972,0.09369584,0.2544814,0.039582934,0.035774488,0.037083488,0.32985243,0.024659734
ZJ018028,0.80676746,0.021278692,0.030204846,0.03973863,0.03531769,0.034173485,0.015174585,0.017344672
ZJ018029,0.7485172,0.04671306,0.070913546,0.010413422,0.039122067,0.017548637,0.054899514,0.011872566
ZJ018030,0.12361046,0.015583217,0.7464146,0.01600421,0.008672024,0.06376739,0.009158515,0.016789658
ZJ018031,0.42129776,0.014392099,0.23080063,0.022291956,0.060771883,0.039289393,0.1920204,0.019135924
ZJ018032,0.28257152,0.019956416,0.20363688,0.012690375,0.01220712,0.015503037,0.43803224,0.015402349
ZJ018033,0.8427583,0.022217622,0.01650594,0.020229656,0.023485405,0.029725919,0.021373801,0.023703432
ZJ018034,0.8864447,0.012585878,0.01501777,0.01524618,0.015171647,0.02399548,0.014325802,0.017212557
ZJ018035,0.8799944,0.013644581,0.022891834,0.0112503,0.015462275,0.032684814,0.012051416,0.012020347
ZJ018036,0.29796714,0.019126773,0.05448973,0.034160014,0.024457823,0.037663046,0.50526804,0.026867492
ZJ018037,0.03554432,0.8580598,0.016236497,0.011239675,0.01569548,0.022481633,0.026742166,0.014000463
ZJ018038,0.020545049,0.020922882,0.026667519,0.01698259,0.022449367,0.85637105,0.017282546,0.018779024
ZJ018039,0.03560418,0.023600621,0.016444473,0.018117694,0.015343214,0.020886717,0.85402155,0.01598158
ZJ018040,0.09591408,0.01343088,0.18991372,0.13479865,0.014108479,0.021852603,0.010244913,0.5197367
ZJ018041,0.015757075,0.017491758,0.012350998,0.017700244,0.056318916,0.8507175,0.013404749,0.016258797
ZJ018042,0.016469443,0.0105962055,0.40854236,0.2050166,0.03625284,0.039250083,0.02409271,0.25977978
ZJ018043,0.2144734,0.62201935,0.041951157,0.019922078,0.02725654,0.033576954,0.011177628,0.029622896
ZJ018044,0.7367365,0.025973493,0.01818989,0.03839081,0.028827483,0.030102372,0.015694452,0.106084995
ZJ018045,0.7182501,0.02944628,0.08750492,0.010544048,0.022540696,0.0350566,0.068009056,0.02864827
ZJ018046,0.014153498,0.31470802,0.010410936,0.01393899,0.018467268,0.5912881,0.019014657,0.01801851
ZJ018047,0.1238413,0.008890847,0.79045445,0.008374649,0.014909411,0.015577423,0.01402647,0.023925528
ZJ018048,0.17780904,0.019618625,0.549313,0.011821455,0.013906528,0.15882023,0.04273404,0.025977043
ZJ018049,0.035354584,0.021329656,0.03340445,0.025868231,0.040216338,0.055616792,0.758918,0.029291948
ZJ018050,0.747466,0.019660622,0.09283796,0.02224101,0.027866734,0.022168657,0.037675835,0.030083155
ZJ018051,0.023722919,0.010534946,0.15719756,0.016684506,0.012353099,0.09124302,0.6745024,0.013761619
ZJ018052,0.014437951,0.025087608,0.022524824,0.021436876,0.020972723,0.017201278,0.8602934,0.018045349
ZJ018053,0.023204539,0.015324849,0.037697222,0.028721323,0.027257323,0.030647442,0.017632727,0.8195146
ZJ018054,0.2895278,0.13183503,0.45784935,0.008962403,0.0075512985,0.03894956,0.015140042,0.050184518
ZJ018055,0.7136044,0.024900107,0.053754266,0.08361923,0.025445784,0.059346516,0.016969087,0.022360666
ZJ018056,0.09183918,0.062126637,0.6346788,0.015318907,0.013000809,0.021576762,0.08614731,0.07531162
ZJ018057,0.026040334,0.8661252,0.022616763,0.009107709,0.01867343,0.013859594,0.016277416,0.027299512
ZJ018058,0.019136794,0.026802598,0.038878337,0.026093364,0.025647795,0.022602862,0.8172186,0.02361968
ZJ018059,0.03828993,0.8188306,0.01643361,0.016190542,0.04186516,0.027655482,0.023430435,0.017304212
ZJ018060,0.88186437,0.008840299,0.02686587,0.017416436,0.01478968,0.013141586,0.012488012,0.024593692
ZJ018061,0.5805237,0.028888045,0.093568034,0.16371453,0.023441449,0.06854152,0.018130867,0.023191828
ZJ018062,0.8608109,0.021400467,0.02121531,0.01847666,0.019147053,0.022414073,0.019200122,0.017335452
ZJ018063,0.8792138,0.017137976,0.015764317,0.015160248,0.01414457,0.027768418,0.014582843,0.016227847
ZJ018064,0.022399755,0.017746724,0.01471807,0.857123,0.02135837,0.042928778,0.014853286,0.008872056
ZJ018065,0.69726354,0.034123942,0.079230644,0.066269666,0.02251488,0.02496516,0.0144212935,0.06121085
ZJ018066,0.025316764,0.019140104,0.026869524,0.011309655,0.0214632,0.86264145,0.016191794,0.017067505
ZJ018067,0.012203722,0.027618632,0.04917343,0.0197773,0.024801088,0.8281376,0.015695086,0.02259318
ZJ018068,0.0691571,0.040116526,0.027621523,0.009270969,0.016819423,0.7725869,0.039921794,0.024505824
ZJ018069,0.88910407,0.007076887,0.034552734,0.0098533435,0.015419192,0.013086185,0.019945288,0.010962242
ZJ018070,0.16326466,0.010599473,0.7515279,0.010433669,0.013827558,0.014192288,0.005523998,0.030630488
ZJ018071,0.37321234,0.050916314,0.14328158,0.033141103,0.032725837,0.035413947,0.02876758,0.30254135
ZJ018072,0.0338918,0.025815545,0.6019769,0.016465573,0.0114152655,0.021733932,0.27582818,0.012872817
ZJ018073,0.01354518,0.016081631,0.016636003,0.021979198,0.874978,0.018611254,0.013666503,0.02450232
ZJ018074,0.86816645,0.015476107,0.02191404,0.022363415,0.015068933,0.023658259,0.014040611,0.019312186
ZJ018075,0.29121456,0.032270577,0.48659506,0.01659437,0.04415381,0.051729288,0.05343169,0.024010627
ZJ018076,0.031412866,0.009167525,0.8796732,0.03811938,0.007217669,0.011466329,0.0070269457,0.015916174
ZJ018077,0.040846553,0.42617273,0.049069133,0.018606797,0.025146648,0.060586583,0.3628702,0.016701374
ZJ018078,0.82733786,0.017105836,0.05146115,0.044049498,0.01406084,0.016424289,0.014941059,0.014619485
ZJ018079,0.021408927,0.00938684,0.8977316,0.010880241,0.013290036,0.018187584,0.017971758,0.011142941
ZJ018080,0.42046162,0.14588015,0.2959756,0.031248426,0.033217918,0.020082148,0.03395229,0.01918185
ZJ018081,0.014561707,0.012166209,0.015486029,0.018935146,0.015123367,0.014599289,0.8942527,0.014875618
ZJ018082,0.12806053,0.015201059,0.20175011,0.007903468,0.03573035,0.047481533,0.034329634,0.52954334
ZJ018083,0.033173513,0.6091343,0.011717147,0.02754631,0.030515164,0.02894396,0.2316608,0.027308827
ZJ018084,0.031752598,0.859502,0.022698289,0.017025828,0.01777928,0.021332115,0.011088546,0.0188213
ZJ018085,0.35339472,0.028221017,0.26787063,0.06199772,0.06018838,0.05208196,0.013676454,0.16256917
ZJ018086,0.73597157,0.041877903,0.06050178,0.061068248,0.028024996,0.028948778,0.013566828,0.03003992
ZJ018087,0.15646847,0.011704951,0.5104307,0.017653098,0.025402734,0.03101988,0.07458793,0.17273228
ZJ018088,0.77978486,0.020678185,0.08634636,0.016345963,0.031012846,0.020823494,0.020980386,0.024027918
ZJ018089,0.12695211,0.047714423,0.3088573,0.022549141,0.024428206,0.29670063,0.14001483,0.032783378
ZJ018090,0.026713703,0.010048607,0.01716732,0.01859272,0.013837397,0.019711776,0.014600991,0.8793275
ZJ018091,0.44254908,0.03225313,0.11271156,0.13246897,0.15097992,0.052141774,0.019583339,0.05731225
ZJ018092,0.0283597,0.018528301,0.02618548,0.02033947,0.016756399,0.056181796,0.8182373,0.01541154
ZJ018093,0.017745024,0.01653044,0.022131853,0.026801309,0.02159118,0.014533457,0.8589525,0.021714209
ZJ018094,0.013574577,0.020558512,0.15486701,0.02045031,0.29409286,0.439085,0.022455785,0.034915917
ZJ018095,0.8893486,0.014838822,0.024407465,0.014115323,0.012761178,0.015653668,0.013455077,0.0154199
ZJ018096,0.103508115,0.013491786,0.75576276,0.02083211,0.01645356,0.0154232895,0.041541602,0.032986704
ZJ018097,0.04565971,0.014966169,0.04183344,0.017634215,0.019962361,0.012974565,0.8260817,0.0208879
ZJ018098,0.046863414,0.41352424,0.046270262,0.018438425,0.02584402,0.056275815,0.37564668,0.017137142
ZJ018099,0.027597904,0.021861406,0.050240982,0.019963786,0.02181968,0.8074743,0.013900943,0.037141018
ZJ018100,0.095904246,0.7517016,0.02946937,0.0221692,0.035300452,0.024799876,0.012168466,0.028486768
ZJ018101,0.107649684,0.013919962,0.70842713,0.022822283,0.008013039,0.02608492,0.01638536,0.09669764
ZJ018102,0.039039977,0.014035711,0.015408012,0.85932523,0.028060088,0.019854045,0.018685292,0.0055917255
ZJ018103,0.8792421,0.017866315,0.01458316,0.017079545,0.016564634,0.020872349,0.015824525,0.017967364
ZJ018104,0.01878198,0.018857926,0.026592404,0.015357099,0.019552214,0.86726063,0.016034916,0.017562887
ZJ018105,0.3002951,0.01266934,0.49155846,0.018745264,0.015598101,0.035445157,0.09800129,0.027687294
ZJ018106,0.017327117,0.016895175,0.015080579,0.015366547,0.023463568,0.87881833,0.011457921,0.02159081
ZJ018107,0.4833419,0.03757973,0.06531412,0.012037779,0.022889243,0.011141458,0.12335968,0.24433604
ZJ018108,0.65964705,0.043137044,0.15575352,0.012147403,0.0465932,0.022585416,0.017072294,0.04306414
ZJ018109,0.82527256,0.008166678,0.037746545,0.038382974,0.011853194,0.009375632,0.011207702,0.05799473
ZJ018110,0.25841528,0.0070964727,0.59657997,0.0125530185,0.017760677,0.027923852,0.047622647,0.032048065
ZJ018111,0.019309208,0.008328418,0.833922,0.03415286,0.015355349,0.006883076,0.00766344,0.074385665
ZJ018112,0.01365337,0.100491226,0.009021948,0.0094853975,0.020610495,0.8019478,0.03170268,0.013087101
ZJ018113,0.5148499,0.016569158,0.15227531,0.023974812,0.22562137,0.025356201,0.010072975,0.031280328
ZJ018114,0.85066575,0.020854115,0.019800952,0.019564206,0.02211797,0.026289651,0.020357251,0.020350063
ZJ018115,0.09393675,0.7248427,0.037058752,0.01839949,0.03840133,0.040681113,0.021894632,0.02478515
ZJ018116,0.031833615,0.037824526,0.016170545,0.021586007,0.018463224,0.026335517,0.82956123,0.018225266
ZJ018117,0.020459428,0.011664393,0.047627456,0.012475425,0.85501814,0.015701402,0.014365874,0.022687865
ZJ018118,0.4971415,0.009884403,0.39634705,0.006488193,0.02124992,0.03397536,0.0051110405,0.029802496
ZJ018119,0.032051638,0.010303387,0.03667897,0.0228394,0.018157389,0.015569991,0.8510934,0.013305868
ZJ018120,0.18327652,0.04315804,0.24639426,0.0348295,0.06456961,0.028761325,0.09903274,0.29997802
ZJ018121,0.032950964,0.014487575,0.039117035,0.02146916,0.019552115,0.017679458,0.84037465,0.014369043
ZJ018122,0.09813016,0.59039927,0.18709774,0.025927564,0.030774778,0.017498089,0.017118935,0.033053514
ZJ018123,0.8735612,0.015119068,0.024905236,0.016963473,0.021264834,0.014056079,0.016313357,0.017816849
ZJ018124,0.09704797,0.17946875,0.104702346,0.020053482,0.03584647,0.07053918,0.06261168,0.42973015
ZJ018125,0.8419656,0.019775135,0.027490417,0.022042682,0.01400114,0.030100742,0.016318396,0.028305907
ZJ018126,0.83450824,0.005816108,0.06555384,0.012245265,0.024646644,0.012293736,0.01999334,0.024942828
ZJ018127,0.37266174,0.06472084,0.33550245,0.015712433,0.03973971,0.11355974,0.044198487,0.013904633
ZJ018128,0.0671828,0.021245845,0.254649,0.109427415,0.014425836,0.015424433,0.023654228,0.49399042
ZJ018129,0.89838165,0.012006872,0.015475363,0.013330186,0.018018415,0.014813693,0.014391107,0.013582788
ZJ018130,0.03757795,0.8505581,0.024052352,0.015927613,0.015820289,0.022263465,0.01148975,0.022310542
ZJ018131,0.38759908,0.48145196,0.015826074,0.014432344,0.033068668,0.026953235,0.02169427,0.018974392
ZJ018132,0.028416336,0.008063925,0.8815872,0.018172638,0.017327487,0.011810102,0.009846902,0.024775364
ZJ018133,0.29555812,0.08836724,0.018740771,0.013835892,0.02081935,0.017389921,0.5257982,0.019490527
ZJ018134,0.63661015,0.012433783,0.12449988,0.05485343,0.008699759,0.017370222,0.005322162,0.14021066
ZJ018135,0.81930935,0.018294757,0.05161504,0.023582114,0.02384867,0.028308759,0.016852105,0.01818928
ZJ018136,0.04391737,0.8419572,0.019923022,0.017677432,0.020572552,0.017472986,0.011751143,0.026728326
ZJ018137,0.12840353,0.023904392,0.7826758,0.006638657,0.009021501,0.021494692,0.019919187,0.007942268
ZJ018138,0.021696595,0.014929794,0.0920929,0.020064179,0.026774589,0.06736574,0.7378246,0.019251646
ZJ018139,0.3193247,0.02562635,0.09900875,0.030727161,0.040610604,0.039749738,0.41629487,0.028657919
ZJ018140,0.19706252,0.27186418,0.17831716,0.024583196,0.03902684,0.07587615,0.053466547,0.15980339
ZJ018141,0.059910357,0.008822933,0.8578014,0.010074309,0.016523516,0.013104148,0.018736744,0.015026644
ZJ018142,0.018018095,0.020557087,0.02407447,0.020289218,0.022709005,0.015702669,0.85939854,0.01925084
ZJ018143,0.032746032,0.77342486,0.018406041,0.020380927,0.018585877,0.092088655,0.027259866,0.01710776
ZJ018144,0.8356056,0.013215996,0.06218315,0.015256022,0.020483447,0.018839315,0.014523186,0.01989333
ZJ018145,0.08897812,0.018921241,0.2737725,0.0373653,0.02609964,0.02300716,0.5109686,0.020887438
ZJ018146,0.13665663,0.006948869,0.738988,0.01906613,0.037231605,0.011961251,0.028100038,0.021047464
ZJ018147,0.08854176,0.01227611,0.39258608,0.052226365,0.06358027,0.09014117,0.020351535,0.2802967
ZJ018148,0.8783725,0.01480222,0.024352102,0.016154546,0.008194634,0.026975522,0.020758962,0.010389596
ZJ018149,0.040565636,0.006867099,0.76198804,0.029058281,0.01285228,0.016751919,0.011733554,0.12018322
ZJ018150,0.861708,0.010926563,0.0400901,0.015045089,0.022970691,0.025115475,0.01200221,0.01214188
ZJ018151,0.0125103695,0.014736037,0.014789191,0.019874144,0.88283587,0.02082855,0.012560315,0.021865567
ZJ018152,0.023489585,0.0085175475,0.8980531,0.011499998,0.012077621,0.019021263,0.016588265,0.010752674
ZJ018153,0.8160863,0.014572573,0.054028656,0.018303502,0.01889706,0.019752344,0.016488276,0.04187129
ZJ018154,0.024714306,0.016342938,0.017693663,0.017118549,0.026001079,0.8619301,0.01483922,0.021360205
ZJ018155,0.12691282,0.07971769,0.058903772,0.020216415,0.27517074,0.036070317,0.37539375,0.027614579
ZJ018156,0.03832641,0.058820844,0.56856894,0.02026513,0.10149356,0.042603564,0.06351895,0.10640259
ZJ018157,0.03855334,0.01376004,0.059967972,0.06060774,0.050338324,0.024613684,0.015896855,0.736262
ZJ018158,0.042493783,0.023503808,0.366958,0.014576434,0.014097452,0.15910564,0.011185425,0.36807948
ZJ018159,0.7931368,0.018174997,0.04496464,0.03585724,0.03047738,0.04397346,0.010610344,0.022805186
ZJ018160,0.04734755,0.027871078,0.05233453,0.012214994,0.016145265,0.7927386,0.030637521,0.020710472
ZJ018161,0.03523974,0.0070569515,0.8715081,0.01932677,0.011408115,0.014312376,0.008270812,0.03287707
ZJ018162,0.23246911,0.009739446,0.68982816,0.009821404,0.017151507,0.0129977465,0.015441018,0.012551576
ZJ018163,0.020107223,0.027959961,0.029379532,0.0148212155,0.02067647,0.85627747,0.015238232,0.015539892
ZJ018164,0.10829087,0.020995772,0.44803172,0.023996491,0.030828727,0.20784365,0.14070432,0.019308448
ZJ018165,0.47876436,0.25372654,0.15476003,0.01939977,0.033374846,0.020357898,0.009233298,0.030383307
ZJ018166,0.895585,0.015046413,0.01778616,0.012150373,0.014566793,0.019078573,0.011230974,0.014555766
ZJ018167,0.25879976,0.031466216,0.5994975,0.015797326,0.035504684,0.017218204,0.013216543,0.02849986
ZJ018168,0.22318473,0.040329166,0.2818521,0.014216262,0.10258627,0.054271456,0.027273519,0.25628653
ZJ018169,0.09761604,0.030405251,0.040912624,0.6999271,0.03740419,0.0529278,0.024049236,0.016757809
ZJ018170,0.17453626,0.036577728,0.21512417,0.03249934,0.040745765,0.05189823,0.044948973,0.40366957
ZJ018171,0.016103044,0.019012777,0.030279858,0.023374414,0.027870733,0.0731631,0.7946362,0.015559876
ZJ018172,0.061890848,0.07016323,0.08368222,0.0128928,0.46524078,0.09801672,0.1963419,0.011771514
ZJ018173,0.016245633,0.017938977,0.016940935,0.01753905,0.021112991,0.87883013,0.014806429,0.016585834
ZJ018174,0.039016124,0.008024469,0.8911005,0.010825299,0.016456712,0.010707594,0.009136659,0.014732572
ZJ018175,0.021153657,0.84136146,0.014872134,0.017299345,0.03404529,0.031531084,0.023731137,0.016005943
ZJ018176,0.18147004,0.07438334,0.11905654,0.01767388,0.026713515,0.030924305,0.5332028,0.016575655
ZJ018177,0.42195842,0.017222265,0.28157946,0.0249214,0.04802582,0.03756728,0.12645781,0.042267527
ZJ018178,0.83298063,0.019289816,0.023432404,0.019878283,0.018057225,0.023049913,0.019392986,0.04391871
ZJ018179,0.032655317,0.019275162,0.021487687,0.020941406,0.024010768,0.015167317,0.8457672,0.020695085
ZJ018180,0.5394978,0.04989761,0.10787469,0.15019421,0.042932715,0.058086652,0.016143221,0.035373084
ZJ018181,0.17859697,0.018131325,0.089148834,0.020416914,0.077238396,0.026949001,0.034778595,0.55473995
ZJ018182,0.1309388,0.4747017,0.1650241,0.027556142,0.032171343,0.028552188,0.08489181,0.056163896
ZJ018183,0.062699236,0.0049903914,0.84865016,0.008575108,0.02147237,0.010562046,0.031825054,0.011225598
ZJ018184,0.038586296,0.017858887,0.046848506,0.04483476,0.025280496,0.030646315,0.76896423,0.02698045
ZJ018185,0.21528378,0.44816503,0.18326966,0.03384119,0.02733627,0.04687913,0.013479649,0.031745296
ZJ018186,0.029532257,0.018875105,0.013101985,0.018621247,0.023697937,0.72018564,0.15922569,0.016760139
ZJ018187,0.019628918,0.0189238,0.017365694,0.01474234,0.020189816,0.87063974,0.0130437715,0.02546598
ZJ018188,0.018157104,0.013961854,0.0242551,0.016472448,0.014772457,0.013454494,0.8899393,0.008987249
ZJ018189,0.017172886,0.015101758,0.01751623,0.018150298,0.017881155,0.013343135,0.8860151,0.014819482
ZJ018190,0.05900162,0.00938183,0.28745538,0.01013232,0.033337448,0.5410889,0.040051334,0.01955125
ZJ018191,0.6414445,0.020062247,0.029452255,0.015362431,0.02216906,0.02616985,0.2289455,0.016394151
ZJ018192,0.20357826,0.0077191847,0.6928308,0.010280141,0.016758956,0.03996629,0.013013557,0.015852734
ZJ018193,0.07187727,0.007712865,0.8428697,0.010272921,0.010093464,0.009806417,0.025670558,0.021696838
ZJ018194,0.022207294,0.023003528,0.025937576,0.014478338,0.022075277,0.85502714,0.017849537,0.019421378
ZJ018195,0.020921089,0.019244866,0.026597762,0.016777664,0.021629326,0.85894203,0.016346022,0.019541327
ZJ018196,0.030990431,0.008114454,0.77890134,0.07749569,0.018043308,0.008103487,0.008378245,0.06997308
ZJ018197,0.010316971,0.012178205,0.019880295,0.015606597,0.020746058,0.019727455,0.88394195,0.017602514
ZJ018198,0.058638584,0.0084718615,0.8527338,0.01292713,0.012391579,0.010165671,0.030770851,0.01390052
ZJ018199,0.015250889,0.0100201955,0.0121920975,0.919157,0.013586514,0.009232095,0.012903049,0.007658118
ZJ018200,0.03798614,0.8209223,0.011398778,0.014904844,0.024130842,0.022596,0.053970207,0.014090969
ZJ018201,0.69641834,0.020374415,0.14056292,0.049116287,0.020122243,0.029645372,0.016553078,0.02720734
ZJ018202,0.043368798,0.014490298,0.05228268,0.027311265,0.016411055,0.017220106,0.015117178,0.8137986
ZJ018203,0.0716846,0.79043084,0.013767128,0.011209578,0.014740835,0.021127244,0.060464676,0.016575066
ZJ018204,0.8514431,0.01627753,0.019277304,0.020960681,0.014878407,0.021605602,0.017801119,0.03775626
ZJ018205,0.8356795,0.031938136,0.021146363,0.014522347,0.016418507,0.041546397,0.015716903,0.023031944
ZJ018206,0.18074664,0.010210115,0.732346,0.010038664,0.016737768,0.0154666705,0.018519279,0.015934855
ZJ018207,0.07779445,0.028393298,0.028506596,0.010796699,0.05641973,0.73593,0.041190017,0.020969247
ZJ018208,0.010798913,0.017382769,0.046458554,0.01965465,0.017010251,0.013375987,0.8629479,0.012371102
ZJ018209,0.020624042,0.016170502,0.024819668,0.025641462,0.021723213,0.018085754,0.85425967,0.01867573
ZJ018210,0.031475328,0.8403903,0.033227637,0.016061274,0.019736413,0.029297939,0.0095126275,0.020298429
ZJ018211,0.033023085,0.016040003,0.10866447,0.06271631,0.038109537,0.03296716,0.026447369,0.68203205
ZJ018212,0.8816411,0.01407403,0.019960847,0.018604701,0.015596329,0.02227431,0.012822347,0.015026331
ZJ018213,0.53539467,0.021016506,0.05239531,0.020007081,0.023545481,0.03400871,0.28773206,0.02590015
ZJ018214,0.1211856,0.0071192123,0.7837084,0.0127300015,0.021363476,0.014328301,0.017687228,0.021877807
ZJ018215,0.11296047,0.013179421,0.031957164,0.019053925,0.03806322,0.02572288,0.35497275,0.40409017
ZJ018216,0.039684176,0.6159288,0.047248337,0.014322442,0.015578103,0.18897898,0.04692803,0.031331073
ZJ018217,0.8908066,0.018374275,0.0152439345,0.012227388,0.013337918,0.022534875,0.013983801,0.01349131
ZJ018218,0.044367075,0.06977373,0.7897858,0.014364386,0.010152595,0.017342089,0.0135741625,0.040640183
ZJ018219,0.08049015,0.7456245,0.0399884,0.022130124,0.02421817,0.021751838,0.0131793795,0.052617487
ZJ018220,0.03830653,0.016069124,0.32321617,0.017827185,0.5452955,0.016680036,0.017820695,0.024784788
ZJ018221,0.12141442,0.009936123,0.75831395,0.023246469,0.008841185,0.022039056,0.020107165,0.03610165
ZJ018222,0.8713134,0.019163463,0.01656991,0.014545204,0.018443087,0.024873296,0.016914291,0.018177358
ZJ018223,0.014676473,0.081429146,0.57135886,0.1495415,0.01929146,0.043187816,0.09491893,0.025595842
ZJ018224,0.025947858,0.007857142,0.7438617,0.053220667,0.008531096,0.0072049075,0.010232343,0.1431443
ZJ018225,0.09076064,0.7546062,0.014903217,0.0146371005,0.01843384,0.022872442,0.06530629,0.018480306
ZJ018226,0.022576896,0.015590103,0.026927048,0.027031302,0.024053741,0.04035121,0.8231875,0.020282326
ZJ018227,0.5432014,0.024590163,0.052639883,0.021132052,0.033863943,0.020950314,0.27439266,0.029229647
ZJ018228,0.19498923,0.016948355,0.3505615,0.02488138,0.34921905,0.026383316,0.016491575,0.02052564
ZJ018229,0.8054863,0.011855318,0.016517008,0.010418226,0.08573454,0.032164406,0.02947764,0.008346601
ZJ018230,0.025061285,0.023808897,0.067379996,0.011601625,0.025332471,0.8169312,0.014014295,0.015870368
ZJ018231,0.49834672,0.02334332,0.050618615,0.021199943,0.0339601,0.029462447,0.31865337,0.024415469
ZJ018232,0.0402251,0.03932769,0.27974162,0.054415166,0.011587794,0.040610936,0.02723645,0.5068553
ZJ018233,0.053285386,0.0072209905,0.8437911,0.045640893,0.012325107,0.0054777837,0.0061237537,0.026134986
ZJ018234,0.1151283,0.010098992,0.030717803,0.7771584,0.022791922,0.018254448,0.013903538,0.011946681
ZJ018235,0.046799462,0.012319932,0.7884432,0.060441293,0.011426385,0.021935236,0.012033996,0.046600495
ZJ018236,0.012612815,0.04099295,0.018255541,0.010020036,0.106688835,0.7897665,0.011366695,0.01029663
ZJ018237,0.30918255,0.009825949,0.53432935,0.03659378,0.029044671,0.02477936,0.012272191,0.04397217
ZJ018238,0.09025156,0.014375997,0.20095937,0.1386305,0.013708556,0.020857746,0.009976107,0.5112402
ZJ018239,0.023630746,0.025293453,0.020646429,0.017271293,0.01852655,0.10159623,0.7803445,0.012690822
ZJ018240,0.21301799,0.016796937,0.031653382,0.038539935,0.060858328,0.0186538,0.6038272,0.016652469
ZJ018241,0.04388654,0.014976804,0.8170425,0.029939258,0.012265161,0.019762382,0.016974645,0.045152698
ZJ018242,0.8560309,0.01614343,0.020888014,0.018985057,0.01663281,0.034228005,0.020235738,0.016856065
ZJ018243,0.011966444,0.009714077,0.05785516,0.018937277,0.042237103,0.83636886,0.0081567345,0.014764415
ZJ018244,0.017767629,0.00847155,0.8933134,0.02503894,0.01081454,0.009024565,0.009171549,0.026397735
ZJ018245,0.026661886,0.8848335,0.00896243,0.012901659,0.014886513,0.024258286,0.015857363,0.011638395
ZJ018246,0.020160273,0.021879971,0.019209236,0.014977529,0.022319382,0.8653683,0.017137967,0.018947305
ZJ018247,0.8654543,0.012167868,0.032598156,0.014556396,0.02239854,0.020379996,0.014124462,0.018320251
ZJ018248,0.34952322,0.00602165,0.5511626,0.012053422,0.029377317,0.017583426,0.012664198,0.021614196
ZJ018249,0.2723379,0.014625228,0.15000539,0.013194998,0.49106628,0.021083236,0.017548785,0.020138163
ZJ018250,0.34191,0.014814491,0.034718987,0.017454593,0.5414672,0.01713706,0.007499303,0.024998398
ZJ018251,0.055771347,0.008932081,0.8704463,0.013044516,0.007901429,0.0127773555,0.010448009,0.020679003
ZJ018252,0.04763615,0.007479829,0.85043734,0.014288708,0.009509284,0.021241102,0.033037215,0.016370274
ZJ018253,0.103310876,0.689381,0.07505506,0.025701502,0.03257261,0.031265166,0.016275397,0.026438376
ZJ018254,0.6555624,0.06498919,0.14148551,0.03725544,0.016938685,0.024942705,0.011653952,0.047172133
ZJ018255,0.84688634,0.022472417,0.020153897,0.020153679,0.021994887,0.02694687,0.020448526,0.020943308
ZJ018256,0.7394175,0.013043471,0.14050551,0.025195068,0.02123019,0.015792962,0.013362208,0.03145313
ZJ018257,0.87667656,0.0170961,0.01171592,0.018629191,0.018201992,0.030146433,0.014539967,0.012993905
ZJ018258,0.08276017,0.77835375,0.035148084,0.014952977,0.022129994,0.025840824,0.012050835,0.02876333
ZJ018259,0.015500667,0.017953282,0.018539255,0.012739375,0.02102622,0.02351006,0.8798451,0.010886147
ZJ018260,0.8836588,0.013524081,0.023099173,0.016421983,0.011210829,0.01827312,0.010506749,0.023305347
ZJ018261,0.025364226,0.89943314,0.012499872,0.012087864,0.0151686175,0.012348534,0.009297246,0.013800539
ZJ018262,0.03007614,0.060383376,0.01748376,0.016796418,0.5350314,0.14715163,0.17747916,0.0155982
ZJ018263,0.23069926,0.0059583946,0.6916978,0.009695133,0.016838325,0.015397306,0.013820621,0.015893204
ZJ018264,0.10732734,0.7423329,0.009875721,0.011164386,0.027835965,0.06281055,0.022240087,0.016413087
ZJ018265,0.04780453,0.006617652,0.87984437,0.01050019,0.007331852,0.015236965,0.018097585,0.014566849
ZJ018266,0.0611534,0.015075514,0.10905559,0.0348409,0.01917452,0.018386574,0.017933896,0.72437966
ZJ018267,0.035944425,0.0065577105,0.8497362,0.044026386,0.01366129,0.005459893,0.0056780106,0.03893598
ZJ018268,0.034259778,0.032164156,0.09704696,0.017616007,0.01157386,0.5322947,0.25095198,0.024092613
ZJ018269,0.049752958,0.014706092,0.31148398,0.18389449,0.018990079,0.021517737,0.016899357,0.38275537
ZJ018270,0.1764242,0.01952011,0.12249332,0.06921332,0.46016812,0.04729187,0.02204764,0.08284141
ZJ018271,0.08933169,0.009363574,0.50036854,0.19599716,0.016174607,0.030699095,0.017423643,0.1406417
ZJ018272,0.866141,0.019715399,0.016174302,0.01965493,0.016824298,0.026865974,0.015008181,0.019615913
ZJ018273,0.03339299,0.023620108,0.03059091,0.014739903,0.020490801,0.83889115,0.020604257,0.01766992
ZJ018274,0.029582236,0.88695,0.014255743,0.012955779,0.017965276,0.013894516,0.010672092,0.013724299
ZJ018275,0.84648937,0.011518875,0.06573154,0.014761381,0.010514111,0.023273898,0.015479957,0.012230868
ZJ018276,0.6619673,0.02115464,0.075510316,0.014435495,0.026437825,0.019625261,0.16456197,0.016307175
ZJ018277,0.48646536,0.006990657,0.31123707,0.014995597,0.024886461,0.018103251,0.117748,0.01957365
ZJ018278,0.86389,0.020883758,0.020788256,0.015613817,0.017767938,0.025363227,0.018122995,0.017570062
ZJ018279,0.3672695,0.21803044,0.2499384,0.019929126,0.03139935,0.024339642,0.05669113,0.032402392
ZJ018280,0.9019775,0.009129795,0.019132892,0.011706848,0.007842433,0.023575816,0.015800336,0.010834373
ZJ018281,0.22696693,0.14374588,0.47020274,0.019703243,0.012619152,0.03862942,0.0198823,0.06825038
ZJ018282,0.84632725,0.020695677,0.05917992,0.008641123,0.0116774775,0.01806024,0.019038081,0.016380241
ZJ018283,0.58341163,0.15533714,0.061202526,0.012681606,0.03303669,0.039264068,0.06953491,0.045531426
ZJ018284,0.8070431,0.013858591,0.060091253,0.026960243,0.017804898,0.035282206,0.013736061,0.025223715
ZJ018285,0.0839715,0.034689307,0.15534288,0.018764084,0.5881814,0.04958739,0.043243974,0.02621955
ZJ018286,0.650257,0.04144428,0.14217895,0.03098675,0.048629023,0.037068296,0.023739725,0.025695985
ZJ018287,0.6033005,0.028400464,0.122175716,0.11020305,0.032537635,0.0464815,0.014095227,0.042805877
ZJ018288,0.09012168,0.08355323,0.28441367,0.009578394,0.01989898,0.1324002,0.022118002,0.35791585
ZJ018289,0.011485483,0.01986942,0.021786464,0.017725805,0.017180948,0.011860284,0.8819529,0.01813878
ZJ018290,0.20471492,0.02070484,0.6613395,0.023309438,0.021133522,0.026539614,0.018625645,0.023632485
ZJ018291,0.03975746,0.019143233,0.07074322,0.017765457,0.7965662,0.0231053,0.01519575,0.017723426
ZJ018292,0.024114635,0.025029903,0.031252924,0.012996043,0.019026436,0.8447022,0.025016634,0.017861256
ZJ018293,0.28026402,0.008075145,0.58451647,0.019123407,0.02555784,0.016095268,0.052282035,0.014085866
ZJ018294,0.032794204,0.014150882,0.053647604,0.5432091,0.011151201,0.3080441,0.011825988,0.025176961
ZJ018295,0.08035935,0.016364703,0.7225318,0.0721942,0.021804197,0.017542144,0.024703717,0.044499904
ZJ018296,0.018637061,0.8353513,0.011566316,0.016636787,0.060759615,0.016159888,0.023616135,0.017272972
ZJ018297,0.68691444,0.041199952,0.07409214,0.071243756,0.0345958,0.04409785,0.013280085,0.034575935
ZJ018298,0.044404726,0.011571265,0.711016,0.019601753,0.016044337,0.016565684,0.0063294633,0.17446683
ZJ018299,0.6549874,0.012612715,0.063010804,0.12062049,0.011809963,0.05126026,0.045424204,0.040274154
ZJ018300,0.57161874,0.02112968,0.07702774,0.015385124,0.2108845,0.03692506,0.011150412,0.055878807
ZJ018301,0.44752547,0.016144564,0.28468442,0.023257395,0.07192778,0.022447778,0.10514655,0.028865999
ZJ018302,0.03143731,0.00708462,0.7982499,0.030017197,0.0132808015,0.008268591,0.006833659,0.10482788
ZJ018303,0.22385001,0.035559524,0.129402,0.01068849,0.011268912,0.014981063,0.5627802,0.01146979
ZJ018304,0.046354152,0.023621872,0.05396021,0.024903439,0.018369734,0.015888786,0.79837966,0.018522173
ZJ018305,0.015343614,0.024478985,0.024726074,0.021526288,0.020356521,0.019331304,0.8556437,0.018593568
ZJ018306,0.5810515,0.027404482,0.15722652,0.024721606,0.034849346,0.01998322,0.14253962,0.012223705
ZJ018307,0.5885111,0.009304322,0.15899126,0.016154932,0.029007424,0.01580949,0.16302931,0.019192133
ZJ018308,0.036571983,0.017535364,0.02484605,0.020552777,0.016972547,0.026169717,0.8364007,0.020950906
ZJ018309,0.6281827,0.012705318,0.21909364,0.009290603,0.011869029,0.017812882,0.06957314,0.031472705
ZJ018310,0.078562014,0.72478336,0.07428114,0.017723015,0.031212345,0.027835509,0.01439507,0.031207625
ZJ018311,0.6319817,0.028116187,0.16880253,0.056320526,0.016366346,0.016816339,0.021968456,0.05962801
ZJ018312,0.27825528,0.09217632,0.07603898,0.013311318,0.021855276,0.108940236,0.29485247,0.11457013
ZJ018313,0.047075864,0.80707276,0.034481917,0.016625715,0.024573198,0.028716633,0.0220175,0.019436417
ZJ018314,0.15659137,0.39109945,0.30176148,0.028421462,0.04163105,0.034250915,0.017185364,0.029058918
ZJ018315,0.29160273,0.017845528,0.3616624,0.014568567,0.023482988,0.037707295,0.054943927,0.19818662
ZJ018316,0.26817462,0.45650172,0.14337687,0.014288952,0.048513055,0.020404436,0.031214578,0.017525768
ZJ018317,0.025964467,0.8662302,0.020920534,0.016649727,0.021094546,0.01868587,0.014359779,0.01609484
ZJ018318,0.044111546,0.014356545,0.81224394,0.028296998,0.015619061,0.011561272,0.017196978,0.056613784
ZJ018319,0.025013715,0.022155432,0.016576027,0.012434424,0.019441908,0.7955907,0.09573016,0.013057618
ZJ018320,0.19591062,0.008071859,0.72319156,0.011410127,0.016947174,0.017220836,0.012029722,0.015218138
ZJ018321,0.023894727,0.8820096,0.013795502,0.010727878,0.017231157,0.023832338,0.013771564,0.014737218
ZJ018322,0.11216097,0.012820221,0.21290994,0.014688185,0.5919091,0.01964433,0.015506769,0.020360414
ZJ018323,0.1276011,0.020461595,0.1528662,0.018437965,0.015201707,0.030198598,0.49754038,0.1376925
ZJ018324,0.8836781,0.020118048,0.015597887,0.014907958,0.017204184,0.018413646,0.015667012,0.014413196
ZJ018325,0.06872341,0.015196942,0.15783359,0.04436595,0.020020349,0.019847738,0.018798817,0.65521324
ZJ018326,0.033309735,0.8455995,0.014258287,0.016001452,0.028788287,0.02230057,0.024012903,0.015729398
ZJ018327,0.2264382,0.015339888,0.102611534,0.15924376,0.015293601,0.16087586,0.012475078,0.30772212
ZJ018328,0.022136077,0.84734726,0.01728571,0.016432114,0.035689007,0.027512763,0.017782683,0.015814377
ZJ018329,0.012989757,0.01390339,0.5095077,0.0121197635,0.022119537,0.39306763,0.021725556,0.014566645
ZJ018330,0.8984874,0.009410677,0.024353677,0.008357133,0.017170629,0.013972431,0.012087631,0.016160477
ZJ018331,0.1532027,0.014252673,0.08046465,0.015712906,0.07020115,0.05142041,0.6037707,0.0109748645
ZJ018332,0.052230686,0.008602831,0.87134975,0.022843046,0.014048106,0.006059244,0.006334008,0.018532371
ZJ018333,0.053428985,0.007493758,0.7716439,0.014252541,0.015959967,0.018850794,0.012050569,0.106319465
ZJ018334,0.3024877,0.07418135,0.059351873,0.03214352,0.024711488,0.036762428,0.44108686,0.02927485
ZJ018335,0.90349704,0.011406832,0.019327102,0.01003291,0.014384657,0.014479923,0.010715797,0.016155768
ZJ018336,0.057731386,0.052777488,0.1603585,0.011642703,0.01326101,0.020733193,0.017247556,0.66624814
ZJ018337,0.051311698,0.81319374,0.022061577,0.012959609,0.015359622,0.034443066,0.03702138,0.013649344
ZJ018338,0.08501699,0.049379982,0.67286414,0.024815546,0.06496944,0.033944827,0.03445765,0.034551453
ZJ018339,0.13118911,0.05258441,0.4845999,0.029741544,0.03111409,0.033052128,0.21041994,0.027298898
ZJ018340,0.02236706,0.008987236,0.898488,0.011068729,0.012644716,0.017717792,0.018182753,0.010543762
ZJ018341,0.4319554,0.027675962,0.22406963,0.020595293,0.05287671,0.028275257,0.18479125,0.029760515
ZJ018342,0.029566735,0.019999254,0.017273247,0.007898508,0.020350507,0.8741501,0.01736684,0.01339488
ZJ018343,0.82234806,0.016932303,0.04345123,0.022568544,0.014982613,0.022860792,0.01800391,0.038852558
ZJ018344,0.27071992,0.048629876,0.054566104,0.05947429,0.06811122,0.09148735,0.031792484,0.37521878
ZJ018345,0.24941678,0.15116768,0.48758683,0.022775901,0.024656607,0.02200174,0.012355819,0.03003866
ZJ018346,0.024315538,0.023120996,0.05471198,0.0107386215,0.022271067,0.83659667,0.013466432,0.014778691
ZJ018347,0.0949168,0.022582466,0.35074663,0.017915623,0.029075235,0.44370452,0.023286063,0.01777266
ZJ018348,0.1006848,0.022101715,0.70933646,0.03782397,0.010949834,0.012644343,0.011355931,0.09510286
ZJ018349,0.054084547,0.017728249,0.025417903,0.014676034,0.030417157,0.023012092,0.81460345,0.020060582
ZJ018350,0.85569394,0.021890167,0.016709654,0.017066875,0.022694504,0.02980277,0.016001169,0.020140935
ZJ018351,0.022052227,0.00874431,0.89968246,0.010841076,0.011783182,0.018246017,0.017491376,0.011159287
ZJ018352,0.023055334,0.020743484,0.020574838,0.015554957,0.030917648,0.8548941,0.015609339,0.018650291
ZJ018353,0.025069332,0.86816084,0.012545972,0.017811112,0.019038463,0.019492013,0.017177496,0.020704774
ZJ018354,0.8521469,0.019185463,0.0122030135,0.014960892,0.018728334,0.023800496,0.03471587,0.024259012
ZJ018355,0.03730654,0.024539692,0.032254707,0.015583488,0.01974011,0.8335218,0.01938439,0.0176693
ZJ018356,0.86445934,0.017548075,0.010048735,0.045924753,0.02133482,0.015794802,0.013026898,0.011862594
ZJ018357,0.034112502,0.017613936,0.017380156,0.010707,0.017042343,0.023355594,0.038416557,0.84137195
ZJ018358,0.32276723,0.005620945,0.58928263,0.0147285415,0.01738421,0.010730875,0.012032012,0.027453715
ZJ018359,0.2987029,0.13673395,0.44165394,0.0070781843,0.027799813,0.012483114,0.051080227,0.024467915
ZJ018360,0.87556547,0.017983425,0.023434699,0.012901209,0.025423422,0.019217117,0.013922286,0.011552424
ZJ018361,0.20170298,0.0217655,0.33950314,0.021574147,0.032754797,0.04831289,0.1716178,0.16276874
ZJ018362,0.7596273,0.063109644,0.046993293,0.022397846,0.032109365,0.029866342,0.025899833,0.01999644
ZJ018363,0.5671877,0.08757626,0.13407947,0.017339632,0.118062876,0.026773486,0.03077249,0.018208154
ZJ018364,0.54369503,0.03548211,0.3047543,0.016904071,0.012273628,0.039679408,0.014523195,0.032688223
ZJ018365,0.24391675,0.47112855,0.1293819,0.029734582,0.02595447,0.01871098,0.0511582,0.030014515
ZJ018366,0.5247061,0.03479106,0.2812348,0.008497193,0.018926438,0.027279073,0.0334949,0.071070425
ZJ018367,0.05303922,0.009402721,0.25666562,0.16251798,0.01474624,0.016114911,0.0147038745,0.47280946
ZJ018368,0.5897308,0.03322504,0.11022329,0.013356397,0.009710559,0.013092126,0.221837,0.008824791
ZJ018369,0.041314527,0.8158703,0.021714145,0.015808323,0.020414032,0.018539138,0.020373566,0.04596604
ZJ018370,0.20866874,0.058554757,0.35635254,0.012143542,0.0456078,0.15837535,0.117701866,0.042595446
ZJ018371,0.14779314,0.012856168,0.46626797,0.026763076,0.03559327,0.021094952,0.26391813,0.025713263
ZJ018372,0.10697243,0.022396017,0.025944242,0.65938395,0.10267855,0.052936483,0.016186818,0.013501453
ZJ018373,0.01735498,0.010839392,0.013999271,0.91254586,0.013079779,0.009932924,0.013715312,0.008532528
ZJ018374,0.74434674,0.026471494,0.023679513,0.022194333,0.025023371,0.03966127,0.09624155,0.022381758
ZJ018375,0.06644324,0.015299787,0.095090166,0.08438411,0.047368303,0.030650416,0.01966077,0.6411032
ZJ018376,0.025837017,0.019285887,0.025360629,0.022074161,0.017437737,0.0240796,0.8452633,0.020661732
ZJ018377,0.055000056,0.015617335,0.43313357,0.026336784,0.02735213,0.013253765,0.40197143,0.027334977
ZJ018378,0.027206028,0.04794341,0.4188021,0.021114415,0.07429068,0.33665034,0.053002942,0.020990087
ZJ018379,0.034544464,0.023141501,0.029247163,0.014769687,0.02072059,0.8405854,0.020164633,0.016826566
ZJ018380,0.3474762,0.020869432,0.52900654,0.010569616,0.023750922,0.029301738,0.009314231,0.029711295
ZJ018381,0.05634124,0.026613956,0.028404338,0.014218055,0.017768227,0.82433957,0.01487002,0.017444635
ZJ018382,0.11060431,0.011553066,0.7070804,0.01187308,0.011340812,0.03861053,0.07897872,0.029959043
ZJ018383,0.06334644,0.05203709,0.79155135,0.009608918,0.015936015,0.022212654,0.02245861,0.022848902
ZJ018384,0.061640985,0.8093532,0.03776773,0.014982558,0.02321971,0.028080657,0.006973896,0.017981311
ZJ018385,0.020951848,0.018581737,0.031524513,0.023038026,0.016298974,0.011136829,0.8625483,0.01591986
ZJ018386,0.0316739,0.017263783,0.033112403,0.029536499,0.01974102,0.017167812,0.8241173,0.027387315
ZJ018387,0.09104692,0.008270733,0.7805862,0.028740678,0.017213348,0.010126462,0.010155997,0.053859662
ZJ018388,0.041054107,0.057089936,0.77236044,0.01180503,0.016008154,0.035060283,0.05466031,0.011961703
ZJ018389,0.22301546,0.018102191,0.59628195,0.011034477,0.02135552,0.08572511,0.0042697918,0.040215578
ZJ018390,0.22660069,0.02790064,0.4970121,0.014763303,0.020346995,0.017878186,0.16291924,0.032578804
ZJ018391,0.12589984,0.019187633,0.6507425,0.09821164,0.010924119,0.0065081455,0.021052836,0.06747329
ZJ018392,0.036085032,0.009943928,0.104330204,0.017741932,0.016905611,0.037667837,0.017582858,0.75974256
ZJ018393,0.019113345,0.020477911,0.025298769,0.017713657,0.022827318,0.85646975,0.01937445,0.018724822
ZJ018394,0.03223711,0.0914587,0.0914176,0.011631729,0.017425058,0.063231744,0.68160397,0.01099405
ZJ018395,0.86286443,0.022542804,0.025859041,0.015523359,0.018918086,0.022991074,0.015821362,0.015479833
ZJ018396,0.039290477,0.01747465,0.050112188,0.025959471,0.023673385,0.016635194,0.8027633,0.02409139
ZJ018397,0.03128771,0.0066877357,0.81832546,0.03620964,0.011855337,0.010172603,0.007925219,0.07753631
ZJ018398,0.040327623,0.020565277,0.02106398,0.008527535,0.02268076,0.85247976,0.021312764,0.013042337
ZJ018399,0.2854151,0.043443974,0.44613424,0.009880878,0.015555443,0.0986127,0.061140385,0.039817315
ZJ018400,0.18683003,0.16918574,0.33748585,0.046389095,0.04409151,0.031371944,0.13051479,0.054131072
ZJ018401,0.026762778,0.015175956,0.02077468,0.01643443,0.021133734,0.017260302,0.83552283,0.046935275
ZJ018402,0.14771551,0.018355303,0.05491742,0.03564022,0.018152488,0.28389552,0.4020481,0.039275415
ZJ018403,0.092494994,0.020209506,0.090582095,0.018474882,0.028504265,0.027545754,0.035082635,0.6871059
ZJ018404,0.04254342,0.0146756545,0.07819353,0.058193292,0.016727371,0.01478079,0.018577073,0.7563089
ZJ018405,0.013972512,0.02152084,0.023978114,0.026198387,0.01821614,0.018113932,0.8599035,0.018096542
ZJ018406,0.20047711,0.20383406,0.17298444,0.022350697,0.035274893,0.06068054,0.09080418,0.21359408
ZJ018407,0.01665623,0.015495116,0.027350584,0.012026338,0.0183947,0.8826105,0.012145731,0.01532079
ZJ018408,0.18665527,0.09983785,0.6007204,0.010609492,0.012014945,0.049549866,0.023014972,0.017597217
ZJ018409,0.07882821,0.012440875,0.7043122,0.116749,0.012756631,0.011494266,0.012906524,0.05051234
ZJ018410,0.30512157,0.012811899,0.40790698,0.02014893,0.03531903,0.06115091,0.013128392,0.14441237
ZJ018411,0.020973707,0.01954362,0.018988123,0.014970193,0.023863351,0.8683161,0.016449543,0.016895397
ZJ018412,0.8735798,0.019475413,0.014291527,0.015853144,0.018944304,0.026061786,0.016955335,0.014838728
ZJ018413,0.043327264,0.008676272,0.04309153,0.020409016,0.010656997,0.010411635,0.8521185,0.011308816
ZJ018414,0.7165627,0.016887138,0.102542855,0.02554646,0.060348034,0.025082842,0.02868037,0.024349658
ZJ018415,0.01691782,0.02722839,0.01591571,0.011712405,0.024491524,0.8715752,0.014990839,0.017168224
ZJ018416,0.051795226,0.019045493,0.041958325,0.012239169,0.015854074,0.023945747,0.018632902,0.8165291
ZJ018417,0.13337892,0.008876628,0.7741095,0.014206246,0.023141341,0.013868182,0.014497238,0.017922027
ZJ018418,0.23666595,0.08012622,0.44673124,0.021880573,0.097510315,0.058005836,0.040911723,0.018168187
ZJ018419,0.89292353,0.0080084,0.0107988585,0.009402415,0.040548313,0.015361297,0.014945117,0.008012063
ZJ018420,0.048677724,0.0410926,0.026946357,0.018732632,0.01934037,0.029590443,0.50675887,0.30886102
ZJ018421,0.10619819,0.011023234,0.59595543,0.09199228,0.019484522,0.020650558,0.01949508,0.13520072
ZJ018422,0.06390655,0.005696549,0.8258958,0.02288359,0.013278817,0.019900175,0.011458309,0.0369802
ZJ018423,0.07602637,0.7868816,0.013749385,0.012461076,0.017151376,0.024727115,0.04995508,0.019047974
ZJ018424,0.06524334,0.7702656,0.03827623,0.017385345,0.015128523,0.05082341,0.0107264845,0.032151125
ZJ018425,0.66474336,0.020088622,0.013473225,0.1961625,0.029513521,0.046996076,0.015899554,0.013123125
ZJ018426,0.017735094,0.025024725,0.015597901,0.011768365,0.019886108,0.8783545,0.015722387,0.01591097
ZJ018427,0.03596677,0.09399053,0.072725445,0.013814787,0.017778132,0.061045855,0.6936379,0.011040592
ZJ018428,0.16561918,0.018221473,0.40724236,0.010602332,0.024517145,0.0326094,0.042014387,0.29917374
ZJ018429,0.41727296,0.014850971,0.48764634,0.013086538,0.019260524,0.012921156,0.013206169,0.021755384
ZJ018430,0.08298153,0.0074032284,0.7061191,0.0087959105,0.0128365075,0.016028088,0.048381716,0.11745389
ZJ018431,0.8262378,0.019829175,0.013450026,0.028359741,0.01235181,0.03097305,0.019639451,0.04915895
ZJ018432,0.39645094,0.1317228,0.33677745,0.030376,0.031162519,0.022694437,0.029070383,0.021745492
ZJ018433,0.036937073,0.01779503,0.016746778,0.01663799,0.015453547,0.021151122,0.8603997,0.014878735
ZJ018434,0.014555745,0.014467469,0.019585688,0.011081471,0.018589238,0.89871293,0.012188369,0.010819073
ZJ018435,0.09029733,0.8050928,0.017734488,0.0153874755,0.019915162,0.023901045,0.008542201,0.019129556
ZJ018436,0.03840205,0.0064112283,0.847012,0.043476477,0.013365467,0.0061247745,0.005913207,0.03929477
ZJ018437,0.0151017355,0.016887594,0.011127369,0.014004479,0.0113192545,0.012506117,0.9091318,0.009921628
ZJ018438,0.46649247,0.017376797,0.32411698,0.023732979,0.027253786,0.033373665,0.08428633,0.023367088
ZJ018439,0.052684575,0.019750854,0.056753725,0.020868445,0.020011809,0.035235763,0.773833,0.020861901
ZJ018440,0.026041156,0.024375642,0.0709143,0.012336559,0.025206825,0.81166,0.013883493,0.015582007
ZJ018441,0.052474286,0.7560518,0.046325427,0.03417088,0.031156981,0.03445939,0.017108513,0.02825271
ZJ018442,0.28986594,0.01399898,0.52938145,0.018770117,0.026543159,0.038266312,0.06227648,0.020897526
ZJ018443,0.04100461,0.01025889,0.7343241,0.06984594,0.011671422,0.041750725,0.040954195,0.05019011
ZJ018444,0.050178297,0.04334342,0.055016067,0.015698627,0.021963736,0.021987801,0.5920612,0.19975087
ZJ018445,0.06017371,0.006273641,0.8615554,0.0055595185,0.012308145,0.025998225,0.010705269,0.017426072
ZJ018446,0.08621233,0.7644626,0.015814949,0.01463961,0.018183768,0.023407407,0.058777567,0.018501788
ZJ018447,0.7253319,0.018030165,0.05395055,0.01881875,0.013121056,0.039194714,0.00936295,0.1221899
ZJ018448,0.3729533,0.34546214,0.1018579,0.028871922,0.05915441,0.021779526,0.04084767,0.029073114
ZJ018449,0.01484854,0.026712436,0.119530044,0.020131288,0.025943954,0.75718296,0.018321922,0.017328879
ZJ018450,0.014907959,0.016216695,0.012806103,0.016817704,0.016155062,0.019272834,0.88960075,0.014222872
ZJ018451,0.093587056,0.008103515,0.8142643,0.024065671,0.0073483847,0.007747636,0.0071970033,0.037686363
ZJ018452,0.06523233,0.01036368,0.86031544,0.007770932,0.01426391,0.011536143,0.0077536586,0.022763975
ZJ018453,0.24806874,0.5977363,0.057786502,0.017149588,0.020639433,0.017513594,0.017554471,0.02355139
ZJ018454,0.013966463,0.016236503,0.019406416,0.010763749,0.023357218,0.8899328,0.012709993,0.013626802
ZJ018455,0.13504179,0.014710194,0.4263107,0.1311454,0.20556651,0.019059364,0.010128547,0.058037557
ZJ018456,0.06875994,0.7995577,0.037965525,0.01591661,0.02283076,0.030862663,0.0069732675,0.01713353
ZJ018457,0.048608143,0.80397695,0.058173355,0.021374345,0.018463582,0.014164246,0.012409847,0.022829523
ZJ018458,0.05815184,0.029509261,0.35332033,0.065773204,0.022041107,0.052050482,0.023325255,0.39582857
ZJ018459,0.10025176,0.009240336,0.7585373,0.015328652,0.023553936,0.03387778,0.012736305,0.046473924
ZJ018460,0.056713022,0.007771595,0.21077953,0.56328523,0.015682237,0.008755561,0.0105720665,0.12644087
ZJ018461,0.82066375,0.014351855,0.07492424,0.012305691,0.01567863,0.018561915,0.027287802,0.016226096
ZJ018462,0.057860162,0.007914261,0.810808,0.027910799,0.009099579,0.007119648,0.010008301,0.069279306
ZJ018463,0.020351412,0.034001224,0.03240415,0.020313617,0.020846453,0.82360977,0.020262063,0.028211355
ZJ018464,0.15100475,0.47189972,0.19528323,0.036075413,0.035582274,0.035077628,0.018501561,0.056575444
ZJ018465,0.85230523,0.009325415,0.05009518,0.010911192,0.0128435185,0.019089803,0.016429424,0.029000226
ZJ018466,0.020423423,0.016754461,0.014064332,0.022510393,0.020926518,0.014135534,0.8754372,0.015748104
ZJ018467,0.5783936,0.029044557,0.28423762,0.008748225,0.036249384,0.018874897,0.02469824,0.01975355
ZJ018468,0.01649054,0.0101700965,0.013031109,0.91590786,0.012650001,0.010174154,0.013357893,0.008218352
ZJ018469,0.016827082,0.028934909,0.068865865,0.017136281,0.018596325,0.80609083,0.013292317,0.030256376
ZJ018470,0.19418302,0.0358781,0.6866473,0.01476557,0.009885201,0.018540725,0.016796341,0.023303686
ZJ018471,0.04448889,0.02350525,0.36139724,0.038634278,0.016554464,0.31462836,0.022457084,0.1783345
ZJ018472,0.018554498,0.025896028,0.016729515,0.010938183,0.021055136,0.87489647,0.015715094,0.016215114
ZJ018473,0.17510818,0.011909923,0.64836323,0.013926282,0.014585807,0.02602988,0.034024652,0.07605206
ZJ018474,0.033437323,0.85490245,0.0147017855,0.012202597,0.025338193,0.03258192,0.011052218,0.015783483
ZJ018475,0.7567809,0.01133513,0.12915127,0.020727478,0.019070068,0.01955918,0.013734712,0.02964126
ZJ018476,0.5271553,0.009533961,0.09357764,0.022502692,0.02439268,0.020211084,0.28123096,0.021395741
ZJ018477,0.10767646,0.015127691,0.75524014,0.028420076,0.008579646,0.02857343,0.02839495,0.027987672
ZJ018478,0.6376405,0.017822934,0.028308285,0.0165236,0.1921298,0.029689102,0.06807178,0.009814057
ZJ018479,0.044211637,0.023119321,0.19147496,0.05286581,0.026485905,0.036418155,0.02813214,0.59729207
ZJ018480,0.14865299,0.35422787,0.06891269,0.022623794,0.016853705,0.018364403,0.18264286,0.18772161
ZJ018481,0.65233296,0.17214935,0.06309127,0.018859213,0.03580798,0.01775331,0.02484609,0.015159889
ZJ018482,0.025430698,0.012514968,0.018770058,0.016406005,0.0150312735,0.016782312,0.88522875,0.00983583
ZJ018483,0.017588334,0.017642884,0.017000964,0.020337047,0.021740971,0.012397598,0.8755135,0.017778719
ZJ018484,0.064292446,0.048864637,0.13023137,0.0077204243,0.021808764,0.5034091,0.017814672,0.20585859
ZJ018485,0.018172337,0.01751458,0.017479343,0.021563523,0.020752361,0.012161254,0.8740516,0.018304968
ZJ018486,0.026661778,0.010648225,0.021817723,0.015698774,0.018173633,0.020218542,0.8749542,0.011827095
ZJ018487,0.027624095,0.020938663,0.044727348,0.014571843,0.021873755,0.8185614,0.030798329,0.020904621
ZJ018488,0.14253157,0.06535934,0.2631137,0.012999095,0.023817388,0.020982005,0.45328832,0.017908616
ZJ018489,0.019317126,0.016751088,0.018741762,0.01688321,0.02533109,0.018097935,0.86663693,0.01824083
ZJ018490,0.17148541,0.021056768,0.06176979,0.014435922,0.61733884,0.08040494,0.017059447,0.016448928
ZJ018491,0.84733135,0.01105516,0.051152486,0.017142138,0.016726432,0.018204192,0.018652918,0.019735364
ZJ018492,0.73933566,0.03490314,0.14704786,0.0101076355,0.010986275,0.024376914,0.02033756,0.012904987
ZJ018493,0.026329203,0.024806356,0.038131904,0.013814407,0.020850621,0.82094145,0.034077592,0.0210485
ZJ018494,0.87201065,0.018794186,0.02034499,0.010974648,0.017510891,0.029390005,0.013416715,0.017557979
ZJ018495,0.32990983,0.050329294,0.10608926,0.054531675,0.104548015,0.04771673,0.057519652,0.24935555
ZJ018496,0.010233026,0.0119804675,0.018345345,0.014468433,0.019324524,0.017994683,0.8875648,0.020088708
ZJ018497,0.77790976,0.022273688,0.009454562,0.020343233,0.014932267,0.01942542,0.12013836,0.015522654
ZJ018498,0.15127711,0.033245206,0.06576278,0.022664612,0.022314493,0.6563081,0.01761693,0.030810693
ZJ018499,0.11482201,0.0050576776,0.8016883,0.012242262,0.0062229224,0.019217873,0.020071277,0.020677676
ZJ018500,0.012478777,0.0060308874,0.91703767,0.006421814,0.0109823,0.03159506,0.0062492555,0.009204224
ZJ018501,0.015117255,0.025231797,0.029414508,0.015142727,0.02534075,0.8553862,0.01560313,0.018763721
ZJ018502,0.03767688,0.74660313,0.100348465,0.023196608,0.02857149,0.028812557,0.011739692,0.023051204
ZJ018503,0.033900023,0.040318757,0.09413385,0.045893975,0.020170473,0.027018268,0.6704298,0.06813491
ZJ018504,0.09198379,0.45782384,0.28840148,0.02070121,0.027617985,0.064552486,0.021561984,0.02735723
ZJ018505,0.8570946,0.016174693,0.03671146,0.012699641,0.02912358,0.01946248,0.012526678,0.016206926
ZJ018506,0.027408455,0.017339714,0.07638186,0.019711116,0.8044676,0.02239305,0.013629556,0.018668754
ZJ018507,0.08086882,0.73325175,0.07958976,0.020952132,0.023455275,0.015271614,0.01918145,0.027429152
ZJ018508,0.02276369,0.022912536,0.033104934,0.015229056,0.029596025,0.83827657,0.018414903,0.019702306
ZJ018509,0.8452749,0.021469204,0.030996537,0.019865012,0.019009655,0.025754115,0.017803501,0.019827107
ZJ018510,0.1254548,0.021715904,0.08147666,0.050870355,0.55557275,0.046239704,0.027160171,0.09150966
ZJ018511,0.09618433,0.022971358,0.7527777,0.010099602,0.009364382,0.020522978,0.06960449,0.018475149
ZJ018512,0.04645397,0.006972545,0.84736997,0.014281605,0.009706697,0.01932147,0.03859074,0.017303042
ZJ018513,0.030795088,0.047785047,0.37370917,0.114006475,0.032032955,0.17795055,0.12366839,0.10005237
ZJ018514,0.42517033,0.011623134,0.073524885,0.027857754,0.024586812,0.022273958,0.3894616,0.025501603
ZJ018515,0.15742157,0.024566395,0.22960971,0.018284773,0.019828865,0.041621193,0.48699912,0.021668343
ZJ018516,0.0400591,0.009197624,0.75381213,0.046986163,0.012123921,0.011775303,0.01574068,0.110305086
ZJ018517,0.025071511,0.010881064,0.8091839,0.050301787,0.015038053,0.007330157,0.0072290986,0.07496446
ZJ018518,0.731657,0.022813857,0.057771325,0.063595705,0.021803832,0.061824977,0.016255626,0.024277704
ZJ018519,0.02202814,0.012484781,0.79429585,0.010603436,0.012108467,0.010821123,0.11981004,0.017848179
ZJ018520,0.1691735,0.018978378,0.05701071,0.02849879,0.027946223,0.03974256,0.6356961,0.022953741
ZJ018521,0.578162,0.020992642,0.20221484,0.02363033,0.06693027,0.027617633,0.06422263,0.016229669
ZJ018522,0.018603353,0.0131894,0.3252656,0.014270139,0.029871548,0.56450886,0.009161747,0.02512939
ZJ018523,0.028581826,0.0072020963,0.8080937,0.007452593,0.014928594,0.019971134,0.009628935,0.10414108
ZJ018524,0.015996752,0.0109720705,0.05717404,0.011486231,0.85586166,0.013608011,0.012457981,0.022443315
ZJ018525,0.110648096,0.057111103,0.55047435,0.027939826,0.031344127,0.03338689,0.1629976,0.026097992
ZJ018526,0.2251489,0.448165,0.20807377,0.011078058,0.03063303,0.026558185,0.013143375,0.037199702
ZJ018527,0.01702877,0.025912946,0.015905196,0.011908728,0.022413155,0.8753652,0.014353354,0.01711264
ZJ018528,0.025933657,0.009374203,0.8843109,0.032213517,0.0063849525,0.009858581,0.008086988,0.023837117
ZJ018529,0.029407343,0.87532896,0.013377327,0.011992435,0.016567828,0.015623979,0.023175538,0.014526578
ZJ018530,0.028274832,0.017422808,0.8471429,0.008822028,0.007739991,0.01958232,0.06263252,0.008382651
ZJ018531,0.039123,0.01426763,0.6948363,0.06083111,0.011659677,0.017513262,0.024220927,0.13754804
ZJ018532,0.03528413,0.8518843,0.0142982155,0.015353622,0.020207793,0.031014875,0.017251173,0.014705931
ZJ018533,0.043210205,0.04415182,0.022815665,0.0131981,0.02613957,0.8073208,0.024916617,0.01824717
ZJ018534,0.35724074,0.022255486,0.015576667,0.5022907,0.015446067,0.05461203,0.020692272,0.011886037
ZJ018535,0.021071507,0.012616274,0.8497529,0.037554115,0.0137523115,0.010158157,0.0120671755,0.043027554
ZJ018536,0.80100965,0.010645169,0.101652674,0.012638161,0.01606459,0.02499269,0.015610203,0.017386789
ZJ018537,0.0750046,0.023427686,0.15383933,0.010767006,0.018291852,0.6149819,0.08121473,0.022472916
ZJ018538,0.855398,0.022192122,0.023873786,0.019266332,0.020600852,0.027642062,0.014551915,0.016474968
ZJ018539,0.025876602,0.01639962,0.014770418,0.0145503525,0.012943338,0.013620878,0.88398933,0.017849416
ZJ018540,0.08789792,0.1978564,0.30897227,0.04333687,0.022571579,0.021753406,0.30179268,0.015818883
ZJ018541,0.033083614,0.86562836,0.020335054,0.012546571,0.026455432,0.015966758,0.013237572,0.012746641
ZJ018542,0.07828312,0.010987318,0.78767943,0.029356336,0.012619168,0.010509349,0.011455795,0.059109416
ZJ018543,0.021870786,0.02107404,0.044289064,0.008983488,0.017873188,0.85920966,0.013412096,0.0132876625
ZJ018544,0.37771958,0.045667868,0.02415042,0.010949496,0.015240547,0.04373673,0.4482126,0.034322843
ZJ018545,0.019492045,0.022302916,0.046000537,0.017920732,0.018280134,0.017805694,0.83735675,0.020841178
ZJ018546,0.045132793,0.011495582,0.025438631,0.02294799,0.01974617,0.025133977,0.8340651,0.016039792
ZJ018547,0.10751219,0.023930885,0.16126291,0.04167242,0.41222373,0.014523178,0.012911719,0.22596295
ZJ018548,0.039377175,0.022598548,0.11582615,0.7469492,0.023693008,0.020721642,0.017548885,0.013285457
ZJ018549,0.3199996,0.03038635,0.076297775,0.14015293,0.023304833,0.36773282,0.015254669,0.026871098
ZJ018550,0.74634266,0.008940259,0.060794126,0.015568747,0.015790341,0.022544047,0.07814991,0.0518699
ZJ018551,0.79534894,0.016477847,0.0751018,0.016275676,0.031046672,0.022033082,0.019088918,0.024627058
ZJ018552,0.017658167,0.12785242,0.059961654,0.022715148,0.09168001,0.055277277,0.59627694,0.028578376
ZJ018553,0.5123656,0.01123024,0.32934806,0.010077405,0.025806045,0.03133724,0.054012924,0.02582247
ZJ018554,0.020637972,0.01980094,0.012904095,0.016938007,0.014961754,0.01908671,0.87989587,0.015774611
ZJ018555,0.10542784,0.6691185,0.08728504,0.027126199,0.03593405,0.032221153,0.015742684,0.027144477
ZJ018556,0.08352792,0.0056190346,0.767142,0.02116459,0.012611739,0.0272809,0.005812909,0.07684091
ZJ018557,0.012993703,0.0243251,0.04309382,0.01841565,0.030921197,0.8292734,0.01910579,0.021871306
ZJ018558,0.12763748,0.019699985,0.096876085,0.053142752,0.5796524,0.038209423,0.022712119,0.062069774
ZJ018559,0.26965213,0.455039,0.0705653,0.018853676,0.06467696,0.07767683,0.018265568,0.025270505
ZJ018560,0.019505214,0.043566775,0.24317308,0.019964261,0.020949587,0.045559224,0.5906791,0.016602794
ZJ018561,0.73036194,0.02412337,0.06029686,0.064639084,0.03132501,0.05182239,0.018339094,0.019092334
ZJ018562,0.090764135,0.017184567,0.79044676,0.00844128,0.009297329,0.019950468,0.051505227,0.012410223
ZJ018563,0.042243473,0.85548687,0.01908508,0.014864648,0.019730179,0.015230301,0.014008336,0.019351134
ZJ018564,0.015041478,0.014570802,0.019237285,0.01135771,0.022708496,0.894288,0.011876478,0.010919805
ZJ018565,0.022376081,0.016873792,0.05165391,0.006978956,0.011477144,0.012856275,0.027325151,0.85045874
ZJ018566,0.87205696,0.017495733,0.013990692,0.01557515,0.017682804,0.029059893,0.016935278,0.017203443
ZJ018567,0.017121714,0.024180755,0.03308733,0.02261755,0.026178176,0.020752333,0.8357153,0.020346805
ZJ018568,0.19223604,0.07544099,0.50867766,0.02041554,0.07342281,0.07892834,0.034494687,0.016383996
ZJ018569,0.60698766,0.052502166,0.11391347,0.10117725,0.03785814,0.03897884,0.016212236,0.032370213
ZJ018570,0.3611561,0.012365961,0.3671687,0.019444972,0.040388267,0.036770474,0.14114812,0.021557417
ZJ018571,0.16393884,0.016294431,0.7105946,0.014715172,0.0128373355,0.022073518,0.034445684,0.025100434
ZJ018572,0.106372885,0.009186262,0.7844418,0.01793156,0.01351388,0.016114553,0.034165014,0.018274078
ZJ018573,0.01679284,0.020591889,0.020826519,0.008860665,0.019674543,0.888655,0.011198287,0.013400249
ZJ018574,0.054013025,0.01202667,0.8282081,0.024366805,0.015510723,0.0104469685,0.01691438,0.038513303
ZJ018575,0.84866744,0.014741865,0.046202634,0.016440103,0.015310827,0.025283257,0.012187096,0.02116685
ZJ018576,0.1210258,0.02549845,0.54805356,0.008621476,0.013407323,0.019945556,0.2307124,0.03273542
ZJ018577,0.25642806,0.015720326,0.23535267,0.01988079,0.01891722,0.03625707,0.39404547,0.023398364
ZJ018578,0.105801895,0.014664783,0.34383854,0.026534958,0.017781982,0.016971301,0.01848377,0.4559228
ZJ018579,0.8436694,0.018451843,0.043934625,0.009639579,0.01996375,0.03305902,0.014204967,0.017076747
ZJ018580,0.08829935,0.032224286,0.100777976,0.022140322,0.08498673,0.6300518,0.015931118,0.025588414
ZJ018581,0.0831274,0.59291995,0.042426225,0.02460791,0.030571481,0.032601275,0.17124827,0.022497533
ZJ018582,0.0357877,0.021482829,0.05464971,0.0137780905,0.013975619,0.02634242,0.014179281,0.8198044
ZJ018583,0.08339099,0.016174711,0.6297628,0.01771086,0.011885776,0.015915243,0.20339282,0.02176684
ZJ018584,0.025889097,0.010521591,0.020355267,0.019848306,0.014731071,0.01866052,0.015284799,0.8747094
ZJ018585,0.12934785,0.5387253,0.16314907,0.018167976,0.018290149,0.032113943,0.08270553,0.017500222
ZJ018586,0.28225052,0.01324022,0.3746474,0.014786501,0.027873397,0.06066798,0.14880364,0.07773033
ZJ018587,0.016666213,0.016051179,0.012107112,0.019891184,0.018371508,0.016536089,0.88644946,0.013927345
ZJ018588,0.5265447,0.14743777,0.07572416,0.014075785,0.036848452,0.02519011,0.15844491,0.0157342
ZJ018589,0.6774997,0.020774255,0.014204132,0.06559442,0.016844878,0.17419802,0.017084297,0.0138002485
ZJ018590,0.50622016,0.016556567,0.14049315,0.014969908,0.016511599,0.026085122,0.2647063,0.01445727
ZJ018591,0.019119758,0.022472,0.022826338,0.014584824,0.02030593,0.86600965,0.017457623,0.0172239
ZJ018592,0.8468587,0.011454943,0.056162268,0.015445209,0.015355139,0.021995215,0.012150009,0.02057851
ZJ018593,0.029201282,0.024982033,0.091993175,0.013382399,0.026179193,0.7823125,0.014751862,0.017197585
ZJ018594,0.7659401,0.11138201,0.01899744,0.01900771,0.022040842,0.021047985,0.015776804,0.025807107
ZJ018595,0.06814371,0.70927256,0.06290464,0.039810292,0.032518025,0.037574835,0.018207192,0.03156882
ZJ018596,0.8398032,0.021580016,0.036095448,0.016678914,0.017111635,0.03079764,0.0171101,0.020822987
ZJ018597,0.678957,0.0061158636,0.2042654,0.014226525,0.022137346,0.03726976,0.0161897,0.020838417
ZJ018598,0.32028213,0.017879507,0.41387263,0.014285459,0.043179713,0.020249382,0.12996463,0.04028657
ZJ018599,0.07939309,0.04509573,0.18649359,0.021055443,0.021785883,0.5560005,0.058535714,0.03164009
ZJ018600,0.18755846,0.016367396,0.032848414,0.034109365,0.04102732,0.019187743,0.6530246,0.015876627
ZJ018601,0.064673804,0.017726364,0.08764356,0.076200895,0.047386285,0.035217367,0.021635221,0.6495165
ZJ018602,0.7639782,0.026093123,0.045294836,0.02637959,0.022532173,0.032370653,0.019204069,0.06414736
ZJ018603,0.85584134,0.01767471,0.033261772,0.013645156,0.019313112,0.020676598,0.012715367,0.026871914
ZJ018604,0.88598436,0.014722528,0.01558225,0.01577548,0.016927479,0.022462426,0.011779532,0.01676597
ZJ018605,0.79474,0.018655647,0.06898586,0.015674198,0.035514,0.019705838,0.019484088,0.027240401
ZJ018606,0.2769816,0.03363469,0.08205907,0.4475009,0.080008484,0.043772336,0.014037727,0.02200517
ZJ018607,0.020404695,0.020108882,0.030694617,0.017658724,0.021089181,0.84970707,0.020141235,0.020195566
ZJ018608,0.8204913,0.019710472,0.0395368,0.012859794,0.012702177,0.040004175,0.008622268,0.04607305
ZJ018609,0.8614587,0.019438155,0.016530488,0.019418413,0.017813027,0.029375125,0.016278826,0.019687258
ZJ018610,0.13987936,0.018380843,0.34772608,0.021882923,0.039546262,0.0725889,0.022244355,0.33775133
ZJ018611,0.8523361,0.00801245,0.05044494,0.009904996,0.012718161,0.015590674,0.034904342,0.016088296
ZJ018612,0.015424378,0.017284889,0.014028656,0.016521497,0.040497128,0.8660328,0.014160571,0.016050098
ZJ018613,0.08662691,0.72738886,0.0647336,0.023625106,0.028445711,0.0306032,0.019447545,0.019129105
ZJ018614,0.08012921,0.7798747,0.03899883,0.01377321,0.02995292,0.023511251,0.013389774,0.020370174
ZJ018615,0.09276463,0.013771959,0.07504132,0.018351393,0.035997394,0.18439472,0.5621896,0.017488936
ZJ018616,0.869249,0.012634495,0.039854575,0.010348036,0.01481961,0.021176798,0.014100877,0.017816631
ZJ018617,0.8702652,0.016761707,0.024102584,0.015140868,0.014018254,0.02445226,0.018295152,0.016963966
ZJ018618,0.8788072,0.010623303,0.044970576,0.008953661,0.011265925,0.017345553,0.008049663,0.019984089
ZJ018619,0.04055198,0.011244128,0.5231543,0.019533683,0.024473721,0.29895297,0.067408934,0.0146802915
ZJ018620,0.8596458,0.018122712,0.025708053,0.019902935,0.015975881,0.023604946,0.015638096,0.021401662
ZJ018621,0.7046844,0.027828395,0.0630964,0.061803788,0.020012317,0.023403972,0.014515101,0.08465564
ZJ018622,0.3143165,0.023579365,0.26872,0.033980288,0.027201975,0.037834328,0.26422602,0.030141568
ZJ018623,0.04889465,0.022301383,0.03990872,0.023129178,0.018347016,0.016029885,0.81389743,0.017491749
ZJ018624,0.23316026,0.2913697,0.27648908,0.056881346,0.039674494,0.03980221,0.02452763,0.038095295
ZJ018625,0.031408977,0.019640014,0.03321581,0.015446332,0.02702255,0.83444977,0.022045638,0.016770836
ZJ018626,0.5505546,0.010234493,0.022928616,0.025565645,0.019894201,0.026640674,0.27204227,0.072139524
ZJ018627,0.013145178,0.01918445,0.032001786,0.02115687,0.026695458,0.059684157,0.8138378,0.014294251
ZJ018628,0.8681598,0.019828614,0.020336835,0.01582161,0.017929481,0.022740021,0.017363574,0.017820098
ZJ018629,0.8658824,0.01956231,0.024837129,0.01433553,0.019883431,0.021796573,0.019155005,0.014547597
ZJ018630,0.026781807,0.02399276,0.0778554,0.012407757,0.025480216,0.8032843,0.014267686,0.015930159
ZJ018631,0.16904366,0.0081874505,0.7117136,0.015161869,0.024414126,0.014257963,0.041142654,0.016078636
ZJ018632,0.28496695,0.052128173,0.44530582,0.011567001,0.030199338,0.021970553,0.13983944,0.014022688
ZJ018633,0.21500555,0.010283463,0.23573513,0.0177768,0.023454625,0.20672058,0.27236554,0.018658334
ZJ018634,0.01502381,0.01798213,0.015385965,0.019769065,0.01876201,0.01630981,0.8778052,0.018962115
ZJ018635,0.026953265,0.019775392,0.030185685,0.01942867,0.015306972,0.010638701,0.8627303,0.014980956
ZJ018636,0.029310305,0.8417261,0.020855824,0.012858442,0.026171315,0.0458047,0.010391757,0.012881472
ZJ018637,0.45416307,0.06959631,0.22610779,0.036924828,0.044821125,0.04476678,0.039993774,0.083626285
ZJ018638,0.049653973,0.006935989,0.8659369,0.011476916,0.00942324,0.013204892,0.024555465,0.018812627
ZJ018639,0.80987185,0.015590123,0.0933648,0.007882117,0.020275885,0.018093,0.016780443,0.018141767
ZJ018640,0.67387104,0.02572383,0.16876306,0.011026816,0.012227552,0.015315535,0.016389627,0.07668255
ZJ018641,0.08014005,0.017638288,0.7723147,0.016519664,0.039625388,0.021587208,0.019654902,0.032519836
ZJ018642,0.50183815,0.016282622,0.28599033,0.024076426,0.04029049,0.05859485,0.044797327,0.028129792
ZJ018643,0.04702384,0.009524818,0.38760385,0.035174754,0.015254477,0.02958168,0.017474867,0.45836172
ZJ018644,0.04002978,0.028341655,0.022248723,0.016416911,0.015875751,0.019477775,0.84081596,0.016793475
ZJ018645,0.019199958,0.01616177,0.015036011,0.019049956,0.013552803,0.013907353,0.88798,0.015112184
ZJ018646,0.15581821,0.009798429,0.13966958,0.029831422,0.041878443,0.1459911,0.15110286,0.32591003
ZJ018647,0.023844112,0.022577941,0.038557198,0.013706408,0.020130256,0.83610344,0.027401192,0.017679436
ZJ018648,0.04473532,0.007902391,0.82604945,0.013090682,0.020288497,0.025786666,0.03066665,0.031480316
ZJ018649,0.0456867,0.00949878,0.8142172,0.05396211,0.014204956,0.007758874,0.008606827,0.046064634
ZJ018650,0.2472866,0.17116824,0.4675354,0.02336335,0.027962923,0.021358818,0.01209386,0.029230772
ZJ018651,0.093945585,0.012052234,0.67912495,0.12403114,0.01447023,0.010931432,0.013344538,0.052099884
ZJ018652,0.028535021,0.010885701,0.022939114,0.008907052,0.0097785955,0.019468999,0.015973013,0.8835125
ZJ018653,0.3290841,0.020289084,0.33704773,0.027392516,0.104332246,0.042180754,0.012986987,0.12668662
ZJ018654,0.03084525,0.0122612,0.6824384,0.021178892,0.01106669,0.01727959,0.02615496,0.19877502
ZJ018655,0.035199847,0.024802798,0.03127243,0.014670255,0.021718524,0.8354718,0.019555898,0.017308444
ZJ018656,0.061627746,0.7608394,0.061308116,0.018522125,0.02910932,0.022430427,0.014405518,0.031757355
ZJ018657,0.43739077,0.03595999,0.0811309,0.013400716,0.05078573,0.04695143,0.30471706,0.029663393
ZJ018658,0.49142337,0.2610931,0.11967903,0.020137198,0.040609993,0.023515632,0.012737754,0.030803924
ZJ018659,0.013819753,0.01813133,0.014615926,0.019867351,0.01791068,0.0146422535,0.88310003,0.017912697
ZJ018660,0.13541462,0.10827949,0.5767677,0.020617273,0.02195063,0.051053464,0.068546735,0.017370129
ZJ018661,0.75306,0.021611597,0.10398152,0.019035555,0.03454254,0.022698378,0.016690336,0.028380131
ZJ018662,0.10310116,0.014320503,0.32597438,0.023498915,0.039215267,0.031475555,0.21043454,0.25197968
ZJ018663,0.82087535,0.022844803,0.0358668,0.038489785,0.025605613,0.025479484,0.012863516,0.01797468
ZJ018664,0.75807637,0.017357726,0.11010853,0.012010753,0.022581456,0.035181653,0.024264127,0.02041935
ZJ018665,0.85456604,0.018779492,0.016791813,0.02194524,0.02055269,0.031225905,0.015399985,0.02073885
ZJ018666,0.84878445,0.010840735,0.03659392,0.018089037,0.023047082,0.019553198,0.01132451,0.031767078
ZJ018667,0.07340858,0.60684246,0.15045969,0.036586333,0.043749344,0.042555857,0.019425694,0.026972128
ZJ018668,0.8641225,0.016486514,0.017379416,0.019235438,0.01970834,0.028542245,0.01722724,0.01729824
ZJ018669,0.047881134,0.82444745,0.021944318,0.01279015,0.020496747,0.03357241,0.019951262,0.018916547
ZJ018670,0.020975843,0.015007019,0.015730957,0.889353,0.021280387,0.011614864,0.018125156,0.007912785
ZJ018671,0.34854504,0.027410684,0.036090404,0.4426918,0.036579963,0.06621301,0.027008003,0.015461084
ZJ018672,0.008166875,0.011016135,0.87116665,0.015737362,0.0112403175,0.06582015,0.005810313,0.011042281
ZJ018673,0.8572013,0.024827559,0.015230107,0.02000182,0.017854964,0.023282874,0.017792143,0.023809211
ZJ018674,0.017078277,0.013658978,0.028192395,0.015538826,0.01846219,0.8722162,0.014319489,0.020533705
ZJ018675,0.027187094,0.8208799,0.035119157,0.024593137,0.027236888,0.02349898,0.012434586,0.0290503
ZJ018676,0.03896005,0.013168168,0.036653176,0.020614505,0.017015416,0.018386481,0.015025129,0.84017706
ZJ018677,0.3616426,0.020034079,0.17770289,0.03474154,0.057833757,0.034665268,0.28544098,0.027938923
ZJ018678,0.055691183,0.011164039,0.05686946,0.01923739,0.015446586,0.012193158,0.8172776,0.012120566
ZJ018679,0.114002645,0.39733347,0.12535769,0.018024378,0.055438943,0.02595425,0.011422267,0.2524664
ZJ018680,0.03834632,0.5466818,0.04143117,0.04734339,0.028611366,0.03633846,0.014274013,0.2469735
ZJ018681,0.059590038,0.73462194,0.06099826,0.010991772,0.018975878,0.053903844,0.027592843,0.03332551
ZJ018682,0.053881682,0.8067512,0.038694944,0.020653894,0.018690204,0.02275247,0.0186125,0.019963168
ZJ018683,0.14002487,0.03108858,0.12318858,0.016599774,0.025315655,0.024675399,0.61813366,0.020973517
ZJ018684,0.056701016,0.016815305,0.05237496,0.034119856,0.027542967,0.02704498,0.7585675,0.026833413
ZJ018685,0.88271064,0.011238005,0.017038716,0.015181757,0.024233209,0.01579509,0.020019604,0.013782992
ZJ018686,0.020874424,0.013305189,0.029573262,0.018082267,0.019012522,0.018276036,0.8634707,0.017405614
ZJ018687,0.095919706,0.01633325,0.024576098,0.023498632,0.71251816,0.025927706,0.012347641,0.08887887
ZJ018688,0.07296789,0.027515262,0.06351673,0.023358552,0.021189047,0.024078738,0.036759853,0.73061395
ZJ018689,0.7780645,0.023946581,0.04063329,0.07290446,0.028536687,0.022163743,0.014659211,0.019091556
ZJ018690,0.08800143,0.70741296,0.03784881,0.018564457,0.0358916,0.06865024,0.01928523,0.024345228
ZJ018691,0.13140015,0.020148702,0.16917108,0.01870509,0.016911725,0.03088954,0.5899068,0.02286689
ZJ018692,0.08817988,0.016375527,0.31276935,0.119173005,0.022675877,0.021631528,0.025192646,0.3940022
ZJ018693,0.5055656,0.018075846,0.038412478,0.022966092,0.2657654,0.04176589,0.019384021,0.08806477
ZJ018694,0.107654646,0.03395409,0.07050143,0.017919643,0.027326602,0.024098165,0.068320006,0.6502254
ZJ018695,0.015116255,0.01738008,0.014983463,0.01909318,0.018804979,0.016157521,0.8800751,0.018389402
ZJ018696,0.7152595,0.025308762,0.05985635,0.06237364,0.032322563,0.06427049,0.018772764,0.021836028
ZJ018697,0.058134664,0.016534908,0.27333507,0.106917135,0.01677309,0.014750716,0.018168548,0.4953859
ZJ018698,0.028266374,0.027114857,0.019063966,0.015972707,0.024564832,0.8274565,0.033936944,0.023623882
ZJ018699,0.05398779,0.0064536682,0.85142654,0.019982992,0.009457516,0.021395745,0.009248935,0.028046805
ZJ018700,0.02109335,0.02182688,0.02315453,0.019141303,0.021808228,0.8590725,0.015114069,0.018789103
ZJ018701,0.09593737,0.017944064,0.55168027,0.012349187,0.031131491,0.041337278,0.22939518,0.020225149
ZJ018702,0.2107281,0.085737266,0.15603471,0.02133365,0.019014781,0.04133604,0.43811092,0.02770451
ZJ018703,0.018270832,0.019958248,0.016124418,0.023116706,0.02083686,0.021045415,0.85836023,0.022287289
ZJ018704,0.4139472,0.021607457,0.38263533,0.021145657,0.039395858,0.026454514,0.063571304,0.031242663
ZJ018705,0.08791619,0.025828851,0.07123663,0.06445172,0.6630789,0.015331492,0.014979369,0.05717687
ZJ018706,0.057114016,0.015407554,0.47412753,0.08407731,0.019802146,0.01846903,0.019428303,0.31157413
ZJ018707,0.16322993,0.0195681,0.043334488,0.023581168,0.043388527,0.026039591,0.43548504,0.2453732
ZJ018708,0.37386212,0.021709261,0.22330749,0.03104893,0.02627,0.18456595,0.11471956,0.024516711
ZJ018709,0.7222957,0.020315787,0.12351735,0.02159193,0.023606203,0.030058121,0.03863236,0.019982573
ZJ018710,0.27318358,0.048301633,0.063320786,0.033049982,0.039321262,0.08161515,0.0388482,0.42235944
ZJ018711,0.02806224,0.88597244,0.015660428,0.012745275,0.01920159,0.015604197,0.01089589,0.011858067
ZJ018712,0.029017374,0.023284493,0.11527157,0.049769845,0.024643887,0.08527502,0.64901763,0.023720264
ZJ018713,0.04345228,0.006394381,0.3325522,0.055559006,0.014072812,0.010955052,0.00992451,0.5270898
ZJ018714,0.065096565,0.7716903,0.05192871,0.010815602,0.03389762,0.026053978,0.013634667,0.026882619
ZJ018715,0.07685516,0.014736754,0.7240653,0.07452648,0.025916023,0.031210829,0.021899983,0.030789498
ZJ018716,0.74265134,0.02178551,0.122386515,0.016669357,0.029359177,0.0205615,0.023109514,0.023477113
ZJ018717,0.037439074,0.16191047,0.046427086,0.010889652,0.018471938,0.07410591,0.6394976,0.011258301
ZJ018718,0.03915103,0.013453731,0.046538644,0.034922924,0.017645977,0.015339081,0.016873145,0.8160755
ZJ018719,0.03475682,0.85625523,0.022080481,0.016809238,0.018151265,0.020821234,0.012029362,0.019096386
ZJ018720,0.09104371,0.021743368,0.7316603,0.021038735,0.04686084,0.034124497,0.005903646,0.04762481
ZJ018721,0.04217665,0.00958909,0.06994497,0.01776815,0.79997694,0.012668395,0.023859998,0.024015835
ZJ018722,0.57715994,0.057204414,0.09989214,0.10553749,0.050600715,0.053865004,0.013508973,0.042231318
ZJ018723,0.1447054,0.05722263,0.7103361,0.0063621253,0.025650216,0.018265957,0.016085496,0.021372108
ZJ018724,0.62145865,0.04208952,0.15148537,0.05230255,0.012123561,0.016470853,0.022615768,0.08145375
ZJ018725,0.208674,0.024891758,0.5806354,0.013298777,0.016396336,0.0359872,0.016667416,0.10344914
ZJ018726,0.03141496,0.008251256,0.85002613,0.029725263,0.016125813,0.0068922774,0.006197641,0.051366694
ZJ018727,0.028733334,0.011474941,0.020253843,0.010341752,0.009734611,0.018886015,0.014075684,0.8864999
ZJ018728,0.09024575,0.018459806,0.0450035,0.06591345,0.017247692,0.023260659,0.023197062,0.7166721
ZJ018729,0.739582,0.03344996,0.06572637,0.068997376,0.02278166,0.021211663,0.0154396985,0.032811314
ZJ018730,0.03339951,0.00982757,0.80580133,0.020172302,0.015473154,0.034603752,0.06397241,0.01674999
ZJ018731,0.17791595,0.016717903,0.2810656,0.023947882,0.40811196,0.04587696,0.019480122,0.026883591
ZJ018732,0.8683962,0.0146404,0.01032585,0.019607237,0.017835213,0.026824756,0.024098208,0.018272175
ZJ018733,0.027182663,0.85396683,0.018423717,0.013648574,0.023322856,0.019347096,0.019206544,0.024901707
ZJ018734,0.83189356,0.013605224,0.040876083,0.022915358,0.026349848,0.017606674,0.030109895,0.016643427
ZJ018735,0.7981331,0.022634001,0.05474787,0.02642613,0.037592914,0.027769962,0.018729882,0.013966188
ZJ018736,0.030852115,0.87211937,0.016257973,0.014983036,0.015610485,0.02096698,0.00992501,0.019285005
ZJ018737,0.018877596,0.026829196,0.02879854,0.011398776,0.019320155,0.86280787,0.012165022,0.019802913
ZJ018738,0.055532604,0.010922775,0.058675583,0.019337436,0.025415117,0.017019128,0.79074854,0.022348866
ZJ018739,0.4227542,0.054643102,0.26393056,0.010957852,0.04416964,0.04626299,0.067863025,0.089418605
ZJ018740,0.16533753,0.038587667,0.51457494,0.019726867,0.018229645,0.15745069,0.040787797,0.04530496
ZJ018741,0.15502281,0.007927973,0.7672926,0.01242007,0.01685257,0.013203655,0.011096763,0.016183523
ZJ018742,0.1228107,0.07117491,0.29647154,0.00945489,0.22285552,0.15640157,0.021938244,0.098892614
ZJ018743,0.12388768,0.010980461,0.028944371,0.02479666,0.01977811,0.029951317,0.74220496,0.019456452
ZJ018744,0.16613734,0.007730686,0.6565121,0.05212707,0.026186466,0.023617065,0.016890006,0.050799247
ZJ018745,0.13462745,0.013888818,0.55611223,0.02938362,0.018005082,0.014809655,0.00954847,0.22362469
ZJ018746,0.06347754,0.028184447,0.067039676,0.027960569,0.017369758,0.017306875,0.7549939,0.023667252
ZJ018747,0.86720794,0.017231891,0.028725063,0.011379134,0.018767605,0.024822084,0.013454489,0.018411813
ZJ018748,0.04324879,0.018037705,0.031211508,0.01207053,0.017149031,0.021799011,0.017739592,0.8387438
ZJ018749,0.02664485,0.008494134,0.8833378,0.022884725,0.006561243,0.015706705,0.00995156,0.026419004
ZJ018750,0.7799975,0.024027878,0.048007917,0.05199135,0.022267457,0.030730534,0.02033042,0.022646854
ZJ018751,0.7355239,0.016098768,0.021543598,0.012807043,0.14502847,0.026023125,0.033492878,0.009482241
ZJ018752,0.03347343,0.026683597,0.060351986,0.02576801,0.020907326,0.01858942,0.7978619,0.016364342
ZJ018753,0.81119597,0.017525002,0.033691898,0.012578035,0.0117694205,0.041377664,0.008873996,0.06298803
ZJ018754,0.06429133,0.033387285,0.11148681,0.02077353,0.02529028,0.02338206,0.60774595,0.11364283
ZJ018755,0.039213553,0.8235095,0.049900826,0.018177398,0.020006623,0.016281378,0.012358955,0.02055173
ZJ018756,0.028600663,0.007973154,0.8897691,0.037487812,0.0060308813,0.01162343,0.0064517306,0.012063289
ZJ018757,0.023260875,0.008822106,0.8995535,0.010503524,0.012488156,0.017456986,0.016850028,0.011064797
ZJ018758,0.019736525,0.007907356,0.8569676,0.038353004,0.014276706,0.0064738593,0.0064653396,0.049819555
ZJ018759,0.035798613,0.64108926,0.05253441,0.013319758,0.013996092,0.17461081,0.044028398,0.024622697
ZJ018760,0.047016345,0.018813035,0.0888209,0.019771677,0.7622846,0.02618405,0.016013408,0.021095982
ZJ018761,0.06492316,0.016774744,0.069523446,0.015945157,0.022284314,0.028863147,0.046831228,0.7348548
ZJ018762,0.05041591,0.014473534,0.7040905,0.086661816,0.023875143,0.051105034,0.015246329,0.054131847
ZJ018763,0.09874945,0.014964864,0.68619007,0.04297596,0.030338386,0.06638793,0.012721236,0.047672234
ZJ018764,0.04801497,0.5993392,0.06912804,0.0114232665,0.14191793,0.07814144,0.026552636,0.025482476
ZJ018765,0.024041666,0.020650223,0.036387518,0.013709565,0.01965561,0.8421758,0.024485914,0.018893769
ZJ018766,0.017100401,0.021261087,0.02786536,0.026750654,0.018558806,0.019736052,0.84970635,0.019021306
ZJ018767,0.028311301,0.024036778,0.012610108,0.0139371175,0.014696665,0.017671559,0.013825297,0.8749111
ZJ018768,0.11096706,0.03833609,0.07182934,0.010422321,0.039661318,0.6802017,0.032994278,0.01558792
ZJ018769,0.070939824,0.006785127,0.7859587,0.021887287,0.014922804,0.017684838,0.061742898,0.020078504
ZJ018770,0.019723166,0.022778068,0.018965995,0.011713467,0.021177707,0.87616986,0.012717061,0.016754648
ZJ018771,0.015648268,0.018028906,0.016218288,0.015456152,0.0215977,0.8833601,0.014541658,0.015148974
ZJ018772,0.057870526,0.77650213,0.046128288,0.017941019,0.031916495,0.025932372,0.012877728,0.030831432
ZJ018773,0.12809013,0.05993087,0.08443638,0.025185077,0.019864118,0.023600262,0.6388892,0.020004004
ZJ018774,0.120373264,0.7165949,0.041680735,0.019526333,0.032936778,0.027348623,0.014505564,0.027033804
ZJ018775,0.04895378,0.05094346,0.025757326,0.015365191,0.4318679,0.38314256,0.028172811,0.015796984
ZJ018776,0.09080718,0.022699378,0.2698828,0.014557314,0.023435734,0.090079784,0.04511958,0.44341823
ZJ018777,0.8067668,0.015803866,0.010860772,0.021786591,0.022802543,0.028254768,0.076109245,0.01761549
ZJ018778,0.018944835,0.021381034,0.025019431,0.020107148,0.02325509,0.016008072,0.8568597,0.01842476
ZJ018779,0.03505692,0.023938822,0.03491155,0.014646358,0.020610858,0.83541673,0.018192409,0.017226284
ZJ018780,0.6912034,0.01653246,0.010202705,0.024136296,0.01701317,0.030932302,0.18798691,0.021992764
ZJ018781,0.19569086,0.59375906,0.043814383,0.013883926,0.022885779,0.02866374,0.077093266,0.024209006
ZJ018782,0.513823,0.053645592,0.1179704,0.14231282,0.054891527,0.06432289,0.01608266,0.036951162
ZJ018783,0.056676682,0.63770217,0.079291694,0.012439056,0.07107138,0.08352073,0.033857316,0.025440916
ZJ018784,0.008707149,0.00988936,0.034128666,0.013682018,0.020521166,0.8893515,0.010159601,0.013560632
ZJ018785,0.013509363,0.014371658,0.011987137,0.018056527,0.015862761,0.013064863,0.89877903,0.014368734
ZJ018786,0.022100786,0.0130658075,0.010711159,0.018380601,0.021103818,0.016713424,0.8832206,0.01470384
ZJ018787,0.26283267,0.017095461,0.14837192,0.021733075,0.012846949,0.1671275,0.3492501,0.02074229
ZJ018788,0.14796549,0.026946211,0.22617893,0.23219608,0.013167898,0.03204864,0.03748933,0.28400743
ZJ018789,0.01944718,0.04487081,0.015647536,0.016560381,0.021125829,0.02474377,0.84255505,0.015049479
ZJ018790,0.07241056,0.01345993,0.573734,0.012705614,0.012777917,0.28307602,0.012335117,0.019500924
ZJ018791,0.80111736,0.02810441,0.048804253,0.039131444,0.027335605,0.021791896,0.012249589,0.021465436
ZJ018792,0.20603876,0.08908131,0.48845506,0.01888613,0.070573084,0.077948116,0.030497232,0.018520294
ZJ018793,0.059996843,0.01943909,0.15905681,0.67570424,0.021841094,0.024888322,0.017970467,0.021103082
ZJ018794,0.0466505,0.012574895,0.84445477,0.028411869,0.012861493,0.014598101,0.014753046,0.025695402
ZJ018795,0.15081452,0.022045873,0.04828864,0.013688202,0.017846797,0.030707031,0.026634648,0.6899743
ZJ018796,0.86417454,0.014451997,0.021122623,0.018388674,0.016214322,0.030403858,0.014337164,0.02090682
ZJ018797,0.11805288,0.016037518,0.7473063,0.0148895485,0.019462964,0.020818744,0.048270617,0.015161529
ZJ018798,0.021260086,0.023328194,0.028506923,0.018179767,0.02293696,0.8435305,0.020173507,0.022084078
ZJ018799,0.79671055,0.025101176,0.035815027,0.049646854,0.023553815,0.0353002,0.016357133,0.017515311
ZJ018800,0.057473887,0.015147606,0.037640262,0.81712115,0.0357122,0.011082199,0.015450837,0.010371926
ZJ018801,0.021152778,0.021639174,0.026115159,0.02017876,0.01957599,0.8491451,0.02099843,0.021194573
ZJ018802,0.03619588,0.021729473,0.029676214,0.012070596,0.01771537,0.83461934,0.031939168,0.016054008
ZJ018803,0.4181753,0.021209424,0.3188754,0.026744982,0.05181206,0.06007407,0.061653096,0.041455578
ZJ018804,0.026585257,0.025568474,0.034475952,0.0145363305,0.021479724,0.8346661,0.024193484,0.01849472
ZJ018805,0.79220873,0.018364491,0.03827857,0.019258171,0.017663646,0.023055807,0.014289928,0.076880656
ZJ018806,0.036348756,0.84810746,0.0191779,0.012199839,0.016721942,0.027953958,0.025531743,0.013958451
ZJ018807,0.1443486,0.015177577,0.64314526,0.031361844,0.012490759,0.03922365,0.033993166,0.08025915
ZJ018808,0.06330418,0.0076219076,0.85559684,0.016758522,0.019887414,0.009952,0.008802061,0.018077109
ZJ018809,0.8551361,0.015132606,0.012593749,0.02318199,0.017031237,0.025945911,0.013409178,0.03756921
ZJ018810,0.04916028,0.0069291727,0.8701666,0.014131563,0.00941158,0.012004372,0.01650995,0.021686433
ZJ018811,0.07821981,0.0112606,0.44477057,0.010919931,0.397157,0.0154339885,0.015448289,0.0267898
ZJ018812,0.043574672,0.0069752457,0.83899546,0.049679253,0.0146279875,0.0064911367,0.007766206,0.031890016
ZJ018813,0.03576459,0.024609426,0.11424778,0.019241823,0.021626985,0.688214,0.014933926,0.081361495
ZJ018814,0.01596173,0.019463887,0.016566468,0.01866803,0.03549977,0.029690778,0.84805006,0.016099295
ZJ018815,0.020661227,0.019922968,0.024379842,0.023128022,0.02203506,0.854283,0.0144603625,0.021129532
ZJ018816,0.5798456,0.009990979,0.3139752,0.0068795416,0.021166869,0.031612325,0.004996179,0.03153326
ZJ018817,0.4298505,0.05670179,0.16780701,0.17623788,0.060535368,0.03752053,0.01634506,0.055001885
ZJ018818,0.55031985,0.018647477,0.04473341,0.015515237,0.2613993,0.04181125,0.013126354,0.054447174
ZJ018819,0.07691373,0.023167899,0.08777279,0.02053195,0.031958625,0.7124668,0.022525067,0.02466323
ZJ018820,0.8700631,0.018253643,0.019065013,0.016780632,0.01856351,0.024635915,0.017814798,0.014823431
ZJ018821,0.70081043,0.0065100626,0.1102406,0.013265378,0.047316846,0.020738935,0.0865278,0.014589963
ZJ018822,0.7784716,0.008937327,0.12593563,0.019026684,0.009833378,0.015858116,0.007443814,0.034493454
ZJ018823,0.2421063,0.009182589,0.632763,0.016056709,0.013792291,0.030065691,0.03276768,0.023265747
ZJ018824,0.08898319,0.01946491,0.8076747,0.0055577825,0.007953761,0.015366444,0.043860566,0.011138636
ZJ018825,0.112078205,0.47230443,0.30001932,0.014779869,0.014620525,0.04035451,0.03085011,0.014993063
ZJ018826,0.038634997,0.8408875,0.02104246,0.013233733,0.023849428,0.03174047,0.01526354,0.015347886
ZJ018827,0.020583054,0.02132121,0.03162265,0.017511204,0.021860229,0.84578735,0.020645974,0.02066835
ZJ018828,0.11063985,0.007274615,0.68011886,0.059363402,0.009111416,0.011892132,0.016349865,0.105249874
ZJ018829,0.040502906,0.013007471,0.019110491,0.017416451,0.017359905,0.013641444,0.86481804,0.0141433105
ZJ018830,0.0240605,0.854856,0.01744434,0.01617048,0.026140684,0.027106255,0.0143120885,0.019909618
ZJ018831,0.7286717,0.015624939,0.14213775,0.02307889,0.008367907,0.017550856,0.008557528,0.056010433
ZJ018832,0.8729958,0.019338785,0.017525667,0.016801663,0.017572088,0.021474706,0.016277066,0.018014206
ZJ018833,0.06357572,0.014531928,0.80658114,0.025909001,0.015311303,0.012928168,0.017757881,0.04340493
ZJ018834,0.35646865,0.012776472,0.35755444,0.016567206,0.023881396,0.20033935,0.015693342,0.016719172
ZJ018835,0.22990708,0.030368835,0.4981148,0.01572695,0.03993098,0.0239395,0.13475268,0.027259216
ZJ018836,0.17960887,0.011592839,0.67703724,0.0123228505,0.015287104,0.017305134,0.05937772,0.027468264
ZJ018837,0.05271209,0.025386248,0.032568313,0.016185282,0.018481674,0.8219555,0.014893812,0.01781706
ZJ018838,0.050021898,0.022394782,0.08577572,0.015843738,0.021185407,0.72703344,0.058760148,0.018984852
ZJ018839,0.36404517,0.15121166,0.03636498,0.020484928,0.019357473,0.040489305,0.34519514,0.022851376
ZJ018840,0.047759,0.007964081,0.65243363,0.008374463,0.012859479,0.053167976,0.20381525,0.01362613
ZJ018841,0.43476138,0.07178238,0.3614346,0.010023063,0.01136542,0.0131226955,0.0902959,0.0072145867
ZJ018842,0.025806943,0.8257009,0.032889467,0.023603326,0.025905395,0.0239385,0.013314299,0.028841246
ZJ018843,0.46478423,0.0050617787,0.43757257,0.015855191,0.023108957,0.022652823,0.012048981,0.018915478
ZJ018844,0.2112203,0.08302411,0.57516974,0.013075865,0.020054568,0.01988964,0.0092118075,0.06835398
ZJ018845,0.05783961,0.020069778,0.17922997,0.013795899,0.02275454,0.6706719,0.012560091,0.023078227
ZJ018846,0.12381035,0.008568997,0.7001791,0.012879162,0.014154899,0.020746578,0.008962076,0.11069884
ZJ018847,0.018693393,0.013295412,0.034795698,0.0135939345,0.86865896,0.015656251,0.014241571,0.021064803
ZJ018848,0.689633,0.12800653,0.05993793,0.017513335,0.040324826,0.017202845,0.032607753,0.01477377
ZJ018849,0.850372,0.016406605,0.022737492,0.01913437,0.017324336,0.024017682,0.015545833,0.034461677
ZJ018850,0.08594305,0.022322178,0.18841766,0.019703632,0.023616267,0.039136704,0.59906507,0.021795444
ZJ018851,0.09832797,0.022006659,0.25666043,0.019238057,0.025071157,0.030511025,0.14026293,0.4079218
ZJ018852,0.81927425,0.021216158,0.029210573,0.018183758,0.019842401,0.033833902,0.040548094,0.017890958
ZJ018853,0.72120565,0.040091258,0.015432998,0.014322094,0.011091432,0.021579728,0.16430996,0.0119668385
ZJ018854,0.030972064,0.02048227,0.04239464,0.039746862,0.023857987,0.01871219,0.79128265,0.03255135
ZJ018855,0.11736216,0.015667597,0.3459898,0.033380985,0.038074512,0.021688528,0.4008506,0.026985824
ZJ018856,0.029362544,0.0074379407,0.8093551,0.057984244,0.016614577,0.00724303,0.0075571067,0.06444543
ZJ018857,0.03919366,0.02812749,0.06349379,0.018137628,0.027907625,0.7794652,0.020931428,0.022743186
ZJ018858,0.10252565,0.047647223,0.4893013,0.029747052,0.03159088,0.030331483,0.24131694,0.02753942
ZJ018859,0.14775129,0.7259681,0.023375336,0.018658794,0.024253974,0.027169907,0.012039307,0.020783272
ZJ018860,0.035458293,0.8351598,0.032583296,0.01163693,0.022163834,0.020271705,0.012545931,0.0301802
ZJ018861,0.21987651,0.030166063,0.050136674,0.014091322,0.01600865,0.21757792,0.42881465,0.023328228
ZJ018862,0.7024012,0.028876677,0.094991885,0.05603651,0.024668658,0.045759093,0.018939905,0.028326103
ZJ018863,0.08785875,0.009696442,0.8024212,0.01535391,0.010105527,0.027827108,0.016874395,0.0298627
ZJ018864,0.060373474,0.77375984,0.051082265,0.020925598,0.016082853,0.03505913,0.016033499,0.026683291
ZJ018865,0.028136307,0.022714594,0.03792976,0.015920965,0.035451334,0.8112923,0.028924543,0.019630264
ZJ018866,0.032169554,0.009049408,0.086516365,0.013576053,0.01698629,0.035075363,0.014867212,0.7917598
ZJ018867,0.031317394,0.012887144,0.026109142,0.20559926,0.019654965,0.019636644,0.014596367,0.6701991
ZJ018868,0.017529165,0.018619953,0.015181298,0.013574379,0.014330282,0.8883073,0.015103194,0.017354487
ZJ018869,0.014692304,0.020295594,0.026080493,0.02036803,0.020146107,0.030871002,0.8538648,0.013681754
ZJ018870,0.8698969,0.014388645,0.022866279,0.022170017,0.020316605,0.019100271,0.013028028,0.018233323
ZJ018871,0.022932407,0.008449752,0.8995997,0.010657939,0.012381293,0.017882057,0.017815959,0.010280947
ZJ018872,0.08702358,0.015432546,0.72813356,0.072082095,0.022404682,0.020017495,0.024516506,0.030389503
ZJ018873,0.018302413,0.018522358,0.016867349,0.014389326,0.01756756,0.8821694,0.011093312,0.021088177
ZJ018874,0.89874697,0.012275732,0.013674493,0.012490972,0.012992129,0.017280748,0.017822651,0.014716259
ZJ018875,0.0818433,0.60950655,0.10142535,0.02416463,0.03540442,0.02928607,0.09241042,0.025959319
ZJ018876,0.052047092,0.007903483,0.8738333,0.022063471,0.014402744,0.0059444173,0.0061067725,0.017698688
ZJ018877,0.028703028,0.8883692,0.012497927,0.010735363,0.02088612,0.01417276,0.012458998,0.012176639
ZJ018878,0.26727396,0.017877653,0.5878067,0.011039442,0.019955719,0.0149970865,0.014222282,0.0668272
ZJ018879,0.100567184,0.7853965,0.028637663,0.015819402,0.019790744,0.016290786,0.012808978,0.020688672
ZJ018880,0.32709756,0.50046366,0.056491137,0.025118861,0.026428683,0.019494986,0.012584172,0.032320995
ZJ018881,0.30696917,0.13519613,0.04260706,0.019272046,0.019917233,0.056206413,0.39724675,0.022585202
ZJ018882,0.017830757,0.02435621,0.016927553,0.010457123,0.019650763,0.880798,0.014515119,0.015464583
ZJ018883,0.01794377,0.02269013,0.01768138,0.011175191,0.0244492,0.8741927,0.015227044,0.01664061
ZJ018884,0.045927405,0.022004334,0.0145512195,0.0129559385,0.020943904,0.026032422,0.29465237,0.56293243
ZJ018885,0.7534247,0.025831519,0.04976235,0.044701472,0.029919043,0.06187007,0.01665303,0.017837843
ZJ018886,0.020133866,0.013372938,0.023135927,0.019891988,0.8374429,0.015698772,0.009694159,0.060629454
ZJ018887,0.02783919,0.02463024,0.6627688,0.16129969,0.022968264,0.0381558,0.03738243,0.02495562
ZJ018888,0.047619123,0.010271775,0.5603455,0.043123506,0.016665181,0.014468885,0.015169889,0.29233614
ZJ018889,0.041474584,0.015246605,0.055435337,0.024546275,0.0202383,0.01986046,0.8069809,0.016217554
ZJ018890,0.017386714,0.019478394,0.024206767,0.019454246,0.018885871,0.8637172,0.017687194,0.019183641
ZJ018891,0.7580309,0.02008935,0.10599065,0.01855374,0.034441266,0.022121815,0.02235831,0.01841393
ZJ018892,0.03840093,0.021733185,0.055011656,0.019326067,0.019530578,0.806547,0.018958434,0.020492159
ZJ018893,0.39574546,0.3184761,0.019046247,0.01532109,0.022557938,0.01587793,0.1910653,0.021909932
ZJ018894,0.10859237,0.014190445,0.18674994,0.01701786,0.032700222,0.025406575,0.5962996,0.019043019
ZJ018895,0.09005147,0.0119769545,0.6238362,0.19127089,0.014594977,0.012627708,0.014852236,0.04078955
ZJ018896,0.037783507,0.83706266,0.032917585,0.017679064,0.016394638,0.022174783,0.01143721,0.024550581
ZJ018897,0.038772713,0.0067237737,0.20613535,0.068814695,0.013865217,0.009317365,0.008846569,0.6475243
ZJ018898,0.26882696,0.01371181,0.5426917,0.02873829,0.046790667,0.05443829,0.014881817,0.029920472
ZJ018899,0.2089031,0.29293114,0.35369286,0.026044745,0.030698588,0.035399985,0.02062474,0.03170482
ZJ018900,0.029366836,0.024659334,0.8369927,0.007063374,0.0074974275,0.027135706,0.03329044,0.033994336
ZJ018901,0.8784877,0.014729929,0.024883486,0.013849801,0.014176522,0.022172192,0.016149512,0.015550837
ZJ018902,0.17161681,0.009170621,0.73872215,0.012221215,0.016379735,0.015753208,0.010073083,0.026063204
ZJ018903,0.17893158,0.040551677,0.34742048,0.02282617,0.03903655,0.03880578,0.30161706,0.030810757
ZJ018904,0.04588281,0.040185936,0.16663717,0.016013008,0.084824145,0.5443734,0.0676318,0.03445179
ZJ018905,0.82345486,0.015280838,0.08097106,0.015301133,0.01339282,0.020076787,0.013344965,0.018177558
ZJ018906,0.313108,0.022811407,0.4832014,0.009141248,0.06975921,0.032775193,0.0518623,0.01734124
ZJ018907,0.050908532,0.8262232,0.022366716,0.011971885,0.01683239,0.02652134,0.030307377,0.014868601
ZJ018908,0.10922294,0.01246284,0.68245554,0.033622433,0.011178971,0.024211178,0.013919542,0.11292652
ZJ018909,0.19764748,0.02078501,0.042112093,0.009910919,0.02613224,0.026420051,0.022394622,0.65459764
ZJ018910,0.06877953,0.022368489,0.057433315,0.02693899,0.022439055,0.06779108,0.7132671,0.020982463
ZJ018911,0.023323797,0.011301474,0.022423554,0.01540677,0.014714429,0.014800901,0.8891017,0.008927364
ZJ018912,0.023671687,0.15830718,0.028324027,0.020490263,0.029709084,0.0382036,0.025609916,0.6756842
ZJ018913,0.03756035,0.76644194,0.085519865,0.021093396,0.026966138,0.027692197,0.011167883,0.02355831
ZJ018914,0.11667041,0.007802848,0.77860135,0.013482228,0.022977084,0.011188814,0.028503552,0.020773755
ZJ018915,0.019588925,0.013527023,0.030238453,0.021459898,0.02105723,0.01802895,0.8616151,0.014484352
ZJ018916,0.156908,0.3394712,0.22880872,0.021424145,0.02463375,0.087146156,0.028531805,0.11307623
ZJ018917,0.02669462,0.8749919,0.016577292,0.01607198,0.015568416,0.01828788,0.01037336,0.021434575
ZJ018918,0.12131611,0.62606937,0.011984993,0.016090294,0.02490556,0.01639772,0.16447191,0.018763984
ZJ018919,0.25580615,0.016664123,0.27134678,0.022361953,0.16513363,0.21945384,0.032195546,0.017038055
ZJ018920,0.034762047,0.02895764,0.35837469,0.01248763,0.017741932,0.03061081,0.022482684,0.4945825
ZJ018921,0.21830542,0.28458768,0.18296534,0.033819325,0.041385457,0.02565726,0.09161993,0.121659614
ZJ018922,0.039026875,0.023088695,0.010992569,0.009187636,0.020991705,0.025685979,0.07415642,0.7968702
ZJ018923,0.91528124,0.009077961,0.0107578095,0.009255602,0.011033631,0.018570682,0.017355567,0.008667544
ZJ018924,0.020056883,0.018568179,0.029795958,0.022899104,0.016436039,0.011759747,0.86582386,0.014660199
ZJ018925,0.020110803,0.018055206,0.017670384,0.014807272,0.025467282,0.8699449,0.0154274255,0.018516762
ZJ018926,0.031975918,0.029478354,0.08476208,0.030038346,0.017919812,0.02456271,0.7603224,0.02094039
ZJ018927,0.16670492,0.017867288,0.68561614,0.0072493963,0.011160308,0.028738365,0.058973856,0.023689797
ZJ018928,0.8501011,0.0098769795,0.018069815,0.015801022,0.013133354,0.03286791,0.044966828,0.015183009
ZJ018929,0.8615963,0.009924878,0.012420413,0.009586228,0.054902025,0.022537978,0.021928474,0.0071037523
ZJ018930,0.69131577,0.014281292,0.039639115,0.019489046,0.016709054,0.02531053,0.11162686,0.08162835
ZJ018931,0.0707637,0.0055903057,0.84093267,0.0047857887,0.008336904,0.034139525,0.016720338,0.01873081
ZJ018932,0.036262594,0.0061283554,0.1811904,0.041144833,0.012129067,0.010912937,0.009198935,0.70303285
ZJ018933,0.1318178,0.51290256,0.18103056,0.033493873,0.032227144,0.035910334,0.019518135,0.053099614
ZJ018934,0.015188632,0.017353605,0.01579551,0.015900575,0.030560417,0.8753428,0.013816873,0.016041722
ZJ018935,0.18927301,0.0719802,0.56102747,0.07028104,0.02030132,0.023527103,0.029316826,0.03429309
ZJ018936,0.045962226,0.82518524,0.019818516,0.013793739,0.017972086,0.02409905,0.036406673,0.016762508
ZJ018937,0.058708098,0.77088994,0.022933101,0.01438071,0.0319384,0.06586086,0.017875949,0.017412974
ZJ018938,0.019840991,0.027458673,0.017407654,0.010752633,0.02250855,0.8681764,0.01703945,0.016815644
ZJ018939,0.045072574,0.8396353,0.02154447,0.013728395,0.020307384,0.01727025,0.018409526,0.024032203
ZJ018940,0.06871196,0.014618016,0.601371,0.016113518,0.24536084,0.026958687,0.009665648,0.017200315
ZJ018941,0.5494628,0.011603274,0.3488323,0.0066234753,0.020261105,0.028995952,0.004494635,0.029726464
ZJ018942,0.0573334,0.79668754,0.051353622,0.012431491,0.02632623,0.019649278,0.015106313,0.021112124
ZJ018943,0.82544154,0.017130794,0.04852626,0.012128434,0.019672288,0.036344144,0.0070108213,0.03374566
ZJ018944,0.8797143,0.008750478,0.0077851936,0.014328261,0.013904171,0.032458317,0.030120134,0.012939206
ZJ018945,0.04476456,0.014180481,0.82575387,0.027348718,0.013795852,0.012981728,0.016305778,0.044869006
ZJ018946,0.026816938,0.008588246,0.4273061,0.06800536,0.010800452,0.012340515,0.013144146,0.43299827
ZJ018947,0.036033,0.8531882,0.02420399,0.0145929055,0.021688882,0.018433085,0.013966382,0.017893529
ZJ018948,0.036182784,0.85547227,0.026324747,0.011069125,0.019641591,0.021257007,0.016792012,0.013260478
ZJ018949,0.6790597,0.0317805,0.14450857,0.018622633,0.050547164,0.020202039,0.038003117,0.017276324
ZJ018950,0.034766577,0.00559834,0.87302476,0.015341175,0.009288635,0.021936774,0.008391543,0.03165215
ZJ018951,0.053062942,0.031808835,0.63706803,0.0363903,0.014057322,0.18470418,0.016749853,0.026158532
ZJ018952,0.022300497,0.021113446,0.039444067,0.017259127,0.018193742,0.012557382,0.8562069,0.012924823
ZJ018953,0.13447417,0.3641228,0.16030444,0.015598059,0.060557544,0.025911322,0.011633316,0.22739835
ZJ018954,0.038945075,0.01198716,0.024965812,0.022492304,0.01936613,0.024128858,0.8421087,0.016005939
ZJ018955,0.036104497,0.015718246,0.022793004,0.022172006,0.02283062,0.043765903,0.82098925,0.01562648
ZJ018956,0.02656056,0.026453434,0.040739376,0.013896811,0.019716224,0.8198628,0.03421595,0.01855484
ZJ018957,0.05452322,0.02341008,0.20799124,0.22203062,0.018341137,0.01811926,0.02285336,0.43273106
ZJ018958,0.19939713,0.017205045,0.6929133,0.016067917,0.017178325,0.023551561,0.015602956,0.018083718
ZJ018959,0.88554066,0.016655585,0.019212062,0.014688367,0.015407826,0.01729741,0.016191443,0.0150066065
ZJ018960,0.02333369,0.015317708,0.011859155,0.88191587,0.025911555,0.020413766,0.013386461,0.0078618275
ZJ018961,0.1274982,0.04301725,0.30353025,0.028293787,0.026631778,0.193995,0.24143174,0.035602033
ZJ018962,0.2633717,0.013761195,0.023807812,0.021325633,0.01617452,0.027850717,0.58812,0.045588456
ZJ018963,0.43462205,0.044382732,0.41559026,0.021341352,0.017223625,0.01840233,0.013733176,0.034704465
ZJ018964,0.03129612,0.01355272,0.15185758,0.057683706,0.013786271,0.020057911,0.015679201,0.69608647
ZJ018965,0.3699536,0.20794754,0.27254567,0.033614498,0.035675157,0.024598006,0.03365751,0.022008007
ZJ018966,0.028932242,0.028428078,0.025731204,0.0119553385,0.020730017,0.83935875,0.02380713,0.021057274
ZJ018967,0.051644232,0.8220156,0.036534112,0.011821403,0.019714119,0.02873162,0.012874237,0.016664734
ZJ018968,0.47519118,0.015967762,0.35498905,0.02355759,0.024930308,0.029525949,0.05386297,0.021975225
ZJ018969,0.10395646,0.012324242,0.7982527,0.014537359,0.012523077,0.009981827,0.026119774,0.022304596
ZJ018970,0.039189458,0.058186937,0.5912638,0.019878427,0.09305291,0.03146831,0.066288635,0.10067158
ZJ018971,0.06262576,0.037190653,0.08001882,0.042003907,0.017884217,0.5245642,0.22455433,0.011158129
ZJ018972,0.58181214,0.015718933,0.021739839,0.022023028,0.017265445,0.024546746,0.25074914,0.0661447
ZJ018973,0.09584685,0.027286425,0.015537793,0.011181602,0.026971785,0.7863144,0.019262055,0.017599043
ZJ018974,0.34140995,0.42217952,0.044736493,0.014522105,0.023233362,0.021589965,0.10694571,0.025382912
ZJ018975,0.0595459,0.020381695,0.031807315,0.015493895,0.021615624,0.0251938,0.032015573,0.7939462
ZJ018976,0.7704936,0.018514482,0.07616096,0.021200271,0.04242606,0.020734737,0.032253187,0.018216653
ZJ018977,0.8045209,0.017611923,0.103047706,0.01599468,0.015054092,0.016584862,0.007238872,0.019947035
ZJ018978,0.084272526,0.7574067,0.0152442325,0.014486936,0.02005141,0.026839232,0.062061545,0.019637385
ZJ018979,0.038871933,0.02724768,0.1455343,0.017446496,0.025796551,0.6622313,0.050691076,0.032180656
ZJ018980,0.05067655,0.01950412,0.024697255,0.011440309,0.019254534,0.022722615,0.019584991,0.83211964
ZJ018981,0.55697006,0.032153163,0.15591942,0.09283116,0.03617318,0.07114515,0.021297406,0.033510473
ZJ018982,0.042147934,0.0069143544,0.86732864,0.017160049,0.010693196,0.012744564,0.008658558,0.03435274
ZJ018983,0.31022286,0.012908463,0.4972275,0.016904179,0.09296796,0.044884685,0.009896623,0.0149877565
ZJ018984,0.062685244,0.015316847,0.29304764,0.113894485,0.017038388,0.015190452,0.020789202,0.46203777
ZJ018985,0.022709249,0.0074272626,0.9030135,0.009849774,0.011545355,0.016893411,0.017933613,0.010627824
ZJ018986,0.5141787,0.044598676,0.2541541,0.018519407,0.03602316,0.08457325,0.027485762,0.020467013
ZJ018987,0.33222803,0.011154714,0.2975563,0.01654913,0.023896387,0.28836203,0.015946215,0.014307226
ZJ018988,0.055475302,0.07582386,0.1990585,0.03436226,0.016624706,0.49478778,0.08872025,0.035147335
ZJ018989,0.09168021,0.0332064,0.803771,0.010918577,0.0110603,0.013887866,0.01540035,0.020075299
ZJ018990,0.034700092,0.0204397,0.7198558,0.009858563,0.009138446,0.15827519,0.038403798,0.0093284575
ZJ018991,0.026795927,0.013349987,0.021576492,0.016216202,0.015807804,0.016790451,0.8797874,0.009675711
ZJ018992,0.029538034,0.8813106,0.012728164,0.009755763,0.013396268,0.017333418,0.021776956,0.014160852
ZJ018993,0.03359419,0.008373446,0.8396309,0.014669954,0.007715092,0.0128008155,0.013435072,0.06978052
ZJ018994,0.044491995,0.008157945,0.863604,0.0118096955,0.008978199,0.010201615,0.03475986,0.017996708
ZJ018995,0.032327376,0.041244242,0.022236643,0.015723137,0.041977774,0.015614792,0.8067886,0.024087433
ZJ018996,0.029933343,0.014121196,0.021872357,0.018279975,0.011770788,0.013444468,0.014540762,0.87603724
ZJ018997,0.06108249,0.011826361,0.67422503,0.020223768,0.008134924,0.11324449,0.017359754,0.09390316
ZJ018998,0.066924036,0.79844236,0.029492525,0.017428754,0.022455534,0.019736268,0.019256784,0.026263747
ZJ018999,0.51945114,0.035835464,0.14775877,0.01846174,0.023600686,0.11758504,0.11907833,0.018228775
ZJ019000,0.0204365,0.0140510565,0.016204653,0.89012176,0.02059664,0.0116863735,0.018550592,0.008352515
ZJ019001,0.8358018,0.018527666,0.042126715,0.02725302,0.017284155,0.021881852,0.017085362,0.02003949
ZJ019002,0.04898565,0.01298283,0.806026,0.053370047,0.02476353,0.015112157,0.015255843,0.023504013
ZJ019003,0.7892442,0.08911502,0.021762757,0.011709136,0.011877264,0.027584776,0.030064628,0.018642223
ZJ019004,0.044574436,0.017830795,0.020867383,0.011582656,0.013948396,0.024491971,0.019654557,0.84704983
ZJ019005,0.05382965,0.011146265,0.025079364,0.022694524,0.019250052,0.026490707,0.8244802,0.0170293
ZJ019006,0.08795515,0.019246107,0.07946989,0.01752433,0.73870033,0.024357276,0.015924333,0.01682256
ZJ019007,0.8014785,0.019635474,0.063572876,0.018334633,0.018846072,0.04045794,0.016451903,0.021222597
ZJ019008,0.047393154,0.011792753,0.42673236,0.41619226,0.023044756,0.04310247,0.011417873,0.020324396
ZJ019009,0.023110077,0.008286511,0.9000825,0.0102580795,0.011707202,0.018864155,0.017307801,0.010383676
ZJ019010,0.033777606,0.0066941096,0.17561674,0.039070822,0.014722909,0.0104930615,0.009320991,0.7103038
ZJ019011,0.020817278,0.020806963,0.025374878,0.0152640715,0.021256912,0.8563269,0.019756926,0.020396119
ZJ019012,0.026499733,0.011251169,0.036379166,0.022118688,0.02114377,0.023646684,0.84383243,0.015128382
ZJ019013,0.025534397,0.029000703,0.04867835,0.029165475,0.034065943,0.17956832,0.6315054,0.022481393
ZJ019014,0.69254154,0.011544119,0.030110909,0.020926073,0.022105005,0.027160693,0.033650924,0.16196075
ZJ019015,0.046417627,0.018833168,0.030108253,0.011024052,0.013297741,0.026367286,0.021908687,0.8320432
ZJ019016,0.3587111,0.006667605,0.069048524,0.017654924,0.05510917,0.025060013,0.44163522,0.026113445
ZJ019017,0.12282026,0.018473705,0.6347278,0.007904742,0.010487102,0.1780894,0.015872171,0.011624853
ZJ019018,0.096557625,0.014028494,0.031624015,0.7830652,0.030594546,0.016716613,0.018520245,0.008893286
ZJ019019,0.43723032,0.1172472,0.023486454,0.012318821,0.18980144,0.17112827,0.037630346,0.011157196
ZJ019020,0.02213322,0.023010744,0.034681387,0.019288275,0.020339932,0.8357586,0.023518566,0.02126927
ZJ019021,0.61886513,0.037578456,0.093705416,0.0842149,0.0402943,0.07342694,0.014210336,0.037704535
ZJ019022,0.38942823,0.009056606,0.4634818,0.013391383,0.013310531,0.044082727,0.049315043,0.017933631
ZJ019023,0.68255234,0.13118859,0.09955528,0.009908453,0.018626316,0.017528508,0.010955025,0.029685495
ZJ019024,0.898313,0.011164183,0.01651889,0.013063899,0.017834112,0.015505008,0.013684451,0.013916561
ZJ019025,0.7164957,0.0071418555,0.06647531,0.015268283,0.018721199,0.019588662,0.1400798,0.01622926
ZJ019026,0.020017108,0.019175932,0.8778283,0.009009862,0.008531928,0.010920702,0.036706086,0.017810093
ZJ019027,0.05126741,0.80133784,0.058421385,0.018981157,0.018689776,0.013692217,0.01209187,0.025518319
ZJ019028,0.7040518,0.028741717,0.15495615,0.024890471,0.013805843,0.022344928,0.020511022,0.030698067
ZJ019029,0.012434981,0.013567232,0.012070774,0.019555291,0.01672261,0.012535843,0.8994646,0.013648716
ZJ019030,0.036935385,0.0054764515,0.8369994,0.014511826,0.013691956,0.06510867,0.015495734,0.011780659
ZJ019031,0.020768523,0.019879643,0.0345749,0.014432413,0.027620653,0.84739506,0.016415287,0.018913543
ZJ019032,0.18788786,0.016293932,0.038741704,0.03552405,0.04831575,0.019148832,0.6380833,0.016004639
ZJ019033,0.06926874,0.015037149,0.7035084,0.06835027,0.04033694,0.012015891,0.015781835,0.07570077
ZJ019034,0.7531445,0.030819459,0.048661567,0.019060548,0.0143365655,0.016416376,0.10166191,0.015899053
ZJ019035,0.047278732,0.019552235,0.05179117,0.017947689,0.03645509,0.61391246,0.029186968,0.18387568
ZJ019036,0.04016674,0.0063526966,0.8468957,0.043785084,0.013588401,0.005445977,0.0061052595,0.03766021
ZJ019037,0.02097451,0.020397538,0.016809104,0.016263174,0.017211584,0.02331469,0.8700196,0.015009764
ZJ019038,0.03523236,0.016315697,0.01908761,0.013171797,0.018284667,0.024343599,0.036058795,0.83750546
ZJ019039,0.043407045,0.7369594,0.07032464,0.028584478,0.029423228,0.03248009,0.02597408,0.032847054
ZJ019040,0.021580454,0.013211082,0.030045852,0.017035058,0.016944956,0.016254514,0.8662345,0.01869358
ZJ019041,0.394646,0.03735123,0.3155677,0.012034522,0.032169905,0.034531865,0.13799533,0.035703514
ZJ019042,0.1404277,0.3625028,0.012137951,0.021112954,0.023375837,0.035474967,0.3817401,0.023227671
ZJ019043,0.4048616,0.06509828,0.29065248,0.10219874,0.029025597,0.035619065,0.04184067,0.030703489
ZJ019044,0.86637527,0.015603303,0.02374342,0.018721689,0.016157994,0.021265058,0.020678435,0.017454864
ZJ019045,0.010607838,0.015951429,0.020474155,0.0139257535,0.017816706,0.893722,0.012665011,0.014837155
ZJ019046,0.7747092,0.021220708,0.07646666,0.01723067,0.036708307,0.023753399,0.02279589,0.027115136
ZJ019047,0.098960064,0.022293966,0.053468134,0.016189279,0.024024602,0.7143163,0.028131863,0.04261582
ZJ019048,0.4557682,0.014615576,0.35738805,0.011622662,0.028486053,0.018324478,0.088419095,0.025375823
ZJ019049,0.15307407,0.037724506,0.1883028,0.024591466,0.06538932,0.020431418,0.04286324,0.4676232
ZJ019050,0.07471841,0.005288256,0.7632657,0.0058225393,0.012992228,0.0093309535,0.020483462,0.10809844
ZJ019051,0.1783062,0.59048575,0.045926135,0.017895138,0.020185973,0.020209862,0.10488172,0.02210928
ZJ019052,0.07356941,0.036433578,0.06512062,0.015671698,0.017252257,0.036695223,0.73888844,0.016368717
ZJ019053,0.01780806,0.010624424,0.016884549,0.9107162,0.013022539,0.010216213,0.013299874,0.0074282177
ZJ019054,0.22974221,0.028517574,0.46824312,0.021358322,0.033420414,0.025262473,0.15372877,0.03972711
ZJ019055,0.020959178,0.020289581,0.022334186,0.021208474,0.026137738,0.016262908,0.8509003,0.021907702
ZJ019056,0.7419974,0.015298821,0.014734437,0.14887625,0.013684255,0.026214702,0.014070529,0.025123632
ZJ019057,0.34773552,0.023938075,0.229084,0.020928955,0.04502007,0.06457786,0.19295911,0.07575639
ZJ019058,0.47955772,0.009509252,0.08555342,0.0229149,0.024480652,0.02133323,0.3303828,0.02626804
ZJ019059,0.09408756,0.011765149,0.75612986,0.06739705,0.015255039,0.011550908,0.012336089,0.031478368
ZJ019060,0.03414286,0.018712925,0.035434466,0.037333857,0.023840085,0.029222129,0.795496,0.025817765
ZJ019061,0.0828983,0.7471938,0.048753705,0.017654328,0.024910687,0.029009623,0.01758566,0.031993896
ZJ019062,0.4720977,0.05141871,0.26997033,0.06454247,0.015874514,0.029593825,0.017891003,0.07861148
ZJ019063,0.01372766,0.012329935,0.012714969,0.021086765,0.023790983,0.016001886,0.8819501,0.018397735
ZJ019064,0.10883851,0.71208686,0.039289687,0.018325882,0.040384922,0.024157746,0.034798972,0.022117356
ZJ019065,0.030105472,0.005802925,0.9076643,0.007275232,0.008157363,0.017155452,0.010771059,0.0130682215
ZJ019066,0.83403033,0.008901513,0.032481655,0.017391058,0.017296975,0.01681607,0.055990554,0.017091922
ZJ019067,0.047584217,0.0345726,0.43109423,0.04328398,0.01928859,0.3752937,0.016019735,0.03286296
ZJ019068,0.086936265,0.037703294,0.039389543,0.020581739,0.01568186,0.015676364,0.7708883,0.013142596
ZJ019069,0.7257149,0.01862438,0.016940905,0.17114328,0.015356521,0.018851755,0.017671503,0.01569677
ZJ019070,0.20451474,0.20450352,0.013835742,0.019922515,0.019844547,0.023747236,0.4965901,0.017041622
ZJ019071,0.4141349,0.42830324,0.05259938,0.012538458,0.024390643,0.02772606,0.012553788,0.027753575
ZJ019072,0.032515395,0.82462996,0.030789996,0.011093768,0.01925291,0.04263431,0.018276103,0.020807574
ZJ019073,0.02783907,0.023574559,0.06860544,0.011811594,0.02446273,0.8144423,0.014002666,0.0152616715
ZJ019074,0.061328847,0.0058746547,0.8399153,0.0219425,0.011164697,0.018110372,0.008953724,0.032709915
ZJ019075,0.01864178,0.017359996,0.026299903,0.017834032,0.020801507,0.8653564,0.014478222,0.01922824
ZJ019076,0.08544408,0.026715724,0.42998558,0.021362916,0.038739298,0.03266705,0.348439,0.01664634
ZJ019077,0.07166245,0.0077452785,0.8340451,0.0144686615,0.01070682,0.019563166,0.01664293,0.025165582
ZJ019078,0.01976421,0.020197244,0.027312672,0.017050683,0.021106552,0.8549623,0.019913387,0.019693004
ZJ019079,0.0527927,0.025533581,0.10415193,0.0318149,0.024328077,0.014821772,0.7204774,0.026079698
ZJ019080,0.022250058,0.051342703,0.027933557,0.015498179,0.019618016,0.031754475,0.023673313,0.80792964
ZJ019081,0.040159732,0.020340785,0.07544242,0.051206898,0.030385202,0.033463534,0.7148871,0.034114443
ZJ019082,0.028948624,0.026878715,0.024780408,0.011714973,0.020618785,0.8438131,0.022058146,0.021187194
ZJ019083,0.4310732,0.017124157,0.029838298,0.015445962,0.37088153,0.03881945,0.08583621,0.010981234
ZJ019084,0.21873882,0.022783969,0.013288522,0.026022037,0.021399014,0.025622437,0.6516993,0.020445844
ZJ019085,0.18527156,0.038415283,0.5064052,0.023311622,0.016622797,0.07880401,0.10633055,0.044839036
ZJ019086,0.32198274,0.005718203,0.57476276,0.013097751,0.027958179,0.01644505,0.018724868,0.021310445
ZJ019087,0.042735722,0.028442873,0.08983256,0.036397737,0.042798195,0.027935633,0.7036394,0.028217942
ZJ019088,0.07920073,0.81427634,0.018595451,0.014785178,0.024570309,0.021624833,0.010031912,0.01691531
ZJ019089,0.06725494,0.16318162,0.6966874,0.013916156,0.0115945,0.014891547,0.011432849,0.02104107
ZJ019090,0.012499015,0.02523897,0.020590711,0.021464832,0.02097497,0.0183537,0.8620562,0.01882167
ZJ019091,0.034801245,0.01647905,0.05287954,0.54541,0.1017288,0.018183274,0.014473421,0.21604471
ZJ019092,0.029761044,0.87467974,0.023009324,0.012997943,0.015631601,0.015984712,0.013118438,0.01481719
ZJ019093,0.024262194,0.84375924,0.026070518,0.021930134,0.02555498,0.020028908,0.0121941855,0.026199818
ZJ019094,0.67392915,0.028195707,0.08494633,0.0876542,0.030959764,0.05566311,0.015224597,0.02342722
ZJ019095,0.8607683,0.01652441,0.015893105,0.021305323,0.01974648,0.029608509,0.0145488605,0.021605099
ZJ019096,0.21151824,0.020375645,0.017077155,0.025010347,0.0123291835,0.016462525,0.67235786,0.02486906
ZJ019097,0.8388929,0.010640179,0.023160145,0.018206308,0.04572902,0.021619603,0.023088906,0.018663045
ZJ019098,0.14633103,0.09841852,0.43125907,0.022638211,0.019422827,0.10636441,0.1234562,0.052109748
ZJ019099,0.23326068,0.0147655625,0.30029756,0.01016576,0.018450962,0.11772793,0.27774486,0.027586741
ZJ019100,0.01314455,0.011192063,0.8891841,0.0076106577,0.03391481,0.01425714,0.0133582475,0.017338483
ZJ019101,0.14106019,0.018562576,0.09386771,0.017233875,0.017399997,0.022782525,0.6771168,0.011976315
ZJ019102,0.39704692,0.013943021,0.26740482,0.01632756,0.050346095,0.032405466,0.20211796,0.020408113
ZJ019103,0.04976494,0.009587092,0.06664451,0.03972586,0.018360743,0.02060027,0.016194027,0.77912253
ZJ019104,0.034567162,0.010504831,0.86361474,0.016610084,0.01078695,0.010345584,0.0081082955,0.04546239
ZJ019105,0.45678335,0.016123753,0.39693663,0.012144412,0.0082266135,0.018418435,0.01733221,0.074034594
ZJ019106,0.053367015,0.78462344,0.049918607,0.017026542,0.030525545,0.024250027,0.0133188935,0.026969967
ZJ019107,0.036711443,0.7678366,0.084830135,0.021710102,0.026937319,0.028010845,0.011425496,0.02253802
ZJ019108,0.8723076,0.018146051,0.011797014,0.016549543,0.016365392,0.028766397,0.015527221,0.020540813
ZJ019109,0.4016586,0.18261133,0.11688512,0.07105514,0.039313793,0.022540212,0.016975401,0.14896046
ZJ019110,0.010502678,0.016178194,0.012146385,0.018976538,0.0141218295,0.014051497,0.89658386,0.017439134
ZJ019111,0.124731794,0.021923933,0.6091809,0.016595135,0.022988815,0.01770441,0.16382776,0.023047226
ZJ019112,0.0568536,0.014871629,0.7967384,0.024214935,0.016686441,0.046908785,0.009300792,0.03442542
ZJ019113,0.38908282,0.013173224,0.44550678,0.017768882,0.06642922,0.041852612,0.009110624,0.017075896
ZJ019114,0.018632172,0.020373872,0.02352673,0.01983583,0.024217678,0.014299112,0.8601721,0.018942479
ZJ019115,0.059352435,0.75071335,0.042339522,0.015026136,0.022986894,0.06940302,0.014847109,0.025331562
ZJ019116,0.7801778,0.008468578,0.047300857,0.008624958,0.012468064,0.100728326,0.029423222,0.012808191
ZJ019117,0.054659445,0.8135974,0.02012534,0.013411546,0.017301457,0.024102714,0.042029362,0.014772748
ZJ019118,0.034541566,0.023987252,0.45169362,0.0274965,0.015101603,0.21117523,0.024444563,0.21155968
ZJ019119,0.48186848,0.008483108,0.4279494,0.0072416193,0.019296536,0.027247775,0.0044508586,0.023462253
ZJ019120,0.13442454,0.040326394,0.65699023,0.018311275,0.011093343,0.018477125,0.08620367,0.0341735
ZJ019121,0.8752305,0.01398952,0.02232574,0.016802253,0.018489892,0.018649228,0.011519619,0.022993222
ZJ019122,0.22050367,0.025960559,0.024666552,0.021905031,0.012513258,0.020717308,0.6364261,0.03730756
ZJ019123,0.04885607,0.020790052,0.016509784,0.77382845,0.019991511,0.08522292,0.024517784,0.010283469
ZJ019124,0.03853602,0.8362164,0.022137746,0.012355681,0.029518573,0.029649546,0.015374077,0.016212014
ZJ019125,0.03565008,0.0113512445,0.035437603,0.014333367,0.01210803,0.008411929,0.87311757,0.009590211
ZJ019126,0.8993637,0.0146856895,0.012181009,0.013147508,0.015241958,0.019535294,0.010197139,0.015647752
ZJ019127,0.037033137,0.013031939,0.23902003,0.013005932,0.025388196,0.63780516,0.017382754,0.017332843
ZJ019128,0.31514785,0.06921506,0.41127458,0.019101279,0.055122145,0.083793595,0.02959174,0.016753754
ZJ019129,0.021935126,0.0075665913,0.74575704,0.025855308,0.00960172,0.010885958,0.0098368265,0.16856144
ZJ019130,0.025256291,0.86905766,0.0200434,0.013972017,0.019631652,0.01774293,0.014957582,0.0193385
ZJ019131,0.01836042,0.018021705,0.02544181,0.014961809,0.015552473,0.011102437,0.8834462,0.0131131355
ZJ019132,0.009376607,0.012832865,0.017449513,0.015044615,0.021129748,0.021967823,0.8843404,0.017858459
ZJ019133,0.34233665,0.062058926,0.39580017,0.0092822295,0.01766327,0.023519462,0.123525,0.025814304
ZJ019134,0.86016864,0.007904914,0.040553965,0.013003419,0.014256979,0.014711121,0.03185971,0.017541245
ZJ019135,0.88423455,0.016825734,0.02142769,0.013535189,0.014808649,0.022160474,0.015087756,0.01191999
ZJ019136,0.019533552,0.02342465,0.024913946,0.013140792,0.020171113,0.8694064,0.012130498,0.01727908
ZJ019137,0.3459147,0.042334504,0.043246325,0.04159236,0.03947589,0.100432776,0.029136231,0.35786724
ZJ019138,0.3714777,0.009391732,0.5250616,0.010826862,0.016922856,0.015158653,0.016123263,0.035037294
ZJ019139,0.076091014,0.015387011,0.44693962,0.064087674,0.019756125,0.016999485,0.020813404,0.33992568
ZJ019140,0.0323563,0.009252409,0.8681359,0.03920617,0.00676999,0.012615018,0.015396096,0.016268022
ZJ019141,0.03397034,0.017247546,0.032004446,0.015632704,0.022187607,0.022312392,0.020520499,0.8361244
ZJ019142,0.11505822,0.014275456,0.5990092,0.008990981,0.012332067,0.021243943,0.21495643,0.014133756
ZJ019143,0.018174818,0.02580004,0.6695353,0.015576931,0.072297946,0.1584709,0.020770459,0.01937365
ZJ019144,0.011492476,0.01242952,0.027399888,0.029354453,0.024573585,0.024183152,0.8511863,0.019380677
ZJ019145,0.022209793,0.0059048026,0.06059314,0.02565344,0.011381068,0.009415504,0.0074600712,0.85738224
ZJ019146,0.1244875,0.012137818,0.65348226,0.025225788,0.06938678,0.0770715,0.019063285,0.0191451
ZJ019147,0.86314404,0.020832831,0.014255359,0.018301709,0.021928955,0.021061657,0.025381643,0.015093814
ZJ019148,0.73525167,0.025983116,0.04231004,0.034104332,0.02513271,0.040890813,0.024433156,0.07189411
ZJ019149,0.76732343,0.020128755,0.089644395,0.017641181,0.04335251,0.021044007,0.017666714,0.023199026
ZJ019150,0.021656029,0.019841926,0.020371715,0.042340707,0.028224368,0.82705754,0.01626584,0.024241885
ZJ019151,0.029598832,0.027547464,0.040398866,0.023393683,0.020472163,0.01739191,0.8256896,0.015507418
ZJ019152,0.81674683,0.012884753,0.013616842,0.013867217,0.021044254,0.08887283,0.01837985,0.014587465
ZJ019153,0.07160924,0.8054638,0.028918529,0.015794111,0.023792107,0.016656706,0.015660865,0.02210454
ZJ019154,0.05230881,0.7887282,0.05088973,0.015855512,0.026493872,0.023874039,0.014074877,0.027775008
ZJ019155,0.26478466,0.06533652,0.58509725,0.0143860085,0.016303552,0.015386033,0.012476086,0.026229922
ZJ019156,0.094637334,0.0136494255,0.80883664,0.0151504,0.017291386,0.012292947,0.0179729,0.020168956
ZJ019157,0.020785391,0.024609793,0.030364875,0.017572317,0.022537181,0.8404856,0.02308861,0.020556318
ZJ019158,0.067995146,0.014916259,0.7773561,0.011931444,0.0103370845,0.018175691,0.07604704,0.023241289
ZJ019159,0.2012989,0.021758258,0.63348925,0.04477077,0.011567778,0.03726382,0.014993221,0.034858014
ZJ019160,0.019488672,0.018209964,0.01721423,0.021906333,0.024083052,0.018466068,0.8629965,0.017635211
ZJ019161,0.15071864,0.008572218,0.76589733,0.010877108,0.015204531,0.014147902,0.011338571,0.023243675
ZJ019162,0.7049105,0.016670706,0.1287025,0.034839418,0.015563537,0.022279337,0.02388088,0.053153105
ZJ019163,0.55965567,0.3077412,0.042834725,0.010302246,0.014168923,0.01615622,0.032312065,0.016829
ZJ019164,0.059335273,0.00716629,0.8427847,0.014086223,0.010776492,0.018489162,0.027997432,0.01936446
ZJ019165,0.20011544,0.006891033,0.71746486,0.010066565,0.019996172,0.0122721875,0.010299665,0.022894124
ZJ019166,0.5267708,0.07881599,0.23223291,0.00884162,0.03459794,0.02733036,0.057483774,0.033926588
ZJ019167,0.022731397,0.8784849,0.013810317,0.011354667,0.017275034,0.025660401,0.0152967945,0.015386435
ZJ019168,0.01732563,0.015453331,0.036208965,0.01346512,0.02073871,0.8670376,0.012889847,0.016880833
ZJ019169,0.05638228,0.0076702535,0.8355982,0.022204887,0.011538159,0.005811392,0.007239125,0.053555775
ZJ019170,0.087393515,0.018500226,0.12799148,0.018574445,0.036149748,0.6234121,0.021846166,0.06613231
ZJ019171,0.11467852,0.018195441,0.03915634,0.0689768,0.017275617,0.024334734,0.021401385,0.6959812
ZJ019172,0.53726834,0.032590047,0.02960076,0.3241026,0.020749183,0.024196908,0.013284867,0.018207287
ZJ019173,0.014740563,0.012436819,0.015451393,0.019829215,0.016698215,0.016206248,0.8897387,0.01489892
ZJ019174,0.025988726,0.009714078,0.17675035,0.013125801,0.72803324,0.01525867,0.017725552,0.013403565
ZJ019175,0.046571698,0.79393846,0.024822844,0.017168647,0.038000878,0.030540986,0.0321473,0.016809175
ZJ019176,0.20993625,0.009575008,0.5620913,0.018856706,0.020890813,0.024675583,0.12581338,0.02816096
ZJ019177,0.4241128,0.044494417,0.43713808,0.015805399,0.019686073,0.027142793,0.011107899,0.02051255
ZJ019178,0.022632798,0.008842832,0.8972031,0.0106895715,0.012910508,0.01863583,0.01874163,0.010343796
ZJ019179,0.47243124,0.0181634,0.25244507,0.028365536,0.037738252,0.063335165,0.09137299,0.03614838
ZJ019180,0.033331428,0.023570722,0.12585329,0.035117205,0.60487837,0.035247643,0.024454385,0.11754697
ZJ019181,0.22419803,0.06611234,0.32562435,0.108261265,0.021120533,0.045220546,0.16689143,0.04257151
ZJ019182,0.02425587,0.0066672536,0.03389798,0.8961999,0.012540705,0.008836992,0.00832752,0.009273817
ZJ019183,0.8501315,0.017103678,0.020374624,0.019466307,0.022108661,0.03070277,0.018946946,0.021165548
ZJ019184,0.7687852,0.01381658,0.122162975,0.027087275,0.01989694,0.016958982,0.015589136,0.015702978
ZJ019185,0.049257454,0.019208096,0.232778,0.030056983,0.023268491,0.013134785,0.01442865,0.6178676
ZJ019186,0.07875886,0.0076721953,0.8143959,0.025728637,0.017116135,0.010252632,0.0091364775,0.036939126
ZJ019187,0.066132,0.014014606,0.041703697,0.012511804,0.01750012,0.024839846,0.8101578,0.013140115
ZJ019188,0.2150648,0.01751774,0.5608327,0.009208943,0.08441807,0.0096670985,0.07565055,0.027640207
ZJ019189,0.8717125,0.015355404,0.016701018,0.017797215,0.016647074,0.027754415,0.014327518,0.019705018
ZJ019190,0.2604012,0.006525746,0.58657694,0.040825263,0.0351212,0.025382508,0.013786457,0.03138073
ZJ019191,0.39234346,0.27119687,0.23297714,0.0134024,0.020901777,0.017049978,0.021105755,0.031022668
ZJ019192,0.037148654,0.039522946,0.01791756,0.02088226,0.016934272,0.036853787,0.81106395,0.019676631
ZJ019193,0.27210078,0.030792778,0.58350104,0.019004233,0.0074312924,0.01055251,0.009868904,0.06674843
ZJ019194,0.02046499,0.01887173,0.018942941,0.015404497,0.02862741,0.86522955,0.014779555,0.01767933
ZJ019195,0.60998785,0.018509122,0.20464964,0.021174034,0.025495216,0.07139663,0.026556695,0.022230906
ZJ019196,0.7593881,0.023545718,0.053053237,0.05480581,0.025094686,0.048594248,0.017106168,0.018412033
ZJ019197,0.020237902,0.021303624,0.018346606,0.014953314,0.021998042,0.86825687,0.01671258,0.018191135
ZJ019198,0.023641905,0.8520786,0.01824068,0.01713716,0.029376108,0.025434583,0.017823456,0.01626751
ZJ019199,0.6308513,0.015306162,0.14094427,0.020964796,0.03408573,0.038775884,0.090564035,0.028507793
ZJ019200,0.6467578,0.027297258,0.0465063,0.04885411,0.02234505,0.051485647,0.021362804,0.13539098
ZJ019201,0.5161511,0.057109483,0.24445228,0.016719574,0.09428695,0.020555409,0.031054351,0.019670963
ZJ019202,0.12266578,0.045305844,0.07443745,0.017903661,0.026304258,0.6469609,0.03867173,0.02775043
ZJ019203,0.037259277,0.012453899,0.85720634,0.040313955,0.0065319673,0.020153401,0.010222092,0.015859071
ZJ019204,0.034522425,0.019790528,0.016128056,0.8605223,0.021801207,0.024996003,0.013833739,0.008405763
ZJ019205,0.12804931,0.018213062,0.33873376,0.057134982,0.07309045,0.010966221,0.026386622,0.34742564
ZJ019206,0.19944376,0.45728555,0.18349724,0.029524272,0.041634183,0.04000705,0.019059652,0.029548293
ZJ019207,0.8589428,0.019876106,0.0154831065,0.018718595,0.01898447,0.030861592,0.01582981,0.021303512
ZJ019208,0.05806933,0.015760997,0.38913888,0.0664193,0.019395487,0.020713262,0.02076621,0.4097366
ZJ019209,0.09334827,0.012048034,0.06076469,0.02094344,0.7307628,0.017425153,0.014145816,0.05056187
ZJ019210,0.14274544,0.020224158,0.7180968,0.015267638,0.02809971,0.024614362,0.031483643,0.019468227
ZJ019211,0.100621,0.011958796,0.74418473,0.06197683,0.014847378,0.014293044,0.011162042,0.04095622
ZJ019212,0.8672456,0.018580738,0.017666038,0.013615551,0.020067235,0.020564163,0.017442925,0.024817768
ZJ019213,0.022149928,0.014108834,0.012131395,0.016379977,0.028701609,0.020792654,0.013380718,0.8723549
ZJ019214,0.3832732,0.050019145,0.40993616,0.014558032,0.030930985,0.031017242,0.036629975,0.04363526
ZJ019215,0.13167326,0.020337922,0.2978157,0.026447957,0.032663878,0.030213965,0.3064501,0.15439723
ZJ019216,0.03769048,0.007914689,0.84727,0.042357232,0.013210696,0.005566454,0.0061775935,0.03981284
ZJ019217,0.7930178,0.008614217,0.062145036,0.011768556,0.033756122,0.025552427,0.04917049,0.015975397
ZJ019218,0.7870206,0.014971109,0.028530225,0.02019543,0.030087883,0.03300902,0.06363317,0.022552568
ZJ019219,0.03061766,0.022294743,0.025247758,0.014002007,0.021904618,0.85043377,0.018287128,0.01721232
ZJ019220,0.039089918,0.55611056,0.022329101,0.025299037,0.03622994,0.059328254,0.24426715,0.017346045
ZJ019221,0.038954433,0.027996605,0.06314645,0.018139293,0.02792998,0.7801699,0.020868821,0.022794468
ZJ019222,0.46564013,0.031048167,0.038426105,0.041484214,0.06532975,0.046133008,0.0339495,0.27798912
ZJ019223,0.16152774,0.0135101,0.017196108,0.021285279,0.020004611,0.021628426,0.7222199,0.022627909
ZJ019224,0.87726176,0.018280447,0.011072785,0.01487045,0.019708881,0.028414695,0.014942914,0.015448122
ZJ019225,0.046459503,0.017879609,0.38055965,0.01966536,0.4763382,0.02443547,0.012698141,0.021964042
ZJ019226,0.03743896,0.008412324,0.83000565,0.00864677,0.01976183,0.07124905,0.013190249,0.011295109
ZJ019227,0.86665744,0.016149208,0.023942042,0.014891279,0.016982917,0.027371889,0.014015863,0.01998941
ZJ019228,0.05129851,0.007866806,0.84322375,0.022456376,0.01642361,0.009930382,0.011050771,0.037749786
ZJ019229,0.86892444,0.017121086,0.016658297,0.017646914,0.01756521,0.025680143,0.018524578,0.01787934
ZJ019230,0.08076857,0.017988926,0.06686746,0.0371924,0.025935829,0.030042041,0.71212333,0.029081408
ZJ019231,0.02921973,0.87063134,0.020507919,0.011255632,0.023094898,0.019804914,0.012840106,0.012645519
ZJ019232,0.79489386,0.019212669,0.06334081,0.019589594,0.04095762,0.021509094,0.021826798,0.01866959
ZJ019233,0.8711379,0.013406957,0.010941818,0.012171117,0.04210978,0.021051427,0.016932998,0.012247989
ZJ019234,0.46566826,0.02897459,0.0064599104,0.011866174,0.121718906,0.24680105,0.1049959,0.013515209
ZJ019235,0.041959226,0.0068155522,0.8777658,0.020187885,0.014028701,0.010029719,0.009716586,0.01949658
ZJ019236,0.03245938,0.8611147,0.023495164,0.016401667,0.017514335,0.021144489,0.010952752,0.016917521
ZJ019237,0.10894325,0.034454115,0.32257554,0.036854263,0.023835985,0.0764634,0.36213732,0.034736127
ZJ019238,0.22260296,0.1541142,0.099558376,0.018059706,0.02221225,0.05700564,0.40439948,0.022047363
ZJ019239,0.034884326,0.06297695,0.45248517,0.09122609,0.027213087,0.11939948,0.13365532,0.07815956
ZJ019240,0.06086701,0.8053069,0.016380522,0.01665367,0.023423309,0.016430056,0.04544685,0.015491626
ZJ019241,0.02065234,0.022637697,0.021931931,0.015391797,0.021053333,0.86206704,0.018212033,0.018053928
ZJ019242,0.21855812,0.097842574,0.37228942,0.032339577,0.083823234,0.03950846,0.018752923,0.13688575
ZJ019243,0.031189665,0.0139107695,0.10702246,0.03605747,0.0189159,0.018338084,0.017133065,0.75743264
ZJ019244,0.08180299,0.018543182,0.35821253,0.09948953,0.017606143,0.027089445,0.020657526,0.37659866
ZJ019245,0.42715016,0.025727198,0.15434413,0.024689324,0.030666718,0.043802258,0.187795,0.10582526
ZJ019246,0.054836597,0.010127026,0.41166788,0.011851216,0.45846683,0.0128781935,0.016142895,0.02402938
ZJ019247,0.042924035,0.8615384,0.022271395,0.012383926,0.015750006,0.01765974,0.011272433,0.016200095
ZJ019248,0.88019955,0.018072417,0.0140695525,0.012783363,0.018611934,0.025465196,0.013388536,0.017409468
ZJ019249,0.2836996,0.08900746,0.11382737,0.015782798,0.03364419,0.096033506,0.34131193,0.026693145
ZJ019250,0.30617297,0.012034962,0.45653352,0.026979867,0.13852102,0.022503993,0.012488427,0.02476527
ZJ019251,0.28065926,0.024798755,0.5371354,0.01222732,0.017891442,0.016648805,0.08161004,0.029029032
ZJ019252,0.022853909,0.88601494,0.012753168,0.010903927,0.017542422,0.019960817,0.014779046,0.015191749
ZJ019253,0.048279125,0.014640567,0.8221275,0.028244128,0.016320903,0.011328227,0.018792793,0.040266704
ZJ019254,0.03868882,0.8491441,0.015919596,0.012965895,0.024910465,0.02901559,0.013063191,0.016292324
ZJ019255,0.40568146,0.05850169,0.16897915,0.1961081,0.054833245,0.044441283,0.016054934,0.055400133
ZJ019256,0.095357284,0.74830496,0.028564816,0.021012174,0.024939131,0.03278944,0.016291562,0.0327407
ZJ019257,0.03465881,0.8564097,0.026360957,0.015541929,0.018953407,0.02090004,0.011012071,0.01616306
ZJ019258,0.019371055,0.016768321,0.02793926,0.017152514,0.020516736,0.8654664,0.0139907645,0.018794956
ZJ019259,0.019546976,0.019576335,0.022900084,0.01804305,0.01979108,0.8633793,0.01797518,0.018788014
ZJ019260,0.018278018,0.013665847,0.016246751,0.02255514,0.0189143,0.0127294455,0.8754693,0.022141198
ZJ019261,0.096090205,0.0122164525,0.74148357,0.06021704,0.01739153,0.008330077,0.015247039,0.049024127
ZJ019262,0.18002677,0.34525448,0.31405336,0.02446279,0.045799967,0.035623666,0.018548518,0.036230497
ZJ019263,0.03202434,0.007242111,0.87003106,0.026296303,0.010290655,0.0044446974,0.00514704,0.044523835
ZJ019264,0.032844823,0.019738482,0.25639093,0.08946156,0.4795683,0.014499306,0.012999089,0.09449758
ZJ019265,0.059568822,0.0083055785,0.7100218,0.021712214,0.009461067,0.023333019,0.030955404,0.13664214
ZJ019266,0.52587134,0.021541312,0.26025113,0.019894693,0.08522681,0.03056545,0.03500903,0.021640224
ZJ019267,0.021211827,0.037388735,0.010661668,0.018020859,0.02490793,0.017461589,0.8554792,0.014868261
ZJ019268,0.59074575,0.03819254,0.19157489,0.018136498,0.07327424,0.048322424,0.025438303,0.014315468
ZJ019269,0.016075065,0.012289225,0.015462493,0.021371204,0.018511038,0.012030438,0.8834173,0.02084325
ZJ019270,0.022739792,0.3666037,0.032463536,0.021874446,0.028358577,0.033392787,0.015308705,0.4792584
ZJ019271,0.03681965,0.76085085,0.090116166,0.021454325,0.026867026,0.028447304,0.011804194,0.023640512
ZJ019272,0.023897214,0.017803658,0.020583939,0.015106149,0.027546877,0.8586785,0.01621978,0.020163855
ZJ019273,0.34206283,0.018830752,0.032990765,0.03793047,0.041537102,0.02045112,0.48995396,0.01624303
ZJ019274,0.07635757,0.023040283,0.03185503,0.7277828,0.017169446,0.09772872,0.01501281,0.011053389
ZJ019275,0.024878008,0.015935814,0.023159511,0.02269948,0.01969449,0.013375315,0.85549974,0.024757678
ZJ019276,0.15126914,0.0061353515,0.7678284,0.018592251,0.017118782,0.007947961,0.011598798,0.019509396
ZJ019277,0.8442097,0.005128907,0.08454353,0.008419407,0.019367706,0.017978614,0.010999581,0.009352579
ZJ019278,0.030700672,0.013627211,0.019543663,0.020201564,0.019584103,0.014885041,0.8633399,0.018117858
ZJ019279,0.8474315,0.014138182,0.05253262,0.01731964,0.021406272,0.016363885,0.012760611,0.018047357
ZJ019280,0.06443428,0.011820117,0.53271484,0.010814671,0.31913266,0.018462967,0.019427598,0.02319287
ZJ019281,0.5972323,0.01574622,0.1222585,0.012376358,0.029452026,0.011120793,0.18646346,0.02535035
ZJ019282,0.021078087,0.026249468,0.7029419,0.047917508,0.016582966,0.07227433,0.071593046,0.0413627
ZJ019283,0.024359366,0.007834075,0.7107921,0.06255712,0.011205303,0.012040286,0.012086308,0.15912543
ZJ019284,0.3674473,0.23788846,0.2795528,0.020087212,0.02203008,0.031049434,0.0125010535,0.02944367
ZJ019285,0.043458443,0.011865056,0.04187122,0.022269493,0.019199114,0.019476056,0.016009139,0.82585144
ZJ019286,0.6382677,0.029623238,0.055265356,0.1625365,0.02275302,0.050993126,0.02127345,0.019287614
ZJ019287,0.06523005,0.013904135,0.5534218,0.011938032,0.027810916,0.28775004,0.022394832,0.017550202
ZJ019288,0.08932453,0.0169735,0.17198756,0.027886022,0.034281787,0.028031627,0.5894538,0.042061217
ZJ019289,0.110061005,0.010803366,0.7854256,0.013934481,0.006335263,0.019364862,0.020484416,0.033591054
ZJ019290,0.035213243,0.025412703,0.031127019,0.015365939,0.021714574,0.83486986,0.01889658,0.017400043
ZJ019291,0.84575063,0.015556394,0.01243291,0.025321638,0.0136062745,0.019937089,0.013801965,0.053593185
ZJ019292,0.048461016,0.024567036,0.012867085,0.81496185,0.01901574,0.056189485,0.013447413,0.010490387
ZJ019293,0.023496622,0.021833787,0.016309164,0.0108898925,0.021955227,0.8735204,0.016996166,0.014998684
ZJ019294,0.03185311,0.026124815,0.064536974,0.024625108,0.020448862,0.020376077,0.7959773,0.016057706
ZJ019295,0.2293276,0.5432033,0.064844236,0.016356753,0.030662555,0.050205704,0.015681535,0.049718373
ZJ019296,0.03818451,0.011778205,0.06468198,0.07982495,0.016786868,0.01978633,0.013148399,0.75580883
ZJ019297,0.0321215,0.81860036,0.029830826,0.017090848,0.03544426,0.029717743,0.019140314,0.018054152
ZJ019298,0.02250345,0.88394684,0.012987546,0.0108032925,0.01720131,0.023257216,0.014272607,0.015027687
ZJ019299,0.2493248,0.06963047,0.18334264,0.017385164,0.018338842,0.034120914,0.010644117,0.41721305
ZJ019300,0.037614796,0.01248324,0.03677147,0.019064287,0.017180463,0.02058113,0.015742188,0.84056246
ZJ019301,0.05535832,0.016309438,0.052951436,0.032251205,0.025502866,0.025985552,0.7661364,0.025504783
ZJ019302,0.6613962,0.02992767,0.10150968,0.08443179,0.025419509,0.045842476,0.018862953,0.032609753
ZJ019303,0.14946966,0.047354747,0.48847112,0.031179784,0.0314272,0.03527301,0.18771689,0.029107554
ZJ019304,0.8729543,0.018642057,0.0204245,0.015782444,0.0153365005,0.021548798,0.016169814,0.019141674
ZJ019305,0.15539822,0.26262173,0.050035257,0.025232822,0.046192348,0.03875318,0.3946256,0.027140886
ZJ019306,0.017699417,0.031117065,0.024423512,0.02194841,0.021886177,0.019003313,0.8453159,0.018606348
ZJ019307,0.043638792,0.01956116,0.82441056,0.0115504395,0.0073387246,0.021208255,0.04710338,0.025188688
ZJ019308,0.056229472,0.018922603,0.0424426,0.015347637,0.017739028,0.02050787,0.019157073,0.8096537
ZJ019309,0.39075166,0.019453842,0.27619252,0.017492088,0.022021754,0.030428061,0.040109202,0.20355093
ZJ019310,0.77774346,0.016948167,0.021598503,0.014792633,0.016079105,0.020894988,0.110790156,0.02115293
ZJ019311,0.023191214,0.88532764,0.0131551875,0.014148806,0.019288594,0.019171804,0.0109011745,0.014815596
ZJ019312,0.026397455,0.023155462,0.03176108,0.020883856,0.019245386,0.83305866,0.023604777,0.021893311
ZJ019313,0.01782888,0.017919688,0.022180079,0.015058423,0.034673717,0.85966724,0.015439513,0.01723255
ZJ019314,0.041181423,0.006923731,0.8750822,0.016238917,0.009960673,0.012325297,0.007826391,0.03046128
ZJ019315,0.024254886,0.008172404,0.896138,0.010917952,0.012686193,0.0161189,0.020960212,0.01075147
ZJ019316,0.01943432,0.008575945,0.902266,0.010574157,0.012396671,0.018792545,0.017546603,0.0104136905
ZJ019317,0.03628261,0.7717891,0.08268454,0.020826647,0.02621725,0.027442997,0.0116060935,0.023150802
ZJ019318,0.015191123,0.009545275,0.9072737,0.014702846,0.006705592,0.014909133,0.013598852,0.018073477
ZJ019319,0.020666042,0.017983366,0.038974747,0.015591073,0.023250347,0.8474928,0.016073054,0.019968614
ZJ019320,0.7276916,0.024284778,0.05414485,0.087333545,0.024892583,0.042896505,0.016798005,0.021958265
ZJ019321,0.23797262,0.027385091,0.37560984,0.13949175,0.089631416,0.08345279,0.017100843,0.02935568
ZJ019322,0.018908603,0.8571035,0.014238517,0.014938474,0.03786825,0.027505284,0.016060438,0.0133768935
ZJ019323,0.6646853,0.030729605,0.08919644,0.06890332,0.040439155,0.05428796,0.02019071,0.031567484
ZJ019324,0.064798154,0.5955081,0.2143265,0.020370964,0.019561572,0.03061728,0.029456435,0.025360985
ZJ019325,0.10890537,0.036558,0.0129932305,0.027419163,0.024946956,0.023262527,0.74598783,0.0199269
ZJ019326,0.028528018,0.0074086026,0.80961984,0.057084013,0.017413348,0.007144579,0.00789992,0.06490175
ZJ019327,0.08970245,0.013796088,0.3959994,0.02248002,0.029735599,0.027330989,0.40216088,0.01879455
ZJ019328,0.21195321,0.0059248586,0.6994063,0.01360847,0.020701861,0.015741026,0.01917713,0.013487115
ZJ019329,0.83431685,0.017226238,0.019267548,0.013171208,0.020675333,0.06785112,0.011844615,0.015647145
ZJ019330,0.0221447,0.015172322,0.013104639,0.89213914,0.020436218,0.011045601,0.017526796,0.008430584
ZJ019331,0.03131153,0.027428046,0.02669309,0.011921125,0.020331321,0.83857197,0.023193453,0.02054954
ZJ019332,0.043506213,0.80897045,0.037894245,0.021179674,0.019613985,0.030304093,0.012059698,0.026471654
ZJ019333,0.019793678,0.01760117,0.023834437,0.015040171,0.015346939,0.011285185,0.8839965,0.0131019205
ZJ019334,0.84607285,0.0053963526,0.032345355,0.016011115,0.013439563,0.017264774,0.052177187,0.017292742
ZJ019335,0.028478844,0.02416043,0.036423665,0.019494105,0.024662849,0.81936866,0.025956025,0.021455428
ZJ019336,0.017122224,0.023522932,0.4362443,0.018635223,0.021139644,0.43471622,0.026069878,0.022549607
ZJ019337,0.83806944,0.017040258,0.028079584,0.019174391,0.02564469,0.035621498,0.018016662,0.018353503
ZJ019338,0.03366224,0.018535666,0.03567938,0.015451983,0.029733146,0.71915346,0.024313895,0.123470224
ZJ019339,0.021211283,0.021668157,0.0186552,0.019952988,0.021198114,0.02995872,0.8532087,0.014146856
ZJ019340,0.5985936,0.03651425,0.110064745,0.09789964,0.056266516,0.058022,0.015152985,0.027486283
ZJ019341,0.01331119,0.021058043,0.47108078,0.022741241,0.37640762,0.061445635,0.021558031,0.012397449
ZJ019342,0.08522785,0.018394431,0.017036447,0.7423792,0.0701716,0.03987815,0.015881443,0.011030926
ZJ019343,0.01774158,0.014526698,0.020287253,0.022859363,0.84410757,0.016989967,0.013354962,0.05013259
ZJ019344,0.26172805,0.029180428,0.31331462,0.021201601,0.054624725,0.056810893,0.22621031,0.0369294
ZJ019345,0.11138711,0.0068463297,0.78422946,0.008482474,0.013704556,0.018735036,0.024658538,0.031956524
ZJ019346,0.10632136,0.012419279,0.031924218,0.026908452,0.035132673,0.027170813,0.053008545,0.7071147
ZJ019347,0.033854675,0.0064472854,0.8381589,0.02755498,0.012794045,0.0066016414,0.0078024105,0.06678613
ZJ019348,0.18848471,0.026003683,0.09373383,0.01885139,0.025857288,0.3193696,0.30898455,0.018714953
ZJ019349,0.029322086,0.8488989,0.013348284,0.018273978,0.02651856,0.030632174,0.012836652,0.02016934
ZJ019350,0.8110328,0.011936284,0.039909087,0.007440311,0.019627783,0.015741194,0.014142086,0.08017055
ZJ019351,0.772989,0.0149915805,0.11116586,0.018088823,0.027011199,0.022745425,0.013378038,0.019630179
ZJ019352,0.08094522,0.7345933,0.037611607,0.018278135,0.032985985,0.04801027,0.021335289,0.026240198
ZJ019353,0.06084692,0.45459387,0.21856669,0.019716898,0.026596293,0.031958293,0.05144992,0.1362712
ZJ019354,0.1133335,0.5940855,0.11991165,0.0360983,0.03980896,0.034511503,0.035615426,0.026635155
ZJ019355,0.041948766,0.013459531,0.080109335,0.04493331,0.017659,0.01643568,0.019806758,0.7656476
ZJ019356,0.09298277,0.026657054,0.5912058,0.008921258,0.030089384,0.08495765,0.15203781,0.01314827
ZJ019357,0.21463673,0.616707,0.05431235,0.016191093,0.024383543,0.026925227,0.014454558,0.032389447
ZJ019358,0.12596592,0.02770333,0.5836805,0.026742553,0.102703705,0.05562228,0.034347996,0.04323374
ZJ019359,0.070179306,0.020845363,0.013929655,0.8287628,0.019725481,0.024049863,0.013240213,0.009267363
ZJ019360,0.09318742,0.3754882,0.37420222,0.025368035,0.04972155,0.039015602,0.008740005,0.034277022
ZJ019361,0.02410925,0.029006237,0.026948998,0.015510735,0.024798376,0.8362074,0.024168996,0.019249994
ZJ019362,0.09111648,0.79778945,0.020081762,0.018311577,0.019907115,0.018612217,0.012365694,0.021815723
ZJ019363,0.0716723,0.009025935,0.8423439,0.014740101,0.009249204,0.015093419,0.01521293,0.02266227
ZJ019364,0.032997165,0.010674317,0.86118454,0.012764451,0.008577203,0.021248838,0.03690414,0.015649378
ZJ019365,0.04216068,0.026711667,0.014950774,0.8062131,0.028586814,0.05531645,0.016106414,0.009954152
ZJ019366,0.06606993,0.02506744,0.7565844,0.009855174,0.0072552674,0.029317234,0.08887897,0.016971607
ZJ019367,0.036330327,0.015739366,0.016064247,0.010483875,0.02035402,0.024808947,0.053661555,0.8225576
ZJ019368,0.35989344,0.38438135,0.014093086,0.014558516,0.020080505,0.02026814,0.17023559,0.01648936
ZJ019369,0.018379634,0.016614653,0.017162785,0.016133532,0.021455377,0.87153435,0.011272974,0.0274467
ZJ019370,0.8834058,0.018656766,0.01332515,0.013836348,0.015149089,0.021876693,0.020641262,0.013108879
ZJ019371,0.13047461,0.017047653,0.57898676,0.021195779,0.012689896,0.02111889,0.20973854,0.008747915
ZJ019372,0.08248453,0.124339275,0.29998368,0.01340791,0.018838046,0.025482247,0.06157742,0.3738869
ZJ019373,0.02184297,0.009320025,0.89561653,0.0103029255,0.012464414,0.018066205,0.021440824,0.010946075
ZJ019374,0.03254802,0.015018969,0.013782698,0.020054618,0.01901941,0.02109221,0.017721932,0.8607621
ZJ019375,0.17057705,0.016123204,0.5871267,0.03176106,0.019234657,0.018772064,0.017285738,0.13911957
ZJ019376,0.011960747,0.013549295,0.010305392,0.01785135,0.014666068,0.011049438,0.90553075,0.015086906
ZJ019377,0.056104958,0.0075788186,0.8576663,0.014733528,0.009246197,0.018907031,0.0125621185,0.023201039
ZJ019378,0.6717202,0.031606194,0.08930996,0.080194674,0.04667581,0.040395334,0.015447649,0.024650147
ZJ019379,0.063609496,0.7295721,0.079011925,0.020950286,0.029331459,0.03140511,0.017842483,0.028277144
ZJ019380,0.35965523,0.019508176,0.123791076,0.008594624,0.016824296,0.058186598,0.38599172,0.027448354
ZJ019381,0.087445214,0.006122013,0.79615444,0.028295217,0.013431052,0.021127619,0.012581313,0.034843165
ZJ019382,0.12394052,0.5660079,0.1367342,0.034838654,0.038684994,0.047683492,0.01795564,0.034154594
ZJ019383,0.037734736,0.012160321,0.19201647,0.02247856,0.028359441,0.026015682,0.012203108,0.6690317
ZJ019384,0.024369562,0.025490964,0.024595508,0.019742792,0.026184633,0.8311658,0.0212116,0.027239103
ZJ019385,0.094450206,0.011426213,0.66502297,0.048832398,0.014150328,0.030531287,0.01761671,0.11796991
ZJ019386,0.09154877,0.014733978,0.6141521,0.06636683,0.026548782,0.010410787,0.028701577,0.14753716
ZJ019387,0.019151138,0.019628724,0.027865032,0.020133352,0.024785375,0.84458363,0.01933606,0.024516705
ZJ019388,0.040186618,0.8472377,0.028614236,0.015764738,0.018615106,0.020045009,0.011704071,0.017832575
ZJ019389,0.021962767,0.17428799,0.29062074,0.021657923,0.046932396,0.36372423,0.040858906,0.039955024
ZJ019390,0.02242201,0.008167709,0.9042716,0.009561918,0.012001329,0.017379014,0.015697716,0.010498743
ZJ019391,0.10252123,0.010416391,0.7599332,0.01224801,0.023036331,0.061336022,0.010071637,0.02043724
ZJ019392,0.025071083,0.01929818,0.03918462,0.026825015,0.017978778,0.01928229,0.83033276,0.022027282
ZJ019393,0.88559115,0.016550113,0.013265393,0.014960743,0.018587315,0.020778377,0.009537941,0.02072895
ZJ019394,0.6680946,0.008752927,0.09005351,0.019627564,0.021097481,0.018552301,0.15121482,0.022606898
ZJ019395,0.2062021,0.22521627,0.41634116,0.030828122,0.031499308,0.027910594,0.01599964,0.046002794
ZJ019396,0.8295965,0.022168089,0.041806754,0.02489193,0.017117966,0.02868073,0.014274241,0.021463765
ZJ019397,0.07120388,0.016408337,0.3993186,0.017387789,0.019093586,0.2600936,0.107223235,0.109271005
ZJ019398,0.016305635,0.027737824,0.0927155,0.022121353,0.024493577,0.7849404,0.012325389,0.019360313
ZJ019399,0.41221926,0.024529973,0.2041759,0.022167023,0.039841004,0.051676225,0.22440861,0.020981992
ZJ019400,0.70033854,0.011589157,0.04034434,0.01935594,0.014484309,0.050915826,0.060811024,0.10216087
ZJ019401,0.011064273,0.01811447,0.017386138,0.016951164,0.017708046,0.012957277,0.8908561,0.014962517
ZJ019402,0.053245243,0.8262744,0.027955944,0.012404105,0.02201075,0.02721913,0.015672939,0.015217534
ZJ019403,0.03130844,0.013432294,0.6340489,0.02613883,0.024742497,0.056673463,0.012906256,0.2007494
ZJ019404,0.045191806,0.0058667157,0.86149085,0.043488335,0.011841166,0.005158344,0.0058168224,0.02114596
ZJ019405,0.8974474,0.013133644,0.009226135,0.013915542,0.013489567,0.023478301,0.017061215,0.012248228
ZJ019406,0.9066453,0.013362573,0.019689506,0.011201387,0.009660714,0.015500543,0.01091355,0.013026397
ZJ019407,0.8826489,0.010267012,0.022560012,0.0190718,0.013330269,0.016717678,0.017364448,0.018040022
ZJ019408,0.13121703,0.6702877,0.061332744,0.017282117,0.055204343,0.026194444,0.018249122,0.020232502
ZJ019409,0.011265228,0.018966764,0.015479672,0.018912079,0.018083585,0.013252008,0.88771814,0.016322592
ZJ019410,0.07597355,0.70776093,0.02858688,0.016723491,0.04295863,0.046481274,0.0575411,0.023974216
ZJ019411,0.07921338,0.016817413,0.8003225,0.04249307,0.009200461,0.028529603,0.009363143,0.014060519
ZJ019412,0.108562075,0.037171748,0.11974645,0.028848225,0.037231214,0.043732446,0.030439813,0.594268
ZJ019413,0.040157456,0.012912189,0.78271323,0.038534366,0.013044173,0.017260758,0.016040817,0.07933708
ZJ019414,0.35703874,0.37581274,0.15778178,0.02701318,0.014046828,0.030584574,0.015686795,0.022035362
ZJ019415,0.018295923,0.018773904,0.0189085,0.021055372,0.019081032,0.87002623,0.013624425,0.020234695
ZJ019416,0.4026445,0.020429324,0.01625236,0.24377155,0.02304925,0.26068723,0.02104762,0.012118168
ZJ019417,0.05053413,0.8537885,0.014901551,0.013735172,0.0233509,0.015393353,0.0131193055,0.015177163
ZJ019418,0.08745126,0.015898408,0.44729877,0.035889547,0.024299756,0.034363654,0.011241391,0.34355724
ZJ019419,0.02165418,0.00935899,0.8972621,0.010717907,0.01279774,0.019204771,0.01894099,0.010063359
ZJ019420,0.0366571,0.024848366,0.067494236,0.032345783,0.017957991,0.019711936,0.7790229,0.021961773
ZJ019421,0.020390054,0.016338734,0.03655983,0.022045387,0.020492103,0.01228777,0.8573739,0.014512244
ZJ019422,0.029804755,0.0209914,0.035635322,0.028288973,0.027788496,0.017610785,0.82139486,0.018485447
ZJ019423,0.0177251,0.01625559,0.018332496,0.014865914,0.017838163,0.8814661,0.016021743,0.017494876
ZJ019424,0.023139369,0.010628939,0.015404666,0.01937726,0.020427773,0.021041727,0.87688094,0.013099322
ZJ019425,0.4566124,0.014851386,0.08406441,0.024016729,0.03071118,0.049917992,0.17758171,0.16224419
ZJ019426,0.15641227,0.022707013,0.267369,0.02055178,0.017787352,0.02244391,0.47503662,0.01769211
ZJ019427,0.093269445,0.013587783,0.5606355,0.24765296,0.01546898,0.012807319,0.01527102,0.041307073
ZJ019428,0.021908574,0.026983514,0.039308283,0.01573836,0.021902194,0.8414425,0.015495804,0.017220775
ZJ019429,0.18500954,0.06746955,0.62743783,0.01301939,0.019478373,0.016143283,0.008717107,0.06272492
ZJ019430,0.33575165,0.020979946,0.5157599,0.006961399,0.018178275,0.008914246,0.08470332,0.008751291
ZJ019431,0.023931244,0.01867151,0.036108974,0.009126194,0.020996222,0.8629843,0.01390557,0.01427597
ZJ019432,0.02869922,0.005105124,0.8764761,0.012181006,0.010958785,0.044129875,0.009630642,0.012819248
ZJ019433,0.12944788,0.01704101,0.07848055,0.18548258,0.058107853,0.037721854,0.02142073,0.47229758
ZJ019434,0.16330367,0.02305357,0.48654386,0.015320874,0.032444526,0.2249553,0.015474314,0.038903896
ZJ019435,0.21737342,0.012854958,0.34429446,0.012729033,0.021986466,0.029366707,0.33569422,0.025700796
ZJ019436,0.060585316,0.8132187,0.021314612,0.0155187,0.027775316,0.033428427,0.014657515,0.01350154
ZJ019437,0.06438725,0.77380466,0.038241066,0.021445675,0.022550166,0.018775737,0.012303519,0.04849196
ZJ019438,0.048143882,0.17235921,0.09895513,0.017623609,0.023269778,0.079197876,0.54509705,0.015353528
ZJ019439,0.094705954,0.028321618,0.12490425,0.020245165,0.02333652,0.070666924,0.6099854,0.027834183
ZJ019440,0.06292378,0.792149,0.03837748,0.017502965,0.015518255,0.034444757,0.0115671875,0.027516613
ZJ019441,0.8664964,0.0144689055,0.02303605,0.0163263,0.020280888,0.02114154,0.016131654,0.022118319
ZJ019442,0.0252382,0.021455286,0.035862427,0.013907455,0.01957816,0.83327216,0.030734975,0.019951327
ZJ019443,0.9013631,0.01220488,0.0137023395,0.008878878,0.02349644,0.016600823,0.012754211,0.010999383
ZJ019444,0.21100691,0.016305942,0.39077836,0.059499767,0.06270404,0.012282477,0.026224464,0.22119807
ZJ019445,0.20461023,0.017583719,0.28248045,0.016965806,0.01897095,0.04319109,0.39433596,0.021861756
ZJ019446,0.020548133,0.019291354,0.026118463,0.015778823,0.021564,0.8611161,0.016101597,0.019481523
ZJ019447,0.018984891,0.012863414,0.015686868,0.021917451,0.020224083,0.020603752,0.87055683,0.019162744
ZJ019448,0.19489446,0.028599093,0.022983056,0.6729593,0.024439817,0.02982443,0.015586597,0.010713208
ZJ019449,0.056000095,0.74735326,0.052798916,0.034483682,0.02982459,0.035908755,0.015626272,0.028004408
ZJ019450,0.057181813,0.01642372,0.35654125,0.080372274,0.019786902,0.021064172,0.020864997,0.4277649
ZJ019451,0.019883526,0.007003102,0.8483853,0.017761597,0.008848571,0.016683472,0.043541193,0.037893273
ZJ019452,0.039843675,0.009083141,0.4606204,0.07704061,0.016594123,0.014011972,0.012585475,0.37022063
ZJ019453,0.02619893,0.023799669,0.021164326,0.010679433,0.017393092,0.8623293,0.021113873,0.017321358
ZJ019454,0.021361697,0.011763164,0.012520939,0.018568186,0.016734917,0.02180634,0.014319307,0.88292545
ZJ019455,0.44954672,0.093013965,0.3475817,0.016224584,0.020315675,0.02618129,0.020358205,0.026777867
ZJ019456,0.05574406,0.008729242,0.6679811,0.017976029,0.007995354,0.14369845,0.0183974,0.07947834
ZJ019457,0.059454378,0.01868344,0.7963063,0.008515929,0.023346553,0.019166855,0.0609743,0.013552266
ZJ019458,0.018393341,0.016323848,0.025484685,0.016874189,0.019773254,0.87181777,0.013066016,0.01826692
ZJ019459,0.053962566,0.013140507,0.68437487,0.01659192,0.022626886,0.0213662,0.007997516,0.17993955
ZJ019460,0.07007006,0.012640175,0.014789209,0.017960757,0.01660653,0.018554714,0.83481675,0.014561817
ZJ019461,0.2707484,0.025762547,0.08540884,0.03441409,0.043370795,0.03051349,0.48052666,0.029255196
ZJ019462,0.0542973,0.011156137,0.31788695,0.21280806,0.019900901,0.019749874,0.014356027,0.34984478
ZJ019463,0.18275072,0.6536025,0.0308769,0.025217747,0.029800018,0.033711907,0.011032976,0.033007316
ZJ019464,0.034511697,0.8558575,0.023217099,0.014550758,0.016175067,0.017195322,0.010425395,0.028067276
ZJ019465,0.5678064,0.01689378,0.26540062,0.020975746,0.028195191,0.02568242,0.04994565,0.02510027
ZJ019466,0.14137906,0.019994628,0.32661265,0.021628747,0.026586397,0.10455245,0.33058617,0.028659945
ZJ019467,0.012344798,0.009939514,0.90508366,0.020489637,0.0111620035,0.00960754,0.00859251,0.022780351
ZJ019468,0.015213919,0.021995546,0.021295879,0.023558764,0.021749578,0.01863594,0.85926783,0.018282596
ZJ019469,0.81957877,0.011467223,0.012859683,0.015826514,0.013781451,0.020900905,0.085037366,0.020548016
ZJ019470,0.19340207,0.28445235,0.3383382,0.037661612,0.03179288,0.03594967,0.013666949,0.0647363
ZJ019471,0.21455503,0.012810851,0.70335394,0.0124780275,0.009702982,0.015967323,0.017977929,0.013153921
ZJ019472,0.04358009,0.008928256,0.52553624,0.25283763,0.013781569,0.009269905,0.010397267,0.13566908
ZJ019473,0.01729323,0.022800885,0.015162565,0.011074438,0.022875765,0.87332743,0.02114523,0.0163205
ZJ019474,0.5975734,0.01888952,0.11556586,0.039016332,0.021253191,0.09347423,0.049085308,0.06514221
ZJ019475,0.2179446,0.013681698,0.045020178,0.01860995,0.018570045,0.0176281,0.6544585,0.014086926
ZJ019476,0.8134818,0.021418666,0.06209336,0.018810611,0.028178558,0.020925777,0.018243423,0.016847799
ZJ019477,0.24789801,0.39252812,0.21336837,0.024365524,0.028675092,0.034379467,0.03388052,0.024904907
ZJ019478,0.58384186,0.01321474,0.20441969,0.011603995,0.024125146,0.02031273,0.121367,0.021114873
ZJ019479,0.2802884,0.13387083,0.20221685,0.025788171,0.049819745,0.07954114,0.06380045,0.16467449
ZJ019480,0.14175622,0.014543128,0.7232503,0.012909437,0.021487428,0.012731652,0.050059,0.02326276
ZJ019481,0.53974694,0.009936064,0.055473823,0.02202078,0.023564672,0.026178995,0.039957184,0.2831216
ZJ019482,0.23636208,0.011576674,0.39442316,0.015945349,0.27205977,0.017010499,0.026071081,0.026551371
ZJ019483,0.86152565,0.009115589,0.04970729,0.018002411,0.009190808,0.01408917,0.024580993,0.013788156
ZJ019484,0.034979474,0.024374712,0.03086496,0.015948812,0.019045448,0.83819765,0.018228173,0.01836086
ZJ019485,0.021952102,0.87700236,0.0179717,0.013222965,0.018444164,0.017365737,0.014835586,0.019205501
ZJ019486,0.040123705,0.81503564,0.024619918,0.015137876,0.02529633,0.027320558,0.037764836,0.014701149
ZJ019487,0.03242779,0.011079657,0.034112766,0.022924421,0.019994695,0.01869428,0.8465597,0.014206732
ZJ019488,0.012996695,0.03517989,0.039879646,0.019102745,0.030843109,0.8215704,0.016780704,0.023646815
ZJ019489,0.18384634,0.012433673,0.72324747,0.007276623,0.013965681,0.026623607,0.012107036,0.020499533
ZJ019490,0.1428226,0.010300465,0.6954011,0.032138042,0.018761417,0.009884309,0.01268442,0.07800766
ZJ019491,0.027821017,0.017335063,0.013792901,0.022844674,0.019119794,0.014312166,0.86608356,0.018690867
ZJ019492,0.13043647,0.7315252,0.03286935,0.018371,0.026054218,0.015885407,0.02463024,0.020228077
ZJ019493,0.84654474,0.01956531,0.020937674,0.019630125,0.016454546,0.029297952,0.023934271,0.023635361
ZJ019494,0.5706516,0.016404187,0.2776613,0.021020237,0.028685588,0.028320068,0.034772318,0.022484716
ZJ019495,0.21351531,0.024449542,0.5812935,0.014727265,0.01602986,0.07745581,0.036533125,0.035995614
ZJ019496,0.016276192,0.0068222703,0.84937996,0.032253154,0.008429233,0.007733242,0.0081663085,0.0709397
ZJ019497,0.09304338,0.017196005,0.70904434,0.009525078,0.012334722,0.09850631,0.042542268,0.01780792
ZJ019498,0.041361146,0.024813233,0.030653764,0.014904176,0.020178718,0.83557206,0.014747341,0.01776955
ZJ019499,0.4202268,0.013605016,0.04561025,0.009461947,0.026804725,0.37878418,0.09210896,0.013398118
ZJ019500,0.0207862,0.011044134,0.026666952,0.021249672,0.86691344,0.016547216,0.011732045,0.025060374
ZJ019501,0.011603961,0.017616963,0.018001435,0.020859296,0.018122397,0.0138677675,0.88608295,0.013845259
ZJ019502,0.021522945,0.02383512,0.019752165,0.011646965,0.020092165,0.8730408,0.013109872,0.017000047
ZJ019503,0.39177,0.015089496,0.4041663,0.019059202,0.026605546,0.040196776,0.07732977,0.025782887
ZJ019504,0.5494537,0.021875106,0.21023159,0.010618675,0.045978222,0.02069906,0.122106075,0.01903754
ZJ019505,0.19207421,0.010429831,0.6410754,0.020485163,0.018152764,0.029811157,0.0565581,0.03141343
ZJ019506,0.026355965,0.013154267,0.014290792,0.01296694,0.85362625,0.05263945,0.012284452,0.014681816
ZJ019507,0.78678364,0.034268655,0.029321412,0.017089596,0.030881887,0.01993315,0.02383851,0.05788314
ZJ019508,0.17790577,0.012198619,0.69746065,0.0074559823,0.013276069,0.030942893,0.017094636,0.04366536
ZJ019509,0.11967387,0.021462282,0.15478587,0.6147317,0.021773105,0.030583862,0.018265827,0.018723479
ZJ019510,0.07913373,0.012886442,0.7918768,0.014522872,0.01972709,0.010966708,0.04114631,0.029740078
ZJ019511,0.5753029,0.03799653,0.14926699,0.0924251,0.034046285,0.04799515,0.015161127,0.047805965
ZJ019512,0.03291314,0.03615954,0.08869377,0.012339793,0.046747636,0.7346331,0.022816928,0.025696063
ZJ019513,0.03797875,0.006415651,0.88140136,0.014781803,0.0092502,0.01205271,0.0076840864,0.030435452
ZJ019514,0.023564637,0.018359352,0.019166283,0.014475197,0.024217779,0.8533482,0.021389598,0.025478974
ZJ019515,0.072377145,0.07434577,0.7577473,0.01136037,0.015796853,0.04017746,0.015621008,0.012574165
ZJ019516,0.09344051,0.014149889,0.29291672,0.02197483,0.016465561,0.5075948,0.023757828,0.029699838
ZJ019517,0.018084992,0.027002065,0.016126217,0.011345994,0.021594346,0.8724061,0.016759543,0.01668083
ZJ019518,0.1047122,0.5556857,0.22017033,0.016962573,0.018226773,0.016497368,0.016178597,0.05156645
ZJ019519,0.039182484,0.012855566,0.031471416,0.0153884515,0.019395659,0.020055434,0.017489541,0.84416145
ZJ019520,0.019889107,0.01583217,0.016171062,0.021590238,0.023072852,0.014105119,0.873378,0.015961504
ZJ019521,0.036270242,0.12029568,0.014889309,0.014350951,0.01725856,0.01929087,0.7618495,0.015794918
ZJ019522,0.8723349,0.019064818,0.017274925,0.01386219,0.0149854245,0.027254924,0.015545604,0.019677248
ZJ019523,0.018910708,0.01898776,0.022049313,0.015123069,0.017266367,0.8768613,0.014549935,0.016251573
ZJ019524,0.76417416,0.02159878,0.09509974,0.021015802,0.03180344,0.019861056,0.027581433,0.018865624
ZJ019525,0.027480975,0.019430969,0.016219085,0.021207804,0.020090245,0.024145935,0.8460558,0.025369203
ZJ019526,0.061387606,0.010347563,0.037612237,0.023312911,0.040056255,0.02032294,0.04346769,0.76349276
ZJ019527,0.055687524,0.0062347576,0.84704226,0.020610914,0.01158904,0.016386285,0.012307788,0.030141389
ZJ019528,0.034567293,0.86341256,0.018992908,0.012923186,0.018829783,0.013080947,0.017742898,0.020450437
ZJ019529,0.17339274,0.014579584,0.7496193,0.007504639,0.008284122,0.011485135,0.008332037,0.026802415
ZJ019530,0.39624316,0.09229515,0.22034588,0.012738885,0.03262197,0.035970684,0.1588626,0.050921675
ZJ019531,0.01880022,0.02291253,0.019725425,0.0114858905,0.024329899,0.87137717,0.01439963,0.016969254
ZJ019532,0.060845234,0.7732181,0.034261208,0.024807483,0.023914615,0.021565303,0.03974734,0.021640716
ZJ019533,0.347006,0.33849305,0.05332113,0.02613817,0.024882028,0.022539914,0.16949286,0.018126916
ZJ019534,0.24609958,0.014979342,0.2969945,0.026832378,0.031953823,0.042429224,0.27968487,0.061026383
ZJ019535,0.07461319,0.011006074,0.04473188,0.024436487,0.054089047,0.021634681,0.04558102,0.72390765
ZJ019536,0.16678421,0.021060664,0.08106794,0.009804912,0.012473105,0.04799361,0.009186266,0.6516293
ZJ019537,0.02253232,0.015141892,0.010840622,0.015221653,0.017705603,0.02387788,0.014657459,0.8800225
ZJ019538,0.20839946,0.61205965,0.06125328,0.014567926,0.03829619,0.017939178,0.018046675,0.029437646
ZJ019539,0.26661402,0.032456126,0.38768554,0.052127328,0.12382535,0.05477786,0.047290947,0.035222907
ZJ019540,0.86094326,0.017090881,0.016109668,0.020995248,0.019431114,0.029078936,0.01844721,0.0179038
ZJ019541,0.029908875,0.027445016,0.30523378,0.033477806,0.024501557,0.5221496,0.024206942,0.03307647
ZJ019542,0.21533422,0.25858018,0.37369958,0.022283068,0.031649936,0.024009272,0.010208914,0.064234905
ZJ019543,0.5583636,0.009700933,0.07276867,0.021720542,0.022713277,0.02123876,0.2704167,0.023077514
ZJ019544,0.8625671,0.022346947,0.03072072,0.013506487,0.011995716,0.022434358,0.015398835,0.021029796
ZJ019545,0.018532272,0.8954262,0.0116901295,0.013565592,0.013084601,0.015345916,0.014272827,0.018082527
ZJ019546,0.04777918,0.006908701,0.86480105,0.011996023,0.010556225,0.015309148,0.027909819,0.014739923
ZJ019547,0.3827575,0.34304953,0.13811575,0.015081256,0.021060748,0.048496317,0.019176159,0.03226272
ZJ019548,0.04284472,0.25084755,0.06293933,0.014818989,0.019635217,0.06843405,0.5285763,0.01190381
ZJ019549,0.48150682,0.038401503,0.24868162,0.013219926,0.01140483,0.03271181,0.12302035,0.051053137
ZJ019550,0.024477754,0.8722706,0.019337466,0.014538993,0.020108879,0.019816568,0.012959282,0.016490465
ZJ019551,0.023137657,0.00812457,0.9011121,0.010114458,0.01266063,0.01783131,0.015963284,0.011056139
ZJ019552,0.06711652,0.012899118,0.14459793,0.6344684,0.036482822,0.036492236,0.020325309,0.047617655
ZJ019553,0.07451367,0.01231913,0.1715662,0.53466815,0.03047737,0.034868576,0.017812083,0.12377478
ZJ019554,0.08440712,0.0142071,0.108867936,0.03597946,0.021969274,0.015517667,0.70502186,0.014029637
ZJ019555,0.28310773,0.03836874,0.25982308,0.02295306,0.02243501,0.025033152,0.24582563,0.102453604
ZJ019556,0.07375663,0.008356886,0.83877975,0.010371463,0.009991479,0.013883223,0.022183226,0.022677379
ZJ019557,0.5175175,0.020451127,0.2754467,0.019660482,0.024414463,0.039851576,0.07894267,0.02371546
ZJ019558,0.24775015,0.0337539,0.44790775,0.008154438,0.06994917,0.08510288,0.07032898,0.03705281
ZJ019559,0.62056845,0.030355362,0.116323195,0.08773549,0.041572873,0.059582647,0.016386008,0.027475996
ZJ019560,0.049968652,0.00949367,0.8427407,0.013046457,0.009416417,0.018827911,0.03105089,0.025455331
ZJ019561,0.080088906,0.79919845,0.02105751,0.018744824,0.024541987,0.0196472,0.014778003,0.02194317
ZJ019562,0.04377052,0.02413047,0.03178417,0.014868135,0.01909329,0.8338899,0.015355966,0.017107513
ZJ019563,0.7214994,0.0143697355,0.16714899,0.014486988,0.01701127,0.026800184,0.016312888,0.022370538
ZJ019564,0.14712231,0.017195757,0.17546374,0.025383303,0.034976672,0.026507247,0.5467681,0.02658292
ZJ019565,0.4988304,0.023608427,0.059704512,0.011652796,0.32929325,0.034540806,0.02436017,0.018009596
ZJ019566,0.85109323,0.02336834,0.04071502,0.012144501,0.012383737,0.02375854,0.014691074,0.021845547
ZJ019567,0.030074665,0.017212346,0.044959858,0.015578861,0.022311613,0.024041584,0.021557046,0.82426405
ZJ019568,0.5573427,0.0326902,0.16193055,0.06262811,0.020565093,0.07200761,0.027805615,0.06503011
ZJ019569,0.21306327,0.17469528,0.19904064,0.021540774,0.04451303,0.080383666,0.09393404,0.17282937
ZJ019570,0.045204993,0.79222643,0.028216714,0.019576328,0.029011492,0.02449056,0.040411722,0.02086175
ZJ019571,0.0213078,0.009041388,0.8985659,0.011003395,0.012381621,0.018477721,0.018004179,0.011218083
ZJ019572,0.048068505,0.0064903274,0.76412636,0.031282913,0.010297401,0.011537786,0.013998814,0.11419791
ZJ019573,0.46358228,0.0060144006,0.4043292,0.013100887,0.019639937,0.02057163,0.05251968,0.02024202
ZJ019574,0.09111252,0.022018699,0.034747545,0.018410925,0.023588816,0.03138054,0.07700407,0.7017369
ZJ019575,0.036320522,0.024476795,0.036854874,0.031314738,0.029214427,0.018048828,0.8041315,0.01963831
ZJ019576,0.03028147,0.018475508,0.8021928,0.04723255,0.018758066,0.014559783,0.016516423,0.051983505
ZJ019577,0.8771923,0.01216612,0.010063099,0.018416783,0.014659966,0.025631417,0.023683771,0.01818659
ZJ019578,0.17168021,0.009876475,0.5122902,0.017249294,0.021117894,0.03769767,0.20962827,0.020460015
ZJ019579,0.027844077,0.008930605,0.8401251,0.047615137,0.0114748115,0.010291782,0.009992434,0.043726016
ZJ019580,0.024739424,0.014661002,0.01903362,0.019926323,0.078462,0.042470634,0.7887157,0.011991343
ZJ019581,0.094543554,0.0106268115,0.7679691,0.03835646,0.018731698,0.01677512,0.015519983,0.03747734
ZJ019582,0.023349881,0.8571416,0.01892102,0.017139334,0.022676656,0.024686249,0.0146132605,0.021472005
ZJ019583,0.12870683,0.007907544,0.7335682,0.013220185,0.007858686,0.018701833,0.038946606,0.05109016
ZJ019584,0.02049381,0.015712833,0.023946872,0.028464241,0.02205661,0.015168967,0.8520234,0.022133289
ZJ019585,0.22599263,0.33120582,0.30798793,0.019622274,0.026965154,0.021205915,0.0118058855,0.055214405
ZJ019586,0.22659938,0.018168328,0.03311007,0.03793369,0.041313447,0.019129345,0.60627073,0.017475007
ZJ019587,0.23694782,0.05363484,0.17819491,0.03761022,0.04486477,0.045718443,0.046313997,0.356715
ZJ019588,0.035586823,0.23284815,0.35672173,0.026712274,0.10716193,0.07504961,0.13120522,0.034714326
ZJ019589,0.13316219,0.020370828,0.051701594,0.547811,0.017839048,0.17035615,0.04064348,0.018115738
ZJ019590,0.15499802,0.016446162,0.017194321,0.0117227165,0.015584283,0.027155355,0.72626156,0.030637601
ZJ019591,0.016637756,0.012389946,0.58716196,0.011672276,0.028384287,0.31051746,0.01705419,0.016182186
ZJ019592,0.85995334,0.01974189,0.02485529,0.017411266,0.01701744,0.02296318,0.01771859,0.020339077
ZJ019593,0.67459434,0.028558632,0.08450276,0.09501201,0.026812127,0.046142012,0.01876098,0.025617167
ZJ019594,0.22625922,0.032090936,0.028922288,0.619253,0.030589903,0.033931877,0.016485164,0.012467665
ZJ019595,0.040645,0.70297116,0.09781359,0.017514331,0.018644731,0.022839556,0.02261169,0.07696
ZJ019596,0.020328408,0.018827409,0.02405562,0.021260196,0.016296696,0.01109654,0.87304896,0.015086099
ZJ019597,0.061329234,0.0060689584,0.8607554,0.0125690475,0.015864503,0.0077238292,0.022057757,0.01363139
ZJ019598,0.15635167,0.014482908,0.054388423,0.041517794,0.032416206,0.028165504,0.08328556,0.58939195
ZJ019599,0.1863381,0.029903341,0.64597785,0.017241808,0.024985839,0.015276014,0.04657783,0.033699255
ZJ019600,0.035992775,0.017583441,0.07786252,0.017742546,0.7956014,0.023037817,0.013568095,0.018611396
ZJ019601,0.107092574,0.01973425,0.11886026,0.029501362,0.085467964,0.02779497,0.0214664,0.5900822
ZJ019602,0.87229425,0.015995508,0.024637232,0.013312909,0.017637141,0.02458987,0.012865585,0.01866748
ZJ019603,0.054043032,0.009093766,0.06507816,0.044805553,0.018431962,0.019231826,0.017160628,0.7721551
ZJ019604,0.06754736,0.019059587,0.035508852,0.013499406,0.021841852,0.0245437,0.030393615,0.7876056
ZJ019605,0.23487687,0.051361598,0.17135343,0.037398033,0.03995621,0.04209986,0.041441232,0.3815128
ZJ019606,0.028854618,0.038897257,0.023085266,0.014833777,0.6711764,0.17858832,0.027029766,0.017534582
ZJ019607,0.107836306,0.023843477,0.7386588,0.016569484,0.013593714,0.018358149,0.027060805,0.05407932
ZJ019608,0.03860454,0.7595198,0.08741579,0.022138024,0.029222136,0.0281014,0.011593905,0.023404459
ZJ019609,0.07351338,0.017511783,0.010336769,0.025378032,0.02272792,0.019444289,0.813124,0.01796386
ZJ019610,0.032006536,0.023339635,0.02651201,0.014799937,0.021532476,0.84576744,0.019207094,0.016834933
ZJ019611,0.15895192,0.014482118,0.72415966,0.014360825,0.023207013,0.015006334,0.006277898,0.043554295
ZJ019612,0.017724615,0.014672512,0.0091952635,0.016659137,0.015536377,0.017237222,0.8962187,0.012756134
ZJ019613,0.21781467,0.010097317,0.41683552,0.2637887,0.014212108,0.013469875,0.017945582,0.045836266
ZJ019614,0.049240872,0.008519738,0.87363875,0.022478966,0.014708151,0.006317222,0.006325513,0.018770834
ZJ019615,0.051189262,0.025670027,0.02789328,0.013514097,0.018295472,0.8306665,0.0160283,0.016743083
ZJ019616,0.014758586,0.02018129,0.014763209,0.020848686,0.025256028,0.012732672,0.86321825,0.028241301
ZJ019617,0.039124772,0.766552,0.0845287,0.021167858,0.026879892,0.0271988,0.011420724,0.023127327
ZJ019618,0.059287257,0.033888653,0.5636284,0.036456726,0.021743802,0.09180528,0.03032559,0.16286428
ZJ019619,0.02131303,0.024780223,0.026522595,0.014680338,0.023051655,0.85194457,0.01929499,0.01841261
ZJ019620,0.67468405,0.031775065,0.10457464,0.025678623,0.018796917,0.016586253,0.11014078,0.017763648
ZJ019621,0.061573874,0.0068963403,0.81287396,0.02959164,0.010175644,0.021708697,0.00976801,0.04741182
ZJ019622,0.84095,0.0153710935,0.06052648,0.01957028,0.008360656,0.024852512,0.018179791,0.012189194
ZJ019623,0.02252717,0.027141973,0.026218995,0.0149306655,0.025197206,0.84512216,0.020068707,0.018793121
ZJ019624,0.013555611,0.02006099,0.026885048,0.027726416,0.017624555,0.017163951,0.862762,0.0142214885
ZJ019625,0.021204915,0.030855244,0.035940357,0.018342322,0.020827329,0.82515544,0.02439836,0.023276007
ZJ019626,0.11805575,0.028268844,0.17560926,0.016513893,0.021023687,0.10112014,0.49396297,0.04544551
ZJ019627,0.17343092,0.015579372,0.036733214,0.024672652,0.07181616,0.02790741,0.02664004,0.62322026
ZJ019628,0.038148046,0.020894453,0.17565794,0.05055005,0.024852628,0.03482709,0.027633032,0.62743676
ZJ019629,0.81633395,0.009921018,0.082402445,0.017980736,0.017696267,0.02145986,0.019212171,0.014993563
ZJ019630,0.04575175,0.037073147,0.039982915,0.014020457,0.016990893,0.024547784,0.805809,0.015823951
ZJ019631,0.04999214,0.7569129,0.048266836,0.032278504,0.033416867,0.03507043,0.013858612,0.030203674
ZJ019632,0.49067673,0.051687676,0.069755256,0.010082013,0.00918286,0.3094061,0.028200908,0.031008473
ZJ019633,0.038972244,0.8540186,0.022638049,0.015800638,0.01600804,0.019916257,0.009944696,0.022701535
ZJ019634,0.27348167,0.012681508,0.6445354,0.008784744,0.024027254,0.010637151,0.007142842,0.018709458
ZJ019635,0.024066921,0.022311216,0.036070254,0.0139799435,0.02039526,0.8391356,0.02494067,0.01910017
ZJ019636,0.10358959,0.017016005,0.5014556,0.07605125,0.045927435,0.010538158,0.026638627,0.21878333
ZJ019637,0.5282443,0.011536614,0.2131907,0.0118892165,0.03319968,0.016988486,0.16359045,0.021360591
ZJ019638,0.026057472,0.022993863,0.055934776,0.01977978,0.021114342,0.015607524,0.8231617,0.015350531
ZJ019639,0.2775045,0.045408238,0.22155248,0.03813013,0.038056936,0.041974984,0.037950613,0.29942212
ZJ019640,0.049744118,0.075294994,0.31797612,0.05135885,0.01153124,0.03776656,0.028919712,0.42740843
ZJ019641,0.025409276,0.09061506,0.04650947,0.011743636,0.015250839,0.047214124,0.75485003,0.008407564
ZJ019642,0.031207317,0.037626248,0.027060065,0.011705772,0.6484158,0.18764429,0.0426578,0.013682681
ZJ019643,0.33188257,0.02312234,0.5043112,0.012428612,0.015642442,0.031224478,0.056306053,0.025082309
ZJ019644,0.14170554,0.6823101,0.0380845,0.027261991,0.027419198,0.033543255,0.01364997,0.036025416
ZJ019645,0.044534802,0.010912216,0.08656161,0.78522015,0.01548498,0.01525558,0.014432638,0.027598014
ZJ019646,0.018985434,0.020058144,0.027592907,0.017112846,0.02037834,0.85817254,0.018886304,0.018813455
ZJ019647,0.018007396,0.014108854,0.013653874,0.0154263275,0.019289082,0.014635912,0.8899293,0.014949259
ZJ019648,0.2652638,0.011681925,0.013596753,0.020886246,0.012529375,0.026191935,0.6257334,0.024116606
ZJ019649,0.24003445,0.5936471,0.01704992,0.025788039,0.021390628,0.01976491,0.04426373,0.038061243
ZJ019650,0.53696245,0.011691534,0.3040117,0.014941706,0.012772701,0.01401331,0.023309138,0.08229747
ZJ019651,0.7601105,0.02677833,0.033498514,0.04755874,0.030578986,0.06772258,0.015791943,0.017960448
ZJ019652,0.7199251,0.008922654,0.18672234,0.015117153,0.011979467,0.01832005,0.008004526,0.031008676
ZJ019653,0.48798037,0.010688963,0.4268349,0.017235802,0.014032801,0.013305209,0.010714597,0.019207338
ZJ019654,0.40217543,0.009663898,0.46069476,0.0125735495,0.019966444,0.01977883,0.014142598,0.06100458
ZJ019655,0.32797018,0.045744266,0.49853227,0.00846675,0.0435613,0.016278714,0.040469225,0.018977357
ZJ019656,0.022024741,0.015212863,0.011991364,0.021164289,0.017539864,0.019764973,0.87680256,0.015499324
ZJ019657,0.03477746,0.00496545,0.8552068,0.023697754,0.010049528,0.012901942,0.012527989,0.04587317
ZJ019658,0.86656535,0.016186094,0.017107392,0.019171733,0.016663997,0.028210497,0.015313682,0.020781374
ZJ019659,0.27651986,0.015515605,0.29076654,0.027063841,0.040150676,0.045932245,0.24808578,0.05596551
ZJ019660,0.031890213,0.014923215,0.79621583,0.046090804,0.008521806,0.020053199,0.012891057,0.06941386
ZJ019661,0.021329476,0.01734504,0.013588528,0.8490468,0.02375727,0.047776148,0.01763878,0.009517916
ZJ019662,0.14918453,0.013944748,0.5003883,0.009772648,0.021140574,0.0349143,0.05809029,0.21256463
ZJ019663,0.16649668,0.7021579,0.034562197,0.01966693,0.021844918,0.015805846,0.015935276,0.023530183
ZJ019664,0.10392135,0.014000231,0.20765264,0.15560545,0.01379585,0.02058694,0.010216172,0.47422144
ZJ019665,0.82683706,0.018592855,0.019193044,0.012731125,0.020566886,0.07547069,0.011497239,0.0151110785
ZJ019666,0.4892489,0.032321706,0.3685831,0.013375497,0.009434583,0.019709913,0.01573012,0.05159619
ZJ019667,0.037683837,0.042378243,0.08957821,0.019916033,0.048762687,0.014199908,0.72886634,0.0186147
ZJ019668,0.049513042,0.0203721,0.02991066,0.01152762,0.014389358,0.029221023,0.025064288,0.8200019
ZJ019669,0.015618038,0.013432833,0.020330846,0.0151819065,0.018254844,0.02136871,0.8819124,0.013900349
ZJ019670,0.39745268,0.057800688,0.140278,0.19606523,0.052728053,0.0882953,0.0154171735,0.051962823
ZJ019671,0.5661015,0.0397398,0.1243698,0.1288973,0.042017262,0.036059093,0.013754861,0.04906047
ZJ019672,0.81323665,0.022975126,0.027391851,0.019904668,0.028494207,0.03357423,0.020152573,0.034270704
ZJ019673,0.8010287,0.018375767,0.06750055,0.016511757,0.030401036,0.020488461,0.020804657,0.02488906
ZJ019674,0.21139179,0.016918615,0.67025226,0.015033575,0.015888711,0.041327354,0.013319363,0.015868355
ZJ019675,0.2253068,0.48968813,0.112762,0.024660869,0.03637245,0.027042395,0.054727703,0.029439677
ZJ019676,0.043189652,0.014515876,0.8266964,0.02925915,0.013792192,0.013280052,0.017381554,0.041885085
ZJ019677,0.22967756,0.19470094,0.13929671,0.020252723,0.039294872,0.06936725,0.027602673,0.27980727
ZJ019678,0.84123975,0.022820357,0.021300925,0.023834396,0.025466044,0.029808432,0.010432673,0.025097428
ZJ019679,0.030899255,0.01938895,0.018377345,0.014421475,0.016900003,0.01701971,0.0141855,0.86880773
ZJ019680,0.048509173,0.017323086,0.40929732,0.020862106,0.44793168,0.023032507,0.012013467,0.02103064
ZJ019681,0.031353828,0.019815389,0.6875251,0.011606543,0.1442154,0.047319766,0.039445706,0.018718269
ZJ019682,0.1632558,0.023419723,0.15484984,0.12636636,0.01955204,0.066543005,0.038320914,0.40769234
ZJ019683,0.021827994,0.023356915,0.01914828,0.017404502,0.022997363,0.85679686,0.015926888,0.022541212
ZJ019684,0.027831713,0.8625305,0.019651407,0.017456038,0.020455686,0.021147437,0.013626552,0.017300652
ZJ019685,0.027289106,0.8526726,0.018467594,0.016621161,0.03379139,0.026712973,0.009542831,0.01490244
ZJ019686,0.15568589,0.16918623,0.17414425,0.013702206,0.049174543,0.026050968,0.01427787,0.39777806
ZJ019687,0.55711716,0.0074619176,0.34750253,0.012005812,0.015808808,0.021374399,0.019117001,0.019612368
ZJ019688,0.016751118,0.0139740035,0.032892328,0.02251461,0.80261225,0.017531086,0.01027172,0.083452895
ZJ019689,0.025683234,0.012289568,0.046581794,0.023895163,0.023230705,0.027708521,0.8242201,0.016390996
ZJ019690,0.18287139,0.023935763,0.6602901,0.018804694,0.009555973,0.022426357,0.021646885,0.06046883
ZJ019691,0.03336903,0.7565672,0.035929095,0.018295038,0.04652529,0.0454527,0.040655624,0.02320602
ZJ019692,0.1171089,0.63651216,0.065997705,0.008678324,0.018909512,0.08127378,0.037795123,0.033724494
ZJ019693,0.086799406,0.012007223,0.59935737,0.019108718,0.025864903,0.016234806,0.013084023,0.22754355
ZJ019694,0.86233324,0.0134254,0.014821805,0.020467715,0.01659148,0.018888393,0.013102946,0.0403691
ZJ019695,0.06320543,0.81161577,0.027341813,0.018591793,0.025816357,0.024015808,0.008932785,0.020480216
ZJ019696,0.043213427,0.8224279,0.028007278,0.02294129,0.0173255,0.026244447,0.019089682,0.020750443
ZJ019697,0.40429837,0.01628176,0.48082253,0.010009793,0.017855778,0.022732435,0.014990884,0.033008512
ZJ019698,0.026704995,0.022056669,0.056044526,0.03970444,0.02322373,0.6690845,0.010709309,0.15247189
ZJ019699,0.04872122,0.014747514,0.8117081,0.029010216,0.015318449,0.011838531,0.018174391,0.050481576
ZJ019700,0.59646016,0.009576983,0.11274969,0.023813862,0.021739092,0.017061535,0.15162306,0.066975676
ZJ019701,0.2103341,0.6527236,0.04509405,0.017893294,0.022336816,0.016584668,0.014826155,0.020207291
ZJ019702,0.039970525,0.5534382,0.056904234,0.014422557,0.016342973,0.24339044,0.04688839,0.028642733
ZJ019703,0.08679878,0.04111905,0.17723961,0.038509276,0.04940891,0.55572176,0.018799637,0.03240294
ZJ019704,0.02694258,0.009310344,0.7788715,0.067416035,0.018051703,0.008610947,0.007882341,0.08291464
ZJ019705,0.044500448,0.8271551,0.035677757,0.010288641,0.010562097,0.023011113,0.010698657,0.03810612
ZJ019706,0.09021231,0.017029231,0.16564007,0.031027813,0.02971977,0.040910043,0.60433483,0.021125942
ZJ019707,0.023643738,0.021077715,0.032556918,0.013720405,0.019446244,0.8466895,0.024147213,0.018718202
ZJ019708,0.25823975,0.026790712,0.5172122,0.011120886,0.023256546,0.009585388,0.14338474,0.010409805
ZJ019709,0.2821915,0.03933953,0.043295767,0.03719128,0.040185712,0.089498,0.042475253,0.42582297
ZJ019710,0.72483534,0.016790504,0.12814222,0.021451913,0.046504233,0.020676013,0.02452051,0.01707924
ZJ019711,0.019392004,0.029409781,0.012128555,0.01660568,0.024153734,0.017194761,0.86786854,0.013246909
ZJ019712,0.67053986,0.024944719,0.20413175,0.021090059,0.0093492,0.019785875,0.025219996,0.02493856
ZJ019713,0.2164431,0.023921298,0.07325431,0.013794414,0.013277374,0.046960965,0.01143088,0.6009177
ZJ019714,0.027288092,0.86830264,0.018932214,0.015530688,0.019197168,0.01960337,0.013477464,0.01766843
ZJ019715,0.14806458,0.012484162,0.3128756,0.026337877,0.034859706,0.028363913,0.36143312,0.07558108
ZJ019716,0.024140846,0.0069506764,0.8142051,0.038743008,0.008694856,0.0077855177,0.0072387713,0.09224128
ZJ019717,0.17353092,0.0070422455,0.712454,0.019069167,0.013659785,0.014049134,0.029162532,0.031032238
ZJ019718,0.017723626,0.023895353,0.030014325,0.024735227,0.019563472,0.024389697,0.8405606,0.019117672
ZJ019719,0.08757237,0.012584174,0.59230965,0.026578788,0.013566995,0.04815927,0.19728725,0.021941466
ZJ019720,0.024900168,0.0076346337,0.89928335,0.009909107,0.010970621,0.019712372,0.017521977,0.010067804
ZJ019721,0.017056806,0.02027876,0.022353975,0.021895817,0.018182863,0.011889814,0.87228197,0.016060075
ZJ019722,0.01975338,0.021893894,0.018717872,0.020012373,0.04135483,0.030702082,0.8287943,0.0187713
ZJ019723,0.03242564,0.021194229,0.7896283,0.039518025,0.020904757,0.017533503,0.019291334,0.05950419
ZJ019724,0.6155608,0.02178404,0.2705719,0.013857702,0.009488224,0.018334178,0.035209965,0.015193154
ZJ019725,0.029576007,0.85116357,0.025638336,0.009081222,0.014055644,0.01553903,0.020902729,0.03404354
ZJ019726,0.032477748,0.014279577,0.025515392,0.022869036,0.78484815,0.022017838,0.01112801,0.086864255
ZJ019727,0.64229935,0.024073608,0.05514225,0.05913148,0.024250908,0.05698928,0.017768165,0.12034489
ZJ019728,0.02827332,0.019616932,0.020844135,0.02052822,0.016773421,0.015452876,0.8604786,0.01803245
ZJ019729,0.07671423,0.020016048,0.634455,0.023815012,0.015910858,0.057055157,0.14602748,0.026006216
ZJ019730,0.054828346,0.01075064,0.78295034,0.029912338,0.010531944,0.011250245,0.0133363,0.0864398
ZJ019731,0.23883145,0.32383022,0.26055747,0.053475168,0.033093043,0.03282592,0.018702827,0.038683932
ZJ019732,0.050686657,0.008230299,0.70443696,0.04092593,0.014901742,0.008488196,0.009754355,0.1625759
ZJ019733,0.25840384,0.013063969,0.59398633,0.013081756,0.009759153,0.017330155,0.06557294,0.028801894
ZJ019734,0.02880255,0.019328644,0.03686622,0.00978356,0.013400833,0.8655015,0.009041115,0.017275646
ZJ019735,0.04926451,0.7850284,0.067842625,0.021322653,0.023479866,0.01608009,0.012964313,0.024017585
ZJ019736,0.3577358,0.066270016,0.3146841,0.012417587,0.020990154,0.034989346,0.023607327,0.16930567
ZJ019737,0.036236983,0.0065303706,0.78665733,0.06994613,0.015947983,0.006884952,0.008982505,0.06881374
ZJ019738,0.04964543,0.81937885,0.023449043,0.013537389,0.016429223,0.02865894,0.034280367,0.014620713
ZJ019739,0.0888773,0.007932669,0.78889847,0.023620589,0.01848214,0.010258644,0.010132335,0.051797815
ZJ019740,0.105639994,0.0084871,0.7828596,0.010877833,0.016744494,0.037637766,0.016982412,0.020770796
ZJ019741,0.5583159,0.033618294,0.20646058,0.02262502,0.031724736,0.03860971,0.08524144,0.023404295
ZJ019742,0.09624562,0.81261045,0.02332132,0.012941268,0.015697751,0.014401768,0.010178947,0.0146029
ZJ019743,0.06019274,0.006092794,0.8862467,0.006782727,0.008315911,0.008600996,0.015739774,0.008028312
ZJ019744,0.25976744,0.013894453,0.24895266,0.017576883,0.020900773,0.03132123,0.39298177,0.0146047985
ZJ019745,0.052001357,0.014147873,0.6197665,0.016379101,0.01705453,0.0200452,0.0077275718,0.25287792
ZJ019746,0.025671283,0.013742069,0.024475565,0.0128491195,0.86967754,0.012035391,0.031019846,0.010529217
ZJ019747,0.8124773,0.0075582177,0.07400343,0.013758058,0.027249163,0.016328918,0.023435907,0.025188893
ZJ019748,0.0744591,0.011702025,0.3233823,0.010163999,0.016438883,0.022092266,0.13148199,0.41027948
ZJ019749,0.09117079,0.7610772,0.015468739,0.01312124,0.018831605,0.021867258,0.059797864,0.018665303
ZJ019750,0.094543435,0.08932295,0.13857213,0.028063262,0.042563993,0.038293127,0.10535248,0.46328864
ZJ019751,0.01840572,0.8472894,0.017637527,0.016528433,0.019286752,0.022636568,0.04062739,0.017588196
ZJ019752,0.85910475,0.0143162105,0.015945833,0.021358056,0.018148856,0.020976624,0.014217898,0.035931844
ZJ019753,0.054121107,0.018054366,0.08949154,0.028250286,0.028664066,0.024893079,0.73837566,0.01814989
ZJ019754,0.33341026,0.063771985,0.37891695,0.015983794,0.044325005,0.10920335,0.03983508,0.014553631
ZJ019755,0.65465856,0.029934848,0.027241975,0.017286232,0.023847964,0.060757626,0.028064871,0.15820795
ZJ019756,0.026132569,0.07034958,0.65244144,0.046722423,0.015507993,0.12927255,0.03914404,0.020429483
ZJ019757,0.43409228,0.016243035,0.46497425,0.0133168865,0.015949953,0.012386949,0.016276618,0.026760027
ZJ019758,0.020511841,0.89638895,0.013476856,0.011949017,0.02342649,0.008889352,0.0128963785,0.0124611445
ZJ019759,0.108048715,0.62175024,0.14674821,0.025494983,0.030640662,0.01903437,0.014625952,0.03365689
ZJ019760,0.06663823,0.018603325,0.16528137,0.048238732,0.03850815,0.02064547,0.6013743,0.040710356
ZJ019761,0.019111447,0.024750803,0.02550416,0.013973844,0.016976623,0.8545886,0.027259344,0.017835213
ZJ019762,0.03953894,0.7537787,0.09298214,0.0221137,0.02790911,0.027724696,0.011131286,0.024821412
ZJ019763,0.8603985,0.017109687,0.026412843,0.022038221,0.016357115,0.021319646,0.014906168,0.02145785
ZJ019764,0.28703094,0.022539726,0.5568595,0.011056877,0.015478871,0.015535312,0.059314158,0.032184623
ZJ019765,0.020946944,0.015056307,0.025296524,0.030504284,0.021792565,0.014989934,0.84875554,0.022657877
ZJ019766,0.19453223,0.02290481,0.63650876,0.012708494,0.017228518,0.01376573,0.07568138,0.026670128
ZJ019767,0.10675478,0.0083219735,0.8190193,0.01047231,0.012434687,0.008347499,0.018457832,0.016191639
ZJ019768,0.031367708,0.027059227,0.026753625,0.011531707,0.020211807,0.840181,0.023356367,0.019538647
ZJ019769,0.04704238,0.007963593,0.8793874,0.021697318,0.013933222,0.005938994,0.0055781617,0.018459009
ZJ019770,0.03465269,0.017090408,0.027978672,0.013992483,0.0162633,0.021389969,0.85720533,0.011427231
ZJ019771,0.22228146,0.039870355,0.5096614,0.026950657,0.012726401,0.042008318,0.06629325,0.08020821
ZJ019772,0.017088832,0.025677264,0.023205033,0.024112895,0.021309445,0.019780872,0.85056114,0.018264651
ZJ019773,0.044419903,0.8116215,0.050154258,0.019454407,0.02204202,0.018456567,0.009689316,0.02416197
ZJ019774,0.8417115,0.022811579,0.04609206,0.013815626,0.015907483,0.025554974,0.014225125,0.019881679
ZJ019775,0.057496656,0.051896393,0.27015027,0.07007984,0.01658519,0.05795294,0.029391134,0.4464476
ZJ019776,0.030943125,0.72943586,0.017179806,0.0225437,0.021713978,0.1327668,0.02604778,0.019368967
ZJ019777,0.8679326,0.014611259,0.02414229,0.018837912,0.01915502,0.02458388,0.014174553,0.016562525
ZJ019778,0.018134367,0.023782626,0.021041267,0.020714244,0.025761891,0.015256184,0.8524642,0.022845203
ZJ019779,0.09046906,0.010089724,0.32424805,0.29940242,0.1381241,0.050996017,0.012882738,0.07378793
ZJ019780,0.016791986,0.015599096,0.010928074,0.015387907,0.01802188,0.022950543,0.8856558,0.014664756
ZJ019781,0.61149114,0.03193418,0.25757036,0.015605802,0.017459504,0.026332716,0.027453726,0.012152649
ZJ019782,0.8857481,0.0140301585,0.021336202,0.018297598,0.014589566,0.017451333,0.011879208,0.016667832
ZJ019783,0.009175696,0.015837705,0.019860003,0.022370664,0.01947928,0.021042677,0.8781805,0.014053433
ZJ019784,0.08596264,0.016905185,0.7652527,0.0639952,0.011240696,0.026841847,0.009780808,0.020020997
ZJ019785,0.04708565,0.009266696,0.5782928,0.010607604,0.30764562,0.010420152,0.013780235,0.02290133
ZJ019786,0.09156306,0.7684774,0.0132259475,0.013775962,0.017209759,0.02230753,0.056506455,0.016933937
ZJ019787,0.16267388,0.71256447,0.04037882,0.016057152,0.017847313,0.018162608,0.0119334,0.020382365
ZJ019788,0.015745258,0.01654927,0.016796766,0.021151409,0.014567557,0.010873839,0.88982743,0.014488402
ZJ019789,0.09363148,0.010484347,0.4924561,0.011980581,0.32524934,0.017950132,0.02601624,0.022231812
ZJ019790,0.8745441,0.017351473,0.02344196,0.012851903,0.019195443,0.020633375,0.015702793,0.016278949
ZJ019791,0.03716233,0.8538826,0.02212901,0.017186169,0.018837059,0.021288315,0.012132487,0.017382089
ZJ019792,0.029982463,0.018321767,0.032773208,0.03168542,0.023752393,0.021242356,0.81112957,0.031112785
ZJ019793,0.89864916,0.0072458475,0.032611806,0.0059957993,0.008305526,0.02557901,0.015173572,0.0064393342
ZJ019794,0.10465354,0.018576479,0.26807982,0.12386278,0.022490686,0.018043555,0.02672959,0.41756353
ZJ019795,0.026135167,0.8771321,0.013005309,0.0113598015,0.017465567,0.024096621,0.01536354,0.015441924
ZJ019796,0.07286104,0.009678061,0.52367634,0.019333646,0.022310248,0.07342375,0.013008001,0.265709
ZJ019797,0.024669934,0.015853263,0.019513069,0.8824005,0.01993922,0.012023088,0.017592221,0.008008702
ZJ019798,0.16751514,0.086298935,0.1867419,0.020068837,0.033426635,0.07744821,0.0445786,0.38392177
ZJ019799,0.020082578,0.02031087,0.017243626,0.01674962,0.022145547,0.8661718,0.016134506,0.02116146
ZJ019800,0.016246706,0.4576067,0.031761196,0.016715115,0.029392991,0.36245784,0.060273018,0.02554653
ZJ019801,0.061068125,0.015106859,0.42724705,0.10403893,0.021758871,0.019490417,0.020595597,0.33069417
ZJ019802,0.82053274,0.010058505,0.07032883,0.026211848,0.00709603,0.013699435,0.0062041855,0.045868482
ZJ019803,0.14278224,0.011467192,0.6808223,0.017365426,0.021808544,0.017059596,0.073995136,0.03469954
ZJ019804,0.01960749,0.018844936,0.031466667,0.021883497,0.015999481,0.010835866,0.86620206,0.015160023
ZJ019805,0.018705744,0.026784752,0.037235525,0.026469955,0.026852563,0.023355935,0.81851095,0.022084577
ZJ019806,0.014826584,0.017945407,0.015401957,0.014370116,0.017567582,0.012213443,0.8959215,0.011753443
ZJ019807,0.28824076,0.053601574,0.38999596,0.01725898,0.033350606,0.016327906,0.1632453,0.03797894
ZJ019808,0.016169561,0.025851673,0.02340017,0.023016484,0.022511978,0.02076496,0.85002244,0.018262766
ZJ019809,0.18434136,0.16283047,0.5351812,0.026154626,0.02075774,0.031867526,0.020130161,0.018736867
ZJ019810,0.09801469,0.72593087,0.050675,0.014682548,0.020105818,0.036090977,0.034930438,0.01956967
ZJ019811,0.020049172,0.010165263,0.017177505,0.019863172,0.015603036,0.015797323,0.886795,0.014549605
ZJ019812,0.24035516,0.017173395,0.64649075,0.013061306,0.02805244,0.014498268,0.009342089,0.031026512
ZJ019813,0.09799184,0.011841227,0.70435727,0.026150484,0.011379552,0.015546615,0.012664101,0.12006897
ZJ019814,0.120335214,0.07470333,0.08597905,0.018991916,0.020545036,0.037277613,0.18775372,0.45441413
ZJ019815,0.024159659,0.028847888,0.058539998,0.028944224,0.034921955,0.16286807,0.63908964,0.022628551
ZJ019816,0.31952783,0.01569497,0.15962224,0.03904735,0.035431262,0.039536573,0.35828567,0.032854106
ZJ019817,0.023574576,0.8542924,0.018362373,0.015113503,0.023221426,0.01865869,0.018337253,0.028439788
ZJ019818,0.8418624,0.010038132,0.014272026,0.010299434,0.06756112,0.024184369,0.02396195,0.007820547
ZJ019819,0.029377867,0.8494728,0.030361911,0.015019106,0.020721154,0.023653286,0.010396814,0.020997092
ZJ019820,0.43227753,0.017844811,0.13149531,0.058954354,0.20673347,0.050320197,0.023621388,0.07875298
ZJ019821,0.054696728,0.018172381,0.4937336,0.20802858,0.01033544,0.02485097,0.019557307,0.170625
ZJ019822,0.01959128,0.021731615,0.01769711,0.016821537,0.02114079,0.86840516,0.012837871,0.021774594
ZJ019823,0.049732305,0.008354022,0.87299424,0.023327706,0.014332454,0.0061108605,0.0061158556,0.019032545
ZJ019824,0.0102767795,0.013002952,0.011256676,0.017761461,0.016295481,0.014567936,0.90206856,0.014770158
ZJ019825,0.056774378,0.008472393,0.76177454,0.033532757,0.007038366,0.02820929,0.014397777,0.0898005
ZJ019826,0.80808204,0.016811838,0.05859381,0.019209776,0.03465165,0.020456327,0.025348658,0.016845847
ZJ019827,0.71206504,0.018765246,0.014163514,0.043129712,0.013742211,0.16865401,0.016549392,0.012930817
ZJ019828,0.033972997,0.00747846,0.04814096,0.017021446,0.834324,0.022575963,0.01949137,0.0169947
ZJ019829,0.24822393,0.576251,0.040169008,0.012422392,0.02350168,0.030641759,0.058062147,0.010728123
ZJ019830,0.075391605,0.020348435,0.09253507,0.02812752,0.02288725,0.023208588,0.7190788,0.018422727
ZJ019831,0.8445222,0.021644881,0.03082684,0.023670217,0.016513193,0.028083721,0.014948326,0.019790674
ZJ019832,0.14955747,0.011310974,0.75083685,0.0095975725,0.016626066,0.011597926,0.012398369,0.038074788
ZJ019833,0.39619547,0.007535245,0.5258538,0.017076068,0.013458821,0.016440632,0.007399595,0.016040437
ZJ019834,0.030198043,0.015715484,0.02420659,0.8609335,0.022931151,0.017305484,0.016864927,0.011844809
ZJ019835,0.020215236,0.021752018,0.017354343,0.017122665,0.021835398,0.86576015,0.013704935,0.022255303
ZJ019836,0.03433583,0.015298559,0.02892682,0.013909546,0.0141355945,0.023952266,0.8536398,0.015801538
ZJ019837,0.016229857,0.018450761,0.016244898,0.015300858,0.027300818,0.8755127,0.015276529,0.015683547
ZJ019838,0.025648559,0.040565856,0.045892205,0.016412975,0.019851828,0.35988328,0.47975984,0.011985413
ZJ019839,0.0315551,0.018917238,0.91231614,0.0044984645,0.0061038565,0.009976531,0.012002198,0.00463046
ZJ019840,0.03656756,0.021941071,0.030807976,0.015297703,0.018879762,0.84035057,0.018654263,0.017501157
ZJ019841,0.024878677,0.021264248,0.023051547,0.01994074,0.032886557,0.80867904,0.023950698,0.04534852
ZJ019842,0.1425207,0.020678652,0.0174621,0.69659233,0.057443507,0.035434615,0.0151915895,0.014676481
ZJ019843,0.13581453,0.033725902,0.32816014,0.013811274,0.020682486,0.024165308,0.23980756,0.20383282
ZJ019844,0.07750528,0.010244145,0.78556955,0.017912544,0.011597726,0.033848442,0.031059293,0.032263014
ZJ019845,0.24720497,0.017425068,0.030511713,0.015861055,0.0225038,0.021650193,0.6286515,0.016191732
ZJ019846,0.06272376,0.010254624,0.78563714,0.022637239,0.022406628,0.046115253,0.01095474,0.039270576
ZJ019847,0.2447695,0.013135413,0.59804577,0.011438802,0.041221727,0.024597172,0.033345994,0.033445656
ZJ019848,0.046995226,0.012236821,0.07092791,0.03154518,0.020628586,0.020185182,0.017811203,0.77966994
ZJ019849,0.023444543,0.02107289,0.036814243,0.013178683,0.019681295,0.84646386,0.02186051,0.017484033
ZJ019850,0.02010381,0.027467256,0.028217927,0.015145081,0.017317021,0.7563511,0.11007869,0.025319088
ZJ019851,0.078833446,0.79375553,0.030221967,0.017279705,0.02114625,0.017500449,0.0164524,0.024810249
ZJ019852,0.064749315,0.021811906,0.84120005,0.009062836,0.011672861,0.026156455,0.011707081,0.013639489
ZJ019853,0.37451133,0.016982835,0.23650448,0.017815767,0.036291815,0.018669521,0.27524963,0.023974655
ZJ019854,0.16674854,0.010961539,0.6666588,0.013798741,0.018116487,0.023396557,0.07855518,0.021764204
ZJ019855,0.8867736,0.019758478,0.021679604,0.011199449,0.015229491,0.01788213,0.01473094,0.012746348
ZJ019856,0.010342675,0.010768479,0.01606759,0.013715798,0.018730767,0.014563354,0.89729226,0.018519193
ZJ019857,0.034748107,0.024015347,0.034882016,0.015682334,0.019655168,0.83346176,0.018593213,0.018962104
ZJ019858,0.8446867,0.015346981,0.01586619,0.014931917,0.01527778,0.028599247,0.031098379,0.0341928
ZJ019859,0.38223872,0.016914932,0.29120764,0.033882067,0.039519917,0.06678853,0.12000678,0.049441442
ZJ019860,0.03686891,0.006169844,0.89301205,0.009359564,0.016374316,0.011075871,0.009688308,0.017451158
ZJ019861,0.79734737,0.02089039,0.011975259,0.020264817,0.020150587,0.06671763,0.048064534,0.014589411
ZJ019862,0.8688852,0.014541927,0.020323277,0.022244727,0.01657844,0.020913532,0.014596827,0.021916125
ZJ019863,0.014442525,0.01792852,0.042337563,0.03760473,0.025214875,0.018508106,0.81057215,0.033391465
ZJ019864,0.08553394,0.010390312,0.8030829,0.013438873,0.009873106,0.020567467,0.031926483,0.025186995
ZJ019865,0.4484593,0.019211024,0.08854108,0.046031125,0.055242855,0.3051835,0.009167292,0.028163869
ZJ019866,0.047719453,0.008334771,0.70928556,0.11464667,0.015498737,0.0134827485,0.009754779,0.08127735
ZJ019867,0.052019168,0.041674208,0.09603946,0.0315849,0.018867612,0.59578973,0.015741432,0.14828354
ZJ019868,0.014741473,0.016805261,0.01712534,0.0212023,0.014761778,0.013501427,0.8856024,0.01626003
ZJ019869,0.18853076,0.012423787,0.24595928,0.022353984,0.026617562,0.03049998,0.025790328,0.4478243
ZJ019870,0.12899499,0.014315843,0.60292304,0.030787224,0.03140981,0.015068376,0.13634984,0.04015092
ZJ019871,0.8700642,0.01583433,0.014924767,0.016470414,0.023136923,0.02556721,0.016324937,0.017677236
ZJ019872,0.060652226,0.0068757446,0.84675616,0.0140874535,0.01002011,0.014726335,0.026329497,0.020552516
ZJ019873,0.21974245,0.021968225,0.6435446,0.0315255,0.012179415,0.040842254,0.014137151,0.016060432
ZJ019874,0.022442063,0.017220087,0.030956892,0.018897794,0.02785245,0.84227747,0.015557656,0.02479565
ZJ019875,0.27482015,0.017504027,0.58459425,0.011457904,0.020278282,0.027601367,0.04771703,0.016027031
ZJ019876,0.5845882,0.019798553,0.029404316,0.060738005,0.18482028,0.078526296,0.02549879,0.016625533
ZJ019877,0.062749945,0.016358554,0.37536404,0.074041836,0.020365918,0.021550238,0.022021025,0.4075485
ZJ019878,0.06109611,0.016727379,0.83748513,0.0071399803,0.010942846,0.014220032,0.02113688,0.031251635
ZJ019879,0.08468402,0.020178765,0.02176534,0.7881413,0.033450108,0.023187084,0.015658455,0.012934915
ZJ019880,0.08899411,0.01809962,0.069523096,0.028944615,0.025871167,0.027434735,0.72465414,0.016478537
ZJ019881,0.08130887,0.0055939765,0.7815731,0.031202609,0.015160105,0.023091942,0.014977926,0.047091406
ZJ019882,0.3791085,0.010394652,0.015026489,0.015415504,0.01266442,0.38099933,0.16876437,0.017626738
ZJ019883,0.050274707,0.008202072,0.8768452,0.01841408,0.016587965,0.011966555,0.0052413116,0.012468082
ZJ019884,0.017824313,0.016084168,0.019962518,0.014949158,0.020290224,0.8797092,0.013684233,0.017496254
ZJ019885,0.39895433,0.017988348,0.29156005,0.025237793,0.09308802,0.031009093,0.1228806,0.019281771
ZJ019886,0.036530647,0.049359348,0.03926202,0.036010716,0.02814034,0.5036141,0.2816237,0.025459146
ZJ019887,0.28560692,0.007618767,0.6370055,0.010133702,0.011413321,0.007702203,0.009224492,0.031295113
ZJ019888,0.17362319,0.65765274,0.042294085,0.03148069,0.030548811,0.0295011,0.013569391,0.021330003
ZJ019889,0.020789718,0.024315096,0.025127862,0.013394507,0.023036662,0.8553883,0.019920388,0.018027445
ZJ019890,0.024235895,0.008489616,0.90027314,0.010020896,0.011457932,0.015914258,0.019709677,0.009898602
ZJ019891,0.2455071,0.009996711,0.4524233,0.022425845,0.026897907,0.02881051,0.18672422,0.027214408
ZJ019892,0.03789226,0.23655596,0.027348025,0.089709975,0.02556082,0.039362352,0.015354039,0.5282166
ZJ019893,0.038673546,0.81488913,0.059859704,0.019422142,0.0222503,0.014835452,0.011833668,0.018235963
ZJ019894,0.14881259,0.010527357,0.757774,0.013008951,0.016087784,0.010940763,0.009846485,0.033002086
ZJ019895,0.14409125,0.05322017,0.13567717,0.027450606,0.03221236,0.038734075,0.034925055,0.5336894
ZJ019896,0.043242663,0.017917862,0.36658683,0.019918049,0.4951616,0.019791406,0.012647681,0.02473393
ZJ019897,0.06876933,0.016483875,0.10823832,0.03142601,0.02567595,0.030258207,0.6990036,0.020144764
ZJ019898,0.22207053,0.04524076,0.5573575,0.008761237,0.013749619,0.02049898,0.10618555,0.026135836
ZJ019899,0.03338052,0.008506305,0.83272666,0.0064294003,0.007626875,0.033686336,0.063911475,0.013732322
ZJ019900,0.2634986,0.019266644,0.14854094,0.014097221,0.02505417,0.03630192,0.025255311,0.46798524
ZJ019901,0.041412022,0.8604302,0.01525413,0.0115084015,0.024262818,0.016076704,0.016641801,0.0144138755
ZJ019902,0.10715131,0.015054919,0.66209763,0.022451136,0.014200889,0.022193864,0.055094298,0.10175591
ZJ019903,0.029091436,0.024173955,0.038283795,0.02981773,0.027749125,0.01863119,0.81205934,0.020193445
ZJ019904,0.29290497,0.014213811,0.23576494,0.01555689,0.026522893,0.027149493,0.36299506,0.024891978
ZJ019905,0.16308096,0.53907984,0.13799013,0.034993615,0.041924126,0.039518513,0.016357098,0.027055759
ZJ019906,0.7774001,0.009214464,0.078055374,0.016767053,0.022871206,0.02788112,0.037861936,0.029948806
ZJ019907,0.03738976,0.4735404,0.06541385,0.020284427,0.030070687,0.08129518,0.27375212,0.018253563
ZJ019908,0.1647915,0.007851937,0.08834908,0.02662141,0.033256855,0.021228625,0.63531846,0.022582218
ZJ019909,0.06513256,0.015288526,0.42578107,0.09042895,0.01937393,0.021156998,0.020125613,0.34271237
ZJ019910,0.033242147,0.013903392,0.028869912,0.025940403,0.016050128,0.015176038,0.017426847,0.84939116
ZJ019911,0.020080334,0.020156637,0.03102476,0.014870486,0.021367956,0.8543806,0.018338284,0.01978095
ZJ019912,0.02314612,0.015061452,0.014822433,0.009972771,0.017576024,0.020626193,0.03802524,0.86076987
ZJ019913,0.02089305,0.02151823,0.028560644,0.018002277,0.021068513,0.8503624,0.019952182,0.019642664
ZJ019914,0.02840527,0.02723296,0.14631958,0.027909392,0.02748479,0.69269055,0.020349165,0.02960825
ZJ019915,0.02361679,0.020297954,0.91015977,0.003531503,0.005274062,0.026138872,0.006934921,0.004046148
ZJ019916,0.04961102,0.014855432,0.40780473,0.41974154,0.017925272,0.020779612,0.01671072,0.05257168
ZJ019917,0.020216627,0.024509126,0.035061125,0.012351486,0.018988334,0.854694,0.01120353,0.022975808
ZJ019918,0.052934777,0.013358208,0.025437577,0.8557629,0.01582108,0.009864045,0.018652814,0.008168661
ZJ019919,0.091459885,0.6662899,0.027119651,0.014205739,0.016427267,0.022507375,0.14638224,0.01560799
ZJ019920,0.021669118,0.8577587,0.014866016,0.017460583,0.029927785,0.025151456,0.016858663,0.01630765
ZJ019921,0.15906815,0.060848963,0.6746029,0.01689936,0.010520971,0.018423747,0.03119427,0.028441584
ZJ019922,0.10316664,0.014708175,0.293344,0.025326315,0.018062204,0.050837975,0.4773495,0.017205235
ZJ019923,0.066048704,0.79634684,0.04337267,0.01351078,0.017425464,0.02047962,0.0237005,0.019115416
ZJ019924,0.8517704,0.0056125675,0.04421867,0.015420054,0.013172126,0.019160261,0.0422278,0.008418114
ZJ019925,0.019194048,0.017084334,0.016625118,0.021568453,0.021172756,0.017652739,0.87188,0.014822513
ZJ019926,0.8659238,0.010269857,0.03347055,0.01682912,0.015454851,0.016107816,0.025376394,0.016567566
ZJ019927,0.10489501,0.012701019,0.7897885,0.009544168,0.014828426,0.028158188,0.015878778,0.02420596
ZJ019928,0.0901346,0.018988147,0.15289037,0.031740367,0.031811874,0.034414586,0.61679333,0.023226732
ZJ019929,0.14088112,0.008354539,0.7638499,0.014291945,0.017866535,0.01579,0.01682417,0.022141809
ZJ019930,0.25722465,0.01642665,0.6434374,0.009015031,0.010218821,0.014175591,0.009073557,0.04042837
ZJ019931,0.4600732,0.030533457,0.033782747,0.013065845,0.13003042,0.27067736,0.051672656,0.010164328
ZJ019932,0.05482924,0.823399,0.03049825,0.016451789,0.024007674,0.024181291,0.009006343,0.017626418
ZJ019933,0.35311463,0.3269173,0.020363232,0.016270524,0.029752111,0.021866873,0.21202476,0.019690575
ZJ019934,0.8332121,0.012102831,0.022039894,0.01703262,0.012149143,0.019019598,0.070884325,0.013559564
ZJ019935,0.022862537,0.017192055,0.04887506,0.02790471,0.025296984,0.81899756,0.014636913,0.024234252
ZJ019936,0.2632082,0.015495831,0.62032044,0.010033011,0.018223321,0.025168383,0.013556053,0.033994734
ZJ019937,0.81963885,0.019698283,0.016516007,0.06259608,0.027328784,0.023782251,0.013748065,0.016691675
ZJ019938,0.18385705,0.1523215,0.016188413,0.0179908,0.0315459,0.018002188,0.5601056,0.019988557
ZJ019939,0.027000174,0.021085976,0.4042327,0.08847953,0.032280352,0.33172598,0.05194335,0.043251917
ZJ019940,0.04894642,0.016481373,0.21542434,0.01534415,0.018202098,0.653266,0.012121381,0.020214228
ZJ019941,0.05954489,0.80216867,0.032566186,0.012374362,0.022947645,0.04041507,0.014646882,0.01533624
ZJ019942,0.021647418,0.018131813,0.029431475,0.017765118,0.022356352,0.85491914,0.015276319,0.020472277
ZJ019943,0.06252932,0.030147988,0.055448055,0.0075296895,0.012810371,0.16129974,0.071000576,0.5992343
ZJ019944,0.09085908,0.018089324,0.18881242,0.6135494,0.02139376,0.024587113,0.01846684,0.024242023
ZJ019945,0.037234902,0.10353595,0.04527331,0.02329917,0.02103035,0.01892423,0.72890705,0.02179509
ZJ019946,0.12475137,0.010175865,0.7555391,0.019094246,0.022108382,0.012361418,0.02781491,0.028154677
ZJ019947,0.06402549,0.009380251,0.8673092,0.005607123,0.011057939,0.020852793,0.008178184,0.013588982
ZJ019948,0.020869378,0.012305482,0.0210601,0.043355133,0.027605606,0.018002365,0.014775327,0.84202665
ZJ019949,0.043057095,0.02151096,0.09145332,0.051468085,0.03188619,0.033196874,0.69459796,0.03282958
ZJ019950,0.31856918,0.025809368,0.53586453,0.026407842,0.022898657,0.030628523,0.016666353,0.023155475
ZJ019951,0.07005418,0.003924568,0.82118875,0.007434768,0.016201155,0.009873564,0.043310102,0.02801297
ZJ019952,0.04943097,0.025504677,0.16152059,0.08340936,0.020477783,0.59064335,0.01320101,0.055812296
ZJ019953,0.030958531,0.79135853,0.025591958,0.01660151,0.048399366,0.03435766,0.0336768,0.019055659
ZJ019954,0.3534771,0.3513595,0.15841791,0.019227348,0.029857645,0.02729297,0.016304905,0.044062622
ZJ019955,0.05549493,0.0072825174,0.7668025,0.00845833,0.012707253,0.073124506,0.009753098,0.06637689
ZJ019956,0.023749998,0.03580429,0.07844341,0.02604646,0.011458421,0.31854373,0.012119664,0.49383402
ZJ019957,0.30516544,0.014958421,0.5175101,0.01762839,0.07650113,0.04220438,0.00962936,0.016402721
ZJ019958,0.27131674,0.073713295,0.46081915,0.020594524,0.07613323,0.052370217,0.028999073,0.01605378
ZJ019959,0.76839304,0.0148802055,0.05497055,0.03192362,0.029058246,0.04985782,0.013333741,0.037582844
ZJ019960,0.8543467,0.020434966,0.030844271,0.0188725,0.019474594,0.021834765,0.014517806,0.019674463
ZJ019961,0.035587564,0.023531517,0.031307615,0.0148666175,0.019740837,0.8380634,0.019318188,0.01758424
ZJ019962,0.5992038,0.028284444,0.22803931,0.021133093,0.014121795,0.023195116,0.05396338,0.032059066
ZJ019963,0.05620059,0.015713215,0.8151439,0.02555128,0.01638035,0.011299073,0.01863931,0.04107232
ZJ019964,0.044638973,0.81020635,0.03346011,0.01795963,0.018829215,0.01920044,0.0391365,0.01656881
ZJ019965,0.030084798,0.011122122,0.025629554,0.8645321,0.012668899,0.031298198,0.013040709,0.011623598
ZJ019966,0.10434226,0.013677199,0.26087973,0.07620288,0.45108733,0.023030713,0.012122041,0.058657885
ZJ019967,0.025359226,0.8907461,0.011559369,0.010752592,0.012511534,0.021114668,0.01648566,0.011470846
ZJ019968,0.1365547,0.5671575,0.17021231,0.013146658,0.0327303,0.024802823,0.012761074,0.042634647
ZJ019969,0.025728678,0.011127137,0.02092968,0.026583342,0.013919485,0.019620208,0.014636303,0.8674552
ZJ019970,0.637056,0.034021344,0.08592776,0.118978396,0.026299348,0.05416454,0.016707893,0.026844755
ZJ019971,0.7230619,0.013440798,0.13527742,0.023100985,0.018052006,0.047359325,0.019688545,0.020019082
ZJ019972,0.16255228,0.55142134,0.09805414,0.027751774,0.057474174,0.037873115,0.024977824,0.039895367
ZJ019973,0.20467487,0.01814455,0.11268779,0.023486258,0.03981129,0.54163235,0.02626433,0.03329855
ZJ019974,0.7916612,0.044283684,0.047878664,0.015084135,0.012715854,0.022430774,0.040405657,0.025540048
ZJ019975,0.035013434,0.009928101,0.7807085,0.016577484,0.013954574,0.02776566,0.0120855495,0.10396675
ZJ019976,0.034918033,0.01149547,0.06694123,0.063523956,0.016392278,0.019891432,0.013124445,0.7737132
ZJ019977,0.23755531,0.584758,0.048209034,0.014156379,0.021892121,0.040728055,0.019918151,0.032782912
ZJ019978,0.7987076,0.018908104,0.06963147,0.017050683,0.031205624,0.020475857,0.02109918,0.022921422
ZJ019979,0.08979389,0.022617184,0.059678942,0.019694863,0.022807749,0.03145373,0.03963833,0.71431535
ZJ019980,0.35861373,0.071779065,0.14595397,0.015999362,0.027246982,0.1593036,0.20530641,0.01579691
ZJ019981,0.021832401,0.036847677,0.030540008,0.011509811,0.02210271,0.8361662,0.019133572,0.021867631
ZJ019982,0.45209694,0.056518245,0.23861562,0.01787668,0.13748156,0.026584838,0.045517314,0.025308816
ZJ019983,0.022364726,0.008888596,0.89301914,0.011060766,0.012664109,0.019719409,0.021027781,0.011255501
ZJ019984,0.011182042,0.01799927,0.01630511,0.021941321,0.01917035,0.014830013,0.88458884,0.013983071
ZJ019985,0.043994945,0.011582628,0.8789193,0.008931073,0.01556865,0.011701423,0.012814844,0.016487176
ZJ019986,0.033008594,0.008852153,0.91210884,0.011258585,0.01007292,0.009101307,0.005411752,0.010185897
ZJ019987,0.8960828,0.015698275,0.01912581,0.015346286,0.00858933,0.018563053,0.016039813,0.010554648
ZJ019988,0.43445992,0.018965757,0.29541126,0.106017746,0.0177039,0.070084795,0.020724518,0.03663214
ZJ019989,0.0536518,0.015218369,0.24694255,0.21597235,0.014452182,0.013484179,0.0188698,0.42140874
ZJ019990,0.0996688,0.08325484,0.13302197,0.046894543,0.0296224,0.05629283,0.25410172,0.2971429
ZJ019991,0.040641308,0.29196915,0.28219277,0.042244267,0.018298129,0.18533745,0.02517435,0.11414261
ZJ019992,0.8772192,0.01842614,0.017371697,0.015962187,0.016385974,0.022540791,0.012535258,0.019558767
ZJ019993,0.092738606,0.023015304,0.01812163,0.7771652,0.039169017,0.021686694,0.017026467,0.011077138
ZJ019994,0.08505785,0.6648851,0.14258514,0.02247943,0.02457735,0.018138496,0.014256793,0.028019829
ZJ019995,0.81928587,0.013995691,0.040583532,0.029410705,0.013495606,0.016725753,0.018300762,0.048202064
ZJ019996,0.058086384,0.018956201,0.014346181,0.8168179,0.017613024,0.04587234,0.019929038,0.008378877
ZJ019997,0.12216733,0.019974303,0.01723884,0.011094561,0.012643687,0.027972672,0.7571283,0.031780403
ZJ019998,0.15176381,0.009316041,0.76917213,0.010810211,0.0143209,0.009632239,0.009816089,0.025168544
ZJ019999,0.19680564,0.06587731,0.086786374,0.015292344,0.024582012,0.02004352,0.5665783,0.024034414
ZJ020000,0.021077909,0.021314396,0.027109517,0.025168682,0.021139959,0.8272936,0.019496094,0.037399817
ZJ020001,0.81935805,0.018150363,0.028050667,0.019497702,0.01798741,0.023683231,0.016569588,0.056702998
ZJ020002,0.17937155,0.5828263,0.030509828,0.009938955,0.025824482,0.08390572,0.07135429,0.016268943
ZJ020003,0.027026257,0.0116487015,0.038094837,0.018459382,0.018890329,0.015813261,0.8533478,0.01671944
ZJ020004,0.16249318,0.036538906,0.35428625,0.026498804,0.019444125,0.31862518,0.04268541,0.039428182
ZJ020005,0.0776993,0.024390433,0.16252996,0.019522708,0.016910832,0.027350942,0.64183235,0.029763484
ZJ020006,0.32896012,0.4684747,0.04508226,0.013461873,0.020713067,0.036383796,0.06711289,0.01981129
ZJ020007,0.16312745,0.007814694,0.6504187,0.017839719,0.02939621,0.016316516,0.093305014,0.02178174
ZJ020008,0.07214777,0.2580142,0.06495031,0.020384874,0.029251048,0.019838823,0.5144124,0.02100057
ZJ020009,0.02364832,0.016014377,0.017537571,0.015918992,0.021119474,0.017519293,0.8709753,0.01726662
ZJ020010,0.014174345,0.0077068894,0.080509916,0.00773105,0.8404956,0.0151550565,0.009689272,0.0245378
ZJ020011,0.09942644,0.010565638,0.78008497,0.014034077,0.009285456,0.022199573,0.037355933,0.027047912
ZJ020012,0.583477,0.012351074,0.04708157,0.025353054,0.022103237,0.03473745,0.080772735,0.19412395
ZJ020013,0.76807046,0.021735188,0.016759893,0.030761166,0.012825948,0.0339976,0.02054449,0.09530524
ZJ020014,0.01582957,0.018717913,0.015555206,0.019762699,0.021731855,0.014552188,0.8787587,0.015091846
ZJ020015,0.116023116,0.75989133,0.01779994,0.03021676,0.013732157,0.02412664,0.008661049,0.029549008
ZJ020016,0.14174376,0.01240836,0.0952077,0.028345272,0.018496742,0.019298771,0.57448846,0.11001098
ZJ020017,0.14068465,0.15993147,0.26944295,0.019391442,0.086246744,0.12696406,0.13851848,0.058820225
ZJ020018,0.020319574,0.0080890525,0.89929134,0.010964493,0.012510468,0.01835647,0.019027231,0.0114413565
ZJ020019,0.047388714,0.07097335,0.5332236,0.021290092,0.09656955,0.038929988,0.07931169,0.112313055
ZJ020020,0.1645908,0.018524332,0.6893282,0.04448172,0.010654209,0.03530206,0.013261139,0.023857486
ZJ020021,0.08940492,0.0074530863,0.81296694,0.011226692,0.018216053,0.039156504,0.0091837,0.012392129
ZJ020022,0.07073758,0.013545941,0.8019986,0.00749133,0.0069197044,0.023996092,0.06353708,0.01177364
ZJ020023,0.88157207,0.007601035,0.01441728,0.012578884,0.01036971,0.028413678,0.033111285,0.011936092
ZJ020024,0.021440303,0.020416675,0.022634277,0.015609345,0.028648382,0.8560797,0.015755793,0.019415563
ZJ020025,0.030230617,0.013501465,0.12959452,0.045951024,0.023719221,0.013461004,0.013692649,0.7298495
ZJ020026,0.07349571,0.012207891,0.09354862,0.015689787,0.02109444,0.022535903,0.7459499,0.0154776815
ZJ020027,0.7480585,0.026715761,0.048307255,0.06002543,0.018350556,0.05949613,0.016722698,0.022323715
ZJ020028,0.30639163,0.4527889,0.028683323,0.017077971,0.029440582,0.078780524,0.06266191,0.024175195
ZJ020029,0.033383366,0.86550397,0.021124555,0.014702578,0.015501725,0.016720325,0.011594082,0.021469358
ZJ020030,0.02067798,0.018785719,0.016900672,0.018236727,0.023421893,0.013778456,0.86918336,0.019015169
ZJ020031,0.05609987,0.007880103,0.3753533,0.15603636,0.011385,0.019341094,0.015420568,0.3584837
ZJ020032,0.04481035,0.013160042,0.7658838,0.08063307,0.016881978,0.011519015,0.017922943,0.04918882
ZJ020033,0.109174505,0.051284816,0.36495346,0.015157297,0.036911406,0.032157782,0.28701326,0.10334747
ZJ020034,0.119898796,0.03220666,0.014692378,0.66631734,0.019861452,0.121744156,0.015885878,0.009393359
ZJ020035,0.043076854,0.08872295,0.63872683,0.025586221,0.01379911,0.033657093,0.024454221,0.13197671
ZJ020036,0.34370267,0.07113695,0.33696482,0.031305846,0.036075924,0.04974277,0.045758236,0.085312836
ZJ020037,0.08388531,0.04445256,0.35411453,0.22814475,0.022265388,0.043318965,0.13812947,0.085689
ZJ020038,0.24777047,0.010914462,0.65507424,0.0125746755,0.023660848,0.013116717,0.0130926,0.023795987
ZJ020039,0.29274428,0.012720774,0.025549507,0.014680996,0.0201869,0.030929267,0.5884995,0.014688735
ZJ020040,0.040125467,0.8442894,0.027666146,0.015198633,0.02198392,0.018499313,0.0140494285,0.01818767
ZJ020041,0.018816216,0.016636958,0.02222436,0.018862,0.021074673,0.8702408,0.013349666,0.018795332
ZJ020042,0.8930203,0.0105404565,0.028286641,0.008914433,0.016012428,0.014640169,0.012379965,0.016205592
ZJ020043,0.021298677,0.020002231,0.013584936,0.014206265,0.018152246,0.04212739,0.86190987,0.008718471
ZJ020044,0.86699456,0.01800344,0.018773787,0.017872727,0.011575421,0.026677513,0.013276112,0.026826415
ZJ020045,0.13666783,0.015977547,0.10242325,0.053928286,0.55771947,0.037520114,0.026975675,0.068787836
ZJ020046,0.098239146,0.010586064,0.4415875,0.06327782,0.2314231,0.033526342,0.014350936,0.107009076
ZJ020047,0.48832127,0.048529223,0.25976166,0.04383075,0.018373625,0.060605533,0.04946045,0.031117534
ZJ020048,0.35278192,0.023142671,0.5102146,0.0110683,0.020999989,0.01889628,0.04600743,0.0168888
ZJ020049,0.02630106,0.018923353,0.031219095,0.02413943,0.03176756,0.05475333,0.7963063,0.016589914
ZJ020050,0.023339296,0.021487955,0.028250758,0.01996383,0.02016054,0.85132235,0.015233344,0.020241842
ZJ020051,0.036878657,0.008493279,0.83585703,0.011679121,0.01007501,0.012349998,0.06492342,0.019743467
ZJ020052,0.01644159,0.025045032,0.03067262,0.024737563,0.025527528,0.022539942,0.83521587,0.019819824
ZJ020053,0.24520779,0.02199379,0.2701611,0.024176914,0.087215036,0.036026075,0.015633268,0.2995861
ZJ020054,0.042617183,0.023641098,0.05870018,0.020483112,0.020839522,0.79190034,0.018954128,0.022864422
ZJ020055,0.03373251,0.7669339,0.03359122,0.016871361,0.061681088,0.04074554,0.022906383,0.023538003
ZJ020056,0.024873177,0.8652558,0.02042654,0.018648269,0.020828834,0.018963907,0.013856019,0.017147467
ZJ020057,0.14215963,0.5294704,0.063494176,0.011224833,0.023497153,0.02723297,0.18341443,0.01950646
ZJ020058,0.109091975,0.026873192,0.15624855,0.020003784,0.03924353,0.52457064,0.02150624,0.10246213
ZJ020059,0.85294163,0.011589434,0.04843054,0.016639158,0.015948305,0.018905284,0.012411337,0.023134291
ZJ020060,0.047661144,0.019364936,0.027444726,0.011374036,0.0228953,0.027024796,0.036312148,0.80792296
ZJ020061,0.467226,0.015850324,0.45082837,0.0067677395,0.011986202,0.017649641,0.016934743,0.012756973
ZJ020062,0.34531668,0.020039821,0.3459392,0.029468799,0.04121501,0.059981354,0.10824627,0.049792863
ZJ020063,0.17626767,0.013856825,0.549454,0.009726418,0.009520819,0.13203727,0.09668018,0.012456906
ZJ020064,0.021579005,0.017270988,0.023656243,0.01834913,0.014354022,0.029723708,0.86186695,0.013199905
ZJ020065,0.10055528,0.014927684,0.21518235,0.14004783,0.015430972,0.021353906,0.010100871,0.4824011
ZJ020066,0.03202873,0.008919114,0.8820347,0.04221573,0.0064264014,0.009599856,0.006045544,0.012729937
ZJ020067,0.037309177,0.6409974,0.04589538,0.013494064,0.014898591,0.17402276,0.04339658,0.029986044
ZJ020068,0.1228913,0.016533675,0.69195074,0.012734381,0.00602403,0.020416522,0.10026157,0.029187744
ZJ020069,0.028342653,0.028341508,0.049017876,0.027775014,0.03688258,0.17320693,0.6339659,0.022467496
ZJ020070,0.08679999,0.010271701,0.7824284,0.011172091,0.018590612,0.05405925,0.016652776,0.020025205
ZJ020071,0.03482436,0.007936487,0.77945083,0.07502869,0.018664718,0.0068592243,0.009249411,0.06798635
ZJ020072,0.03192997,0.022503963,0.05003209,0.01737961,0.018423898,0.82131493,0.018633371,0.01978216
ZJ020073,0.05317564,0.019274052,0.65779346,0.016785113,0.014847013,0.01270214,0.21553385,0.009888813
ZJ020074,0.20351008,0.1974219,0.20532015,0.020038396,0.03755484,0.07469937,0.061535206,0.19992007
ZJ020075,0.03334369,0.83572084,0.020536792,0.016261896,0.01745036,0.01454097,0.04403388,0.0181116
ZJ020076,0.71803844,0.027845308,0.049928993,0.036290295,0.023053015,0.055298,0.022351312,0.06719469
ZJ020077,0.057829972,0.01236987,0.85462046,0.013511817,0.015345538,0.009880975,0.010658153,0.025783215
ZJ020078,0.15528099,0.49908873,0.16228695,0.053409077,0.0326144,0.037097305,0.01843118,0.041791383
ZJ020079,0.06552721,0.032433163,0.62349904,0.011175963,0.012901033,0.018057475,0.077932626,0.15847348
ZJ020080,0.032921597,0.35553506,0.4407936,0.01577558,0.02055567,0.07831716,0.037970375,0.018130956
ZJ020081,0.028714223,0.009621022,0.8883166,0.007705641,0.013105092,0.021237055,0.014968157,0.0163323
ZJ020082,0.021547288,0.035602912,0.011087063,0.017725168,0.024107095,0.01762721,0.8574144,0.014888843
ZJ020083,0.022090187,0.018491887,0.016709242,0.019311877,0.039144427,0.021391882,0.8468466,0.016013958
ZJ020084,0.057490315,0.024784802,0.22313736,0.045325644,0.02427916,0.056809645,0.5409133,0.02725983
ZJ020085,0.044666544,0.008171961,0.68122685,0.03092413,0.014430714,0.01993947,0.013757098,0.1868833
ZJ020086,0.017101575,0.018380469,0.017697452,0.019631004,0.020525508,0.012048657,0.8767892,0.0178261
ZJ020087,0.17779732,0.009870119,0.74201053,0.011363367,0.016925681,0.015178585,0.013580677,0.013273706
ZJ020088,0.8740962,0.015753238,0.014277398,0.014986766,0.014930247,0.027866155,0.016296143,0.021793803
ZJ020089,0.8617762,0.01159954,0.020285241,0.016166884,0.018083476,0.035707027,0.017165761,0.019215863
ZJ020090,0.35796863,0.06787908,0.3476671,0.019853253,0.030663026,0.01939399,0.02669611,0.12987883
ZJ020091,0.05233541,0.008921905,0.8410212,0.018927766,0.010097322,0.010265154,0.009854242,0.048577007
ZJ020092,0.101450875,0.0075176917,0.807113,0.011352188,0.006319335,0.01873816,0.02365531,0.023853434
ZJ020093,0.42469406,0.022703562,0.35232893,0.009642544,0.03977474,0.04952529,0.07878502,0.022545869
ZJ020094,0.048238847,0.0064300145,0.8406326,0.04732968,0.014208083,0.0053962013,0.0065645496,0.031200066
ZJ020095,0.2453225,0.32511157,0.29595798,0.026342107,0.030550946,0.023661066,0.014346915,0.03870692
ZJ020096,0.02534045,0.8771674,0.014292474,0.0116406,0.017906602,0.022803372,0.015420317,0.015428766
ZJ020097,0.050068367,0.7541918,0.0909718,0.019871011,0.018937156,0.01856654,0.02647965,0.020913737
ZJ020098,0.026891205,0.02283111,0.033341717,0.014818131,0.02207393,0.8330273,0.026398078,0.020618558
ZJ020099,0.6820834,0.015528408,0.01969634,0.21725824,0.013294495,0.016932085,0.019068813,0.016138213
ZJ020100,0.42413875,0.03107833,0.015845528,0.025121003,0.02910136,0.06524922,0.023934588,0.38553122
ZJ020101,0.024451999,0.007792686,0.010885787,0.01174615,0.016225467,0.06823824,0.8531138,0.0075459178
ZJ020102,0.046162076,0.020900354,0.04843466,0.018326115,0.032804307,0.79368705,0.019483598,0.02020186
ZJ020103,0.034824427,0.8550825,0.021405777,0.015074755,0.020284062,0.021315707,0.013212264,0.018800514
ZJ020104,0.10272308,0.7738467,0.01930697,0.01609185,0.022654586,0.028459573,0.015867475,0.021049786
ZJ020105,0.5238063,0.052019443,0.20108023,0.024915999,0.10370944,0.0349838,0.038078014,0.021406872
ZJ020106,0.034563374,0.82543325,0.038526412,0.017797131,0.022993581,0.026895627,0.012397777,0.021392848
ZJ020107,0.24354437,0.26309332,0.30294228,0.05493415,0.03747428,0.038961973,0.02403659,0.035013065
ZJ020108,0.17696081,0.3902062,0.058366176,0.01931953,0.03023105,0.029746352,0.2746244,0.020545509
ZJ020109,0.15867393,0.007004738,0.7838088,0.009522036,0.0118451165,0.009383875,0.011306449,0.008455076
ZJ020110,0.10159149,0.019126818,0.7815799,0.010098576,0.013434055,0.022929857,0.029771639,0.021467727
ZJ020111,0.17666548,0.0094852215,0.7356607,0.01251732,0.018582357,0.015679095,0.015105155,0.016304754
ZJ020112,0.43323603,0.021473004,0.41685343,0.0062829885,0.029675705,0.06450545,0.010869507,0.017103879
ZJ020113,0.17673516,0.04573596,0.16880673,0.027471337,0.036844198,0.020495132,0.49762526,0.026286185
ZJ020114,0.019150652,0.013323002,0.027058333,0.020583747,0.8260034,0.015397663,0.013723472,0.06475975
ZJ020115,0.025880499,0.023664048,0.061602086,0.011928777,0.024387242,0.82367605,0.013513488,0.015347897
ZJ020116,0.18512505,0.017836768,0.13311239,0.06242292,0.46080133,0.046584792,0.024978379,0.06913839
ZJ020117,0.080120124,0.015800446,0.72577864,0.07022994,0.025270557,0.025204284,0.024317218,0.03327877
ZJ020118,0.050470423,0.0062853084,0.8664381,0.012493073,0.010203365,0.014279856,0.024412042,0.015417925
ZJ020119,0.039271135,0.6142831,0.05917993,0.0143755255,0.015159446,0.17520492,0.054194212,0.028331717
ZJ020120,0.037598044,0.01438564,0.027376628,0.017768504,0.016580887,0.018285582,0.013899093,0.8541056
ZJ020121,0.32295153,0.019864557,0.34291553,0.02138403,0.019169588,0.04998017,0.19629017,0.027444446
ZJ020122,0.041435715,0.016474051,0.04384929,0.031919867,0.024817128,0.024065038,0.79324836,0.024190508
ZJ020123,0.08133521,0.059843954,0.086643726,0.018921478,0.03617681,0.04234343,0.60873425,0.06600117
ZJ020124,0.048829418,0.018885683,0.03229727,0.00943302,0.02753748,0.8205706,0.02886275,0.013583812
ZJ020125,0.04488555,0.012179776,0.842411,0.024539959,0.01428543,0.01366719,0.016380223,0.03165098
ZJ020126,0.33000976,0.019170998,0.23117791,0.24523835,0.020723907,0.020520212,0.027276307,0.10588258
ZJ020127,0.03535744,0.024183182,0.029494766,0.014709582,0.02042923,0.8389122,0.019620314,0.017293278
ZJ020128,0.8781541,0.016961947,0.015080707,0.013827048,0.018052805,0.024648702,0.017023642,0.016251106
ZJ020129,0.01704946,0.01731289,0.022025762,0.014480497,0.027941406,0.23632193,0.64502156,0.019846518
ZJ020130,0.14854322,0.019973967,0.6675424,0.01184491,0.01936273,0.019294783,0.047367703,0.06607033
ZJ020131,0.034882408,0.021373129,0.12049576,0.04798324,0.03826816,0.018347401,0.6853399,0.033309948
ZJ020132,0.5871605,0.0068753,0.33211803,0.015309297,0.0176062,0.0171621,0.011762942,0.012005652
ZJ020133,0.050884183,0.024174899,0.09221864,0.039715912,0.033939086,0.02404072,0.70146763,0.03355893
ZJ020134,0.028239554,0.030291801,0.1454072,0.03304143,0.025580857,0.68358016,0.021601206,0.03225785
ZJ020135,0.026552528,0.018441865,0.04092963,0.036899388,0.02264426,0.017392829,0.8068722,0.030267281
ZJ020136,0.087581575,0.025368292,0.017555116,0.009707839,0.024037244,0.025787568,0.1375485,0.6724139
ZJ020137,0.03531729,0.031396646,0.014705347,0.6659705,0.029336518,0.1986864,0.0125363385,0.012050948
ZJ020138,0.064022526,0.82722074,0.019809183,0.01586097,0.017978135,0.024974678,0.010601093,0.019532701
ZJ020139,0.2641395,0.19824725,0.2048049,0.029664574,0.22554384,0.029109884,0.020439161,0.028050935
ZJ020140,0.026836155,0.026432548,0.036095817,0.0213112,0.020133147,0.018012531,0.8364733,0.014705362
ZJ020141,0.02099346,0.02181489,0.019352006,0.013174029,0.017960463,0.8731718,0.016237149,0.01729631
ZJ020142,0.25641796,0.014239541,0.46638766,0.009636226,0.021060025,0.03634867,0.15185915,0.044050828
ZJ020143,0.07441502,0.007899552,0.8093881,0.017171195,0.010794065,0.025492132,0.0225914,0.032248586
ZJ020144,0.05685357,0.069172174,0.21330686,0.07868248,0.02158753,0.034524515,0.44488716,0.0809857
ZJ020145,0.24091737,0.0050375364,0.59631413,0.01679287,0.0516527,0.033057407,0.046372022,0.009855993
ZJ020146,0.14446376,0.022042198,0.107012965,0.095798425,0.4727603,0.06565281,0.027003175,0.06526639
ZJ020147,0.09579673,0.01694568,0.7487088,0.033857975,0.018250776,0.008873339,0.010593829,0.066972904
ZJ020148,0.016171107,0.018299896,0.015749391,0.016745165,0.08051981,0.8213936,0.014877331,0.016243707
ZJ020149,0.03217174,0.022275148,0.02559571,0.01462423,0.022723658,0.84842855,0.017532043,0.016648883
ZJ020150,0.34805036,0.077934474,0.36589512,0.01906409,0.06435623,0.06687581,0.041718908,0.01610496
ZJ020151,0.1456959,0.009610272,0.77184135,0.009347442,0.014465573,0.017726082,0.008121944,0.023191525
ZJ020152,0.042670924,0.87528056,0.012330375,0.010814552,0.01669514,0.016482944,0.017644271,0.008081156
ZJ020153,0.20431402,0.018289404,0.30745324,0.38037884,0.017042061,0.028947363,0.014925966,0.028649105
ZJ020154,0.020349285,0.010255642,0.011089652,0.019855384,0.01614771,0.02088962,0.8845712,0.016841503
ZJ020155,0.034324244,0.0111183,0.68003595,0.14438918,0.019382967,0.029609574,0.016117238,0.06502261
ZJ020156,0.22532986,0.013019184,0.6822445,0.01880703,0.010897999,0.011981616,0.011912166,0.025807634
ZJ020157,0.070333265,0.04494023,0.053202786,0.012982194,0.016866477,0.025237916,0.025683625,0.7507535
ZJ020158,0.10257504,0.016012924,0.046351504,0.03520934,0.02633505,0.03641447,0.71031314,0.026788557
ZJ020159,0.056611598,0.0074244305,0.841664,0.0138877025,0.010343146,0.016235568,0.035174035,0.018659508
ZJ020160,0.051194966,0.80646557,0.032957155,0.025653083,0.018390864,0.024138568,0.019460248,0.021739587
ZJ020161,0.046761386,0.8425847,0.028471991,0.015565256,0.021684777,0.02038941,0.0077263983,0.016816122
ZJ020162,0.02343264,0.8461279,0.015340923,0.019686405,0.03594215,0.023848781,0.017423458,0.018197857
ZJ020163,0.054643072,0.0314118,0.86294806,0.0055602617,0.005521652,0.010225885,0.020063927,0.009625361
ZJ020164,0.10224934,0.018364234,0.76007026,0.016640639,0.014913219,0.018009653,0.02343049,0.046322234
ZJ020165,0.092787854,0.009843911,0.7706824,0.024511833,0.010997278,0.011940028,0.009783823,0.06945287
ZJ020166,0.248399,0.029618371,0.43932748,0.013979502,0.04606175,0.02965917,0.16304038,0.02991437
ZJ020167,0.8783482,0.018456897,0.019248039,0.0148293795,0.014152141,0.01895569,0.016435627,0.01957397
ZJ020168,0.3899919,0.03743264,0.1722518,0.009612393,0.068569675,0.22869404,0.009062394,0.08438516
ZJ020169,0.022883488,0.85579634,0.021633375,0.017202843,0.022880744,0.023402007,0.014343304,0.021857888
ZJ020170,0.025334088,0.023206944,0.053391762,0.025390059,0.019080251,0.02086954,0.8196458,0.013081565
ZJ020171,0.03945022,0.06927337,0.7114603,0.008623238,0.0078052506,0.11062091,0.045469712,0.0072970497
ZJ020172,0.0840156,0.014808266,0.6562586,0.062362093,0.01849466,0.008648874,0.024506902,0.13090505
ZJ020173,0.22338729,0.02323586,0.17476718,0.023339901,0.015754864,0.021287428,0.5050232,0.013204363
ZJ020174,0.7066251,0.02643229,0.092345856,0.05072564,0.026121423,0.05614757,0.016900862,0.024701241
ZJ020175,0.88076544,0.018042987,0.020531848,0.014761922,0.015128496,0.018561294,0.016897038,0.01531096
ZJ020176,0.023074426,0.008481268,0.90188456,0.010231126,0.012196302,0.01795359,0.015496582,0.010682117
ZJ020177,0.1561068,0.67924875,0.013958424,0.015874935,0.027853211,0.017635243,0.06941958,0.019903107
ZJ020178,0.031974766,0.021949615,0.018876435,0.8303415,0.034708273,0.03064148,0.019665614,0.011842274
ZJ020179,0.7001814,0.018670348,0.05253938,0.01420477,0.012477482,0.040349416,0.009793133,0.15178405
ZJ020180,0.120686166,0.012663503,0.47622386,0.27565405,0.025568524,0.020010825,0.024489481,0.04470359
ZJ020181,0.054552473,0.8346922,0.027292017,0.015189852,0.023286818,0.022210894,0.0065371515,0.01623861
ZJ020182,0.25864944,0.036595937,0.61600655,0.011765857,0.020923454,0.025212873,0.010172702,0.020673107
ZJ020183,0.044574272,0.008152569,0.88189787,0.012136707,0.009987611,0.009787263,0.017994741,0.015469015
ZJ020184,0.055000056,0.017132325,0.053443797,0.035410423,0.027180923,0.026376117,0.7592749,0.026181508
ZJ020185,0.13599049,0.009384706,0.71384144,0.034105197,0.016829146,0.009764077,0.011455922,0.06862905
ZJ020186,0.013731608,0.01668695,0.013848058,0.01950414,0.017791769,0.014183009,0.88648367,0.017770737
ZJ020187,0.7615536,0.02687931,0.061185535,0.052892048,0.028612256,0.03177519,0.012311741,0.024790324
ZJ020188,0.034180686,0.008048776,0.80757475,0.0675013,0.017163606,0.006276026,0.008005977,0.05124889
ZJ020189,0.80791664,0.016725587,0.033693086,0.012832458,0.01283783,0.04642124,0.00939544,0.060177755
ZJ020190,0.09360283,0.007205871,0.8071411,0.011244289,0.014529585,0.017701827,0.008396471,0.040178042
ZJ020191,0.06197786,0.00672451,0.8452013,0.014267936,0.010858386,0.014638926,0.031038081,0.015292984
ZJ020192,0.4853224,0.0148250405,0.33099362,0.011003549,0.013449575,0.026075467,0.09941528,0.018915093
ZJ020193,0.026298005,0.02512236,0.018154645,0.010607562,0.021267146,0.862229,0.019127226,0.017194116
ZJ020194,0.024863366,0.020354172,0.016201636,0.013061692,0.020834541,0.865582,0.02771526,0.011387399
ZJ020195,0.61962014,0.13578507,0.15425144,0.017914776,0.011318231,0.03385022,0.013026366,0.014233771
ZJ020196,0.022529924,0.8437517,0.01719794,0.017823687,0.035633303,0.028021917,0.01822948,0.016811986
ZJ020197,0.065153636,0.020536793,0.6330848,0.008396776,0.020264352,0.113209106,0.09723345,0.042121153
ZJ020198,0.5883006,0.03955146,0.10894288,0.107037656,0.07372596,0.042777233,0.0147518115,0.024912411
ZJ020199,0.05544256,0.006268558,0.8568346,0.018330589,0.009215611,0.017586969,0.009364854,0.026956266
ZJ020200,0.2714796,0.060256887,0.098065294,0.029592877,0.02826643,0.34288493,0.015997177,0.15345685
ZJ020201,0.017147914,0.018189143,0.021409102,0.021282716,0.018827392,0.013559872,0.87412703,0.015456884
ZJ020202,0.03294344,0.023264091,0.0260412,0.0144341355,0.0188747,0.8470866,0.020586481,0.016769333
ZJ020203,0.015984321,0.021591635,0.030683493,0.028818393,0.017839236,0.020009933,0.8454394,0.0196336
ZJ020204,0.1644061,0.35983363,0.012178871,0.01986822,0.017419225,0.052293725,0.16067895,0.21332136
ZJ020205,0.030891245,0.02207887,0.015049149,0.8372451,0.04515828,0.020419413,0.017131785,0.0120262075
ZJ020206,0.082207546,0.0141098,0.65101326,0.0534827,0.014308606,0.014853793,0.017519638,0.15250468
ZJ020207,0.023199959,0.8770718,0.01624294,0.01705031,0.016830081,0.017912272,0.010843739,0.020848978
ZJ020208,0.012753337,0.017587064,0.015445312,0.019196665,0.019397799,0.012895486,0.88723546,0.01548889
ZJ020209,0.26045206,0.009121309,0.023086369,0.020901373,0.012749614,0.023934586,0.6293259,0.020428756
ZJ020210,0.091205716,0.0143702,0.42880002,0.026611894,0.019946149,0.014758493,0.012161377,0.3921462
ZJ020211,0.045166634,0.0044982093,0.37436292,0.20017724,0.013882344,0.0108094765,0.014111039,0.3369922
ZJ020212,0.091464184,0.013178945,0.16285543,0.20304187,0.013162623,0.020157775,0.010018913,0.4861203
ZJ020213,0.63934624,0.03964961,0.08713023,0.11399155,0.03752124,0.032095134,0.0141838705,0.036082126
ZJ020214,0.5050947,0.015281345,0.018831668,0.015308337,0.018379955,0.33398587,0.07764313,0.015475109
ZJ020215,0.058482584,0.0072410884,0.8429845,0.01385042,0.010222419,0.016338883,0.032638364,0.018241791
ZJ020216,0.16842686,0.24659781,0.17335008,0.02332028,0.03942128,0.06898284,0.055338204,0.22456269
ZJ020217,0.021787485,0.015878407,0.01711805,0.029237082,0.020165069,0.01562923,0.85803837,0.022146363
ZJ020218,0.032415748,0.021160226,0.032980334,0.016255552,0.027239153,0.8343094,0.018632714,0.017006835
ZJ020219,0.023365332,0.8845045,0.013243767,0.0108936895,0.017105957,0.022130257,0.014291972,0.014464507
ZJ020220,0.24598089,0.021646226,0.021735115,0.46683574,0.019782122,0.19118427,0.019366244,0.013469413
ZJ020221,0.020704303,0.008569833,0.9070763,0.010097536,0.012278303,0.01699514,0.013702526,0.010576065
ZJ020222,0.2289096,0.28116822,0.30687642,0.028435752,0.021721542,0.03227104,0.049756955,0.0508605
ZJ020223,0.011575172,0.01232667,0.030996403,0.01727898,0.025026364,0.035365604,0.8458002,0.021630619
ZJ020224,0.030931547,0.008603564,0.7718381,0.07657566,0.018826408,0.009502805,0.009894165,0.07382774
ZJ020225,0.18332273,0.037986673,0.20640543,0.0239265,0.1484225,0.36783364,0.019453842,0.012648718
ZJ020226,0.020678774,0.008504706,0.90017587,0.010557514,0.013339566,0.017064344,0.018598853,0.01108038
ZJ020227,0.18465002,0.041454114,0.035198968,0.03309507,0.04355753,0.06628765,0.042838987,0.5529177
ZJ020228,0.07588231,0.017624488,0.48817182,0.034018893,0.0254646,0.03928572,0.011810078,0.30774212
ZJ020229,0.028429678,0.016871154,0.01580571,0.014190949,0.87368166,0.01741516,0.021112658,0.01249307
ZJ020230,0.106824815,0.5409762,0.06551164,0.017295517,0.028812457,0.029209858,0.1878544,0.023515096
ZJ020231,0.15482944,0.5778727,0.04032266,0.016838213,0.021578118,0.029430032,0.12492072,0.034208152
ZJ020232,0.033687472,0.015643178,0.4508094,0.05940936,0.017429104,0.01821456,0.021659423,0.38314754
ZJ020233,0.31855765,0.021883635,0.54384696,0.024693921,0.022648519,0.028317735,0.016608477,0.02344313
ZJ020234,0.85764486,0.014587413,0.03038601,0.015585463,0.018566683,0.032634795,0.013849589,0.016745243
ZJ020235,0.4159226,0.26425904,0.12167018,0.0148663195,0.03764885,0.07459032,0.03745336,0.03358939
ZJ020236,0.18757217,0.054975808,0.39878926,0.031369787,0.035723507,0.026769718,0.23216489,0.032634884
ZJ020237,0.016448045,0.010204891,0.014554545,0.9143588,0.013100589,0.010659416,0.013158346,0.007515417
ZJ020238,0.21322918,0.012475033,0.69126666,0.0077654347,0.023276648,0.010991062,0.031775612,0.009220416
ZJ020239,0.08037437,0.76427406,0.014630996,0.01348667,0.017270533,0.026713068,0.06097139,0.022278924
ZJ020240,0.084937714,0.07457377,0.40594783,0.032315828,0.033513058,0.030044446,0.30900738,0.029659975
ZJ020241,0.03155856,0.026872113,0.036952853,0.015231184,0.032973956,0.033010926,0.79381704,0.029583354
ZJ020242,0.028324215,0.84864455,0.02231623,0.019768165,0.02200999,0.024655253,0.01443433,0.019847257
ZJ020243,0.1129709,0.011197205,0.76280653,0.03913362,0.013586961,0.01532345,0.012861936,0.032119434
ZJ020244,0.09950643,0.008801945,0.84580606,0.009713752,0.006787147,0.00823294,0.007817063,0.013334702
ZJ020245,0.016151808,0.011475043,0.023431882,0.011951586,0.8967854,0.012502342,0.011178921,0.016523123
ZJ020246,0.0159187,0.018194346,0.015842857,0.01519478,0.023727862,0.8817294,0.014037974,0.015354121
ZJ020247,0.03628027,0.85857433,0.009682127,0.013713411,0.016068583,0.026702056,0.025908072,0.013071226
ZJ020248,0.8642937,0.017670006,0.017911205,0.019890115,0.01759364,0.026856823,0.015502095,0.020282423
ZJ020249,0.84068996,0.018032277,0.050135728,0.01599229,0.017077092,0.027791524,0.012406403,0.01787473
ZJ020250,0.13969527,0.025007699,0.19832906,0.015453658,0.03704962,0.0241394,0.0139628565,0.5463625
ZJ020251,0.029034397,0.022644345,0.023170723,0.013638307,0.020818686,0.85398674,0.019183466,0.017523294
ZJ020252,0.27997914,0.030325344,0.40384418,0.014791826,0.037422683,0.033544883,0.1654112,0.034680795
ZJ020253,0.19011562,0.38617384,0.26080573,0.023598453,0.043438,0.03776451,0.017724957,0.04037891
ZJ020254,0.02266275,0.8663832,0.018237716,0.016644532,0.026162839,0.018966617,0.014004399,0.01693805
ZJ020255,0.070385545,0.008780958,0.51216847,0.027846767,0.010606638,0.24628845,0.008139747,0.115783446
ZJ020256,0.7835695,0.028332239,0.046973117,0.046970405,0.018939411,0.019717878,0.014362882,0.041134566
ZJ020257,0.54481405,0.061130155,0.15554622,0.0091415215,0.015733918,0.03447081,0.1660812,0.013082132
ZJ020258,0.0898642,0.012442774,0.034589488,0.027096603,0.032253843,0.032144826,0.04446737,0.72714084
ZJ020259,0.7223134,0.0122622475,0.080848694,0.012982882,0.12011806,0.018550744,0.014863617,0.018060321
ZJ020260,0.037661456,0.024567312,0.035284787,0.015851766,0.02029085,0.831123,0.016633319,0.018587518
ZJ020261,0.86568224,0.014489836,0.021013841,0.018028995,0.014670151,0.016599283,0.016882086,0.0326336
ZJ020262,0.6077307,0.03560207,0.21276672,0.030297935,0.027703548,0.037010718,0.025075609,0.023812657
ZJ020263,0.0649829,0.010414987,0.8566039,0.005415998,0.012277092,0.025670424,0.011159196,0.013475453
ZJ020264,0.086367175,0.7051036,0.07687506,0.026295621,0.03466556,0.030057406,0.01482737,0.02580823
ZJ020265,0.38724634,0.43034267,0.050058078,0.013078816,0.02340251,0.03211539,0.03812371,0.02563257
ZJ020266,0.023403388,0.873346,0.01901102,0.013923529,0.01910585,0.01727174,0.014507084,0.01943141
ZJ020267,0.53429043,0.013554799,0.27025416,0.03930045,0.00952671,0.017670033,0.024385912,0.09101751
ZJ020268,0.046952285,0.78589016,0.010861934,0.012317617,0.016259737,0.03308358,0.07815983,0.016474906
ZJ020269,0.40590507,0.021888297,0.024903446,0.3874222,0.013849701,0.11091395,0.021361742,0.013755577
ZJ020270,0.7194905,0.01621669,0.14143042,0.022587294,0.027954182,0.025856296,0.026914416,0.019550195
ZJ020271,0.017646039,0.029592697,0.016788973,0.011644423,0.023016797,0.8651109,0.017961606,0.018238554
ZJ020272,0.01597884,0.018059215,0.021778813,0.020973474,0.018606955,0.012470047,0.8763542,0.015778473
ZJ020273,0.41984287,0.034532245,0.25074574,0.018627731,0.021381706,0.13259165,0.103509955,0.01876813
ZJ020274,0.8622686,0.018431708,0.033079375,0.015954474,0.012436002,0.020181447,0.015047294,0.022601113
ZJ020275,0.030059148,0.011113447,0.061835375,0.8243542,0.016865464,0.020303568,0.01243405,0.02303479
ZJ020276,0.024282692,0.024031108,0.03401291,0.01405106,0.02105609,0.83829755,0.025837028,0.018431554
ZJ020277,0.21134381,0.06217295,0.6217104,0.015794601,0.01915108,0.01747371,0.009322677,0.043030787
ZJ020278,0.07144791,0.7818789,0.0406964,0.015907116,0.03139751,0.024283236,0.0135664465,0.020822493
ZJ020279,0.04886324,0.015953073,0.062955536,0.018584935,0.021773312,0.013524423,0.80101603,0.01732941
ZJ020280,0.25809094,0.021408958,0.58759993,0.011429563,0.016639933,0.013326799,0.062494334,0.029009575
ZJ020281,0.12605068,0.019475115,0.7523236,0.009534872,0.022664148,0.02532022,0.0064708493,0.038160533
ZJ020282,0.04037486,0.011620653,0.72928596,0.032698285,0.014799832,0.03230902,0.015317182,0.12359422
ZJ020283,0.023937244,0.04416875,0.0947356,0.023448363,0.4322972,0.34162757,0.017915083,0.021870201
ZJ020284,0.17799762,0.024462705,0.5962092,0.010885977,0.019883407,0.014462088,0.13974132,0.016357707
ZJ020285,0.75091755,0.0353421,0.07124173,0.04480964,0.023704171,0.0286772,0.014569319,0.030738283
ZJ020286,0.016360048,0.01633763,0.012676504,0.018285682,0.018999275,0.016569544,0.8869223,0.0138489725
ZJ020287,0.053901173,0.82365364,0.0383221,0.015602224,0.02343431,0.022743419,0.0067574205,0.015585824
ZJ020288,0.8738724,0.018835334,0.011731363,0.018242583,0.016553855,0.02551943,0.016697686,0.018547326
ZJ020289,0.032475613,0.009536489,0.023970623,0.016086364,0.015266441,0.009091072,0.8784179,0.015155521
ZJ020290,0.86737174,0.016234655,0.024928605,0.021373898,0.016341602,0.02048166,0.014869496,0.018398393
ZJ020291,0.12839116,0.029668748,0.1383795,0.039886653,0.021557182,0.2381321,0.3627799,0.041204717
ZJ020292,0.864844,0.018928442,0.015755294,0.017079502,0.01600353,0.03740512,0.012173581,0.017810563
ZJ020293,0.0960916,0.011999584,0.79955536,0.0146524,0.023545805,0.013902232,0.009783332,0.030469721
ZJ020294,0.88302654,0.014094837,0.009892996,0.024081768,0.011616795,0.024121985,0.0154454755,0.01771958
ZJ020295,0.02400792,0.89458334,0.010098412,0.009804808,0.016032694,0.01820465,0.013893621,0.013374545
ZJ020296,0.06760256,0.018235043,0.0789493,0.031222535,0.032546423,0.011438916,0.022890452,0.7371148
ZJ020297,0.023044562,0.12990949,0.024096446,0.02854237,0.024943544,0.04681336,0.024556844,0.6980934
ZJ020298,0.24807833,0.30397967,0.22831188,0.016459307,0.026172671,0.03235643,0.07719014,0.067451596
ZJ020299,0.7831103,0.018826839,0.037940264,0.012622694,0.014163424,0.043244384,0.009495849,0.080596305
ZJ020300,0.05357927,0.01600215,0.053121638,0.034942795,0.026538203,0.025482474,0.76295054,0.027383024
ZJ020301,0.021162251,0.007136684,0.8710212,0.031388927,0.013791014,0.0057632956,0.006513357,0.043223355
ZJ020302,0.04590277,0.021229818,0.08995699,0.05523596,0.030970654,0.03418725,0.68866843,0.033848103
ZJ020303,0.026817335,0.009855252,0.8285395,0.008464942,0.008963783,0.057245262,0.053059813,0.0070541264
ZJ020304,0.8088955,0.018202456,0.040709812,0.014008346,0.012685795,0.044581417,0.008533456,0.052383214
ZJ020305,0.025550468,0.859989,0.016399033,0.016991397,0.023082342,0.023819694,0.019072566,0.015095522
ZJ020306,0.11625584,0.010962856,0.77252764,0.018040461,0.004616082,0.012442215,0.043175243,0.02197969
ZJ020307,0.1991608,0.010393878,0.62478733,0.009256213,0.023654861,0.019366588,0.09729033,0.016089994
ZJ020308,0.4634676,0.0071091275,0.4269714,0.012669009,0.01816462,0.02886779,0.028059198,0.014691317
ZJ020309,0.15954053,0.4267598,0.22389805,0.036479894,0.036711197,0.03965863,0.019820249,0.057131656
ZJ020310,0.42336556,0.028393352,0.4241608,0.011525556,0.023590991,0.023505863,0.047964517,0.017493373
ZJ020311,0.025237108,0.031254377,0.031605843,0.01405134,0.021084646,0.83434975,0.02129641,0.021120595
ZJ020312,0.03225174,0.061862677,0.5324036,0.082260534,0.022467647,0.14376083,0.037676528,0.08731648
ZJ020313,0.019563956,0.028284797,0.017107645,0.010577544,0.023019027,0.8668993,0.01744535,0.017102404
ZJ020314,0.04333953,0.021095727,0.86762375,0.00928707,0.0078109875,0.012130263,0.025550151,0.013162595
ZJ020315,0.01574091,0.017170489,0.01555851,0.01532993,0.033509295,0.8737237,0.013610533,0.015356633
ZJ020316,0.067714475,0.007871779,0.79453576,0.008293307,0.022282781,0.031056602,0.047066208,0.021179164
ZJ020317,0.8303961,0.013603692,0.05229081,0.018770514,0.016712395,0.022161951,0.012245768,0.03381877
ZJ020318,0.38864017,0.018102452,0.32368663,0.017883519,0.016350884,0.17991333,0.036422636,0.019000405
ZJ020319,0.09904244,0.6533118,0.024565594,0.013202587,0.016942022,0.029725289,0.14828138,0.014928875
ZJ020320,0.16006492,0.07738918,0.12722038,0.012336301,0.021888504,0.022999754,0.1254022,0.4526988
ZJ020321,0.019637724,0.008228823,0.9057846,0.010285991,0.011889693,0.018110586,0.015135198,0.010927424
ZJ020322,0.13113964,0.01198923,0.5918873,0.018680857,0.016962273,0.04933956,0.13864379,0.04135748
ZJ020323,0.84446967,0.014458882,0.046645142,0.012399038,0.018908724,0.032477476,0.0075854547,0.023055708
ZJ020324,0.28792688,0.5696112,0.018916702,0.016739596,0.021449393,0.01977424,0.046391953,0.019190079
ZJ020325,0.019387646,0.017881079,0.018373607,0.013275263,0.016998984,0.8808225,0.012979114,0.020281775
ZJ020326,0.8699264,0.020928657,0.015547416,0.009461924,0.012322557,0.04849022,0.011253447,0.012069446
ZJ020327,0.87705725,0.020627966,0.015615666,0.013282296,0.018519137,0.02121821,0.016932337,0.016747091
ZJ020328,0.18873836,0.6428823,0.036906518,0.017677804,0.018877199,0.019460535,0.05379754,0.021659797
ZJ020329,0.025092244,0.022415522,0.03751986,0.013723353,0.019317113,0.83445215,0.02897353,0.018506259
ZJ020330,0.04270416,0.011244051,0.042950775,0.052656185,0.017340219,0.01703578,0.012544659,0.80352414
ZJ020331,0.04764641,0.006574552,0.5328079,0.037005465,0.008234492,0.014092979,0.009496221,0.34414205
ZJ020332,0.84986633,0.016895449,0.03477238,0.020666052,0.012796414,0.030503506,0.013740516,0.020759359
ZJ020333,0.040805236,0.040338494,0.13251124,0.0251917,0.035526283,0.6707863,0.02357268,0.031268116
ZJ020334,0.08507444,0.749114,0.015148875,0.0138802035,0.018286055,0.027019948,0.070841104,0.02063541
ZJ020335,0.06290007,0.013852692,0.039236527,0.016195444,0.015561938,0.014424309,0.8122055,0.02562346
ZJ020336,0.023665339,0.017242072,0.6864787,0.013670978,0.01536003,0.10402689,0.0060536563,0.13350242
ZJ020337,0.11741467,0.016869495,0.65429777,0.010469483,0.022227246,0.034881625,0.089101404,0.054738294
ZJ020338,0.020994866,0.017670777,0.015707325,0.011736267,0.8853733,0.016801363,0.01937165,0.012344445
ZJ020339,0.024597934,0.016046047,0.16421509,0.021916673,0.0292591,0.03017146,0.02217958,0.69161415
ZJ020340,0.042155106,0.0122585315,0.014508388,0.014540291,0.019587902,0.020056214,0.86437255,0.0125210425
ZJ020341,0.08187293,0.7720963,0.015698807,0.022151994,0.02079933,0.020661106,0.029695679,0.0370239
ZJ020342,0.18324299,0.13464548,0.071230285,0.028089548,0.108860575,0.0369104,0.4103342,0.026686495
ZJ020343,0.86274767,0.015648654,0.020150121,0.01926609,0.017797481,0.022208575,0.01892959,0.023251792
ZJ020344,0.8718975,0.01689912,0.023628736,0.014538959,0.017919792,0.01968933,0.019940514,0.015486051
ZJ020345,0.03564764,0.8505654,0.027459646,0.01617982,0.018618956,0.022397323,0.011564674,0.017566632
ZJ020346,0.038902633,0.84792805,0.015914382,0.015036083,0.017494163,0.018193847,0.020490974,0.026039908
ZJ020347,0.013036731,0.017625572,0.015857521,0.020054502,0.019669563,0.022293745,0.87625283,0.015209493
ZJ020348,0.027030248,0.009762627,0.02036349,0.008827868,0.009298365,0.019061564,0.013807169,0.8918487
ZJ020349,0.033748955,0.009626699,0.022932386,0.015900983,0.022248639,0.021527529,0.86099595,0.013018857
ZJ020350,0.04348585,0.021059368,0.19456635,0.057757556,0.02765595,0.045365915,0.029451957,0.58065706
ZJ020351,0.11928332,0.017799195,0.4989093,0.013006098,0.023347726,0.024327714,0.17589247,0.12743425
ZJ020352,0.029986043,0.022245778,0.03761485,0.013446176,0.1500437,0.7151449,0.020562435,0.01095612
ZJ020353,0.7785669,0.019509265,0.046346456,0.017390348,0.012563494,0.048797596,0.010084229,0.066741705
ZJ020354,0.1515703,0.01562674,0.6407718,0.010323808,0.013554526,0.015208239,0.1283273,0.024617348
ZJ020355,0.02581499,0.880098,0.013169736,0.010356351,0.017931364,0.021907227,0.015847096,0.01487532
ZJ020356,0.19943403,0.015208018,0.10043136,0.21105085,0.01877095,0.02391284,0.020980882,0.4102111
ZJ020357,0.11046709,0.0138327135,0.20392473,0.030262167,0.026281614,0.016907124,0.58002466,0.01829992
ZJ020358,0.030469606,0.008258155,0.8486151,0.03041496,0.02146111,0.009577881,0.011060766,0.040142547
ZJ020359,0.17272513,0.016710747,0.71277225,0.008448943,0.014371338,0.026113635,0.021073626,0.02778436
ZJ020360,0.016219584,0.018985655,0.025497822,0.016694678,0.02554053,0.86849374,0.012753827,0.01581417
ZJ020361,0.06385302,0.73323184,0.10446489,0.020981947,0.02347215,0.017193273,0.013529049,0.02327388
ZJ020362,0.2742541,0.021464163,0.0704878,0.19433394,0.018158372,0.022290722,0.01749643,0.38151455
ZJ020363,0.028191498,0.016489075,0.0126717035,0.007895503,0.018475426,0.023588054,0.034908935,0.8577798
ZJ020364,0.26437995,0.023198063,0.42131424,0.104961716,0.085419774,0.012840337,0.013440967,0.074444994
ZJ020365,0.017229665,0.022714159,0.017375091,0.0112341335,0.023062004,0.87524414,0.016620161,0.016520677
ZJ020366,0.17794068,0.0127689615,0.5470044,0.024056256,0.1815352,0.021453144,0.015727175,0.0195142
ZJ020367,0.04215895,0.007928831,0.82542735,0.014702916,0.009740985,0.014257255,0.06690622,0.018877564
ZJ020368,0.1442834,0.70763564,0.017005114,0.015363159,0.021332262,0.026105646,0.047786254,0.020488504
ZJ020369,0.32731184,0.22856914,0.30220535,0.026839143,0.03445762,0.032536633,0.013923741,0.034156542
ZJ020370,0.018289236,0.03334255,0.027979938,0.015657825,0.019130463,0.84714216,0.016379924,0.022077857
ZJ020371,0.0412614,0.028377695,0.23576553,0.060459554,0.015027723,0.045995925,0.024262723,0.5488495
ZJ020372,0.30431682,0.029432723,0.046457704,0.02986124,0.019631328,0.023283115,0.52653074,0.020486329
ZJ020373,0.21859975,0.04701884,0.28621402,0.025688741,0.05008197,0.05726868,0.19915533,0.11597263
ZJ020374,0.12545137,0.014645392,0.21674858,0.015832892,0.5643471,0.024051754,0.01685212,0.022070846
ZJ020375,0.86178774,0.014045337,0.01783033,0.019492125,0.021796724,0.023962101,0.018783012,0.022302685
ZJ020376,0.034794126,0.015300946,0.016933044,0.017232208,0.016579403,0.022595832,0.8607406,0.01582384
ZJ020377,0.02292162,0.016084244,0.17971411,0.029019697,0.025646163,0.03143632,0.020051083,0.6751268
ZJ020378,0.42685792,0.025171114,0.44316956,0.0100517515,0.018018773,0.038199034,0.021804128,0.016727775
ZJ020379,0.07409417,0.024855128,0.13600114,0.034157477,0.02276667,0.0228342,0.6610022,0.024289005
ZJ020380,0.044577442,0.016902225,0.051225144,0.014469433,0.015819237,0.013789177,0.8278452,0.015372144
ZJ020381,0.018967846,0.017064765,0.021900943,0.016959017,0.02512442,0.8698686,0.013167146,0.016947275
ZJ020382,0.07188646,0.036742583,0.030314717,0.4461302,0.32306662,0.053955574,0.012918617,0.024985267
ZJ020383,0.518686,0.028777242,0.041151345,0.018289573,0.31887862,0.034440406,0.014738162,0.025038732
ZJ020384,0.26134413,0.30972266,0.20797192,0.032719295,0.055840015,0.06720621,0.03337925,0.031816494
ZJ020385,0.029791528,0.8627483,0.020899516,0.014930752,0.019807354,0.021293877,0.0136275785,0.0169011
ZJ020386,0.018092379,0.00864626,0.83101463,0.03861315,0.015409025,0.0070891567,0.00827933,0.07285614
ZJ020387,0.018940594,0.014042209,0.018009854,0.012367669,0.017115727,0.013893659,0.89547485,0.010155498
ZJ020388,0.83822614,0.015724186,0.05470365,0.017810537,0.015364262,0.03265403,0.009839612,0.015677592
ZJ020389,0.13660109,0.011501676,0.019213056,0.017906612,0.013676125,0.023765482,0.75771,0.019625952
ZJ020390,0.13142927,0.015994377,0.403798,0.032280814,0.035370726,0.020541472,0.33348042,0.02710498
ZJ020391,0.71284705,0.008827447,0.07074278,0.020511916,0.019184368,0.017453428,0.1285556,0.021877399
ZJ020392,0.01602735,0.00600014,0.1278276,0.009929767,0.7907192,0.0155420555,0.0072729723,0.026680902
ZJ020393,0.05282997,0.7962119,0.046638444,0.020882035,0.01672926,0.025439177,0.0115361605,0.029733032
ZJ020394,0.1030054,0.0071200565,0.74360186,0.010838741,0.015155608,0.018959312,0.008991409,0.09232763
ZJ020395,0.7791807,0.020370942,0.10466681,0.020836301,0.0146409515,0.020291789,0.013838141,0.02617437
ZJ020396,0.016564365,0.02031715,0.034401443,0.02323399,0.016422046,0.015275943,0.8610768,0.012708346
ZJ020397,0.049370147,0.014264516,0.57785237,0.0096821375,0.017169459,0.06432178,0.25200292,0.015336769
ZJ020398,0.50533354,0.016043229,0.026188893,0.022596344,0.01993698,0.04188001,0.34671783,0.021303164
ZJ020399,0.04304361,0.015286061,0.02974999,0.84939665,0.02235281,0.01101334,0.02045929,0.008698307
ZJ020400,0.27768755,0.04085029,0.07531264,0.13291226,0.06450871,0.09694221,0.064418904,0.24736741
ZJ020401,0.6584335,0.018662127,0.15866254,0.021430897,0.025762469,0.03408904,0.058886338,0.024073087
ZJ020402,0.14111862,0.51049906,0.16822295,0.035776168,0.033878945,0.03761532,0.021850979,0.05103801
ZJ020403,0.096734695,0.7501298,0.015356864,0.01335262,0.019935874,0.022671143,0.06311528,0.018703764
ZJ020404,0.5033714,0.017048402,0.36529836,0.011457669,0.03171888,0.018585084,0.025776545,0.026743695
ZJ020405,0.017430572,0.02568551,0.010156329,0.016641412,0.018223751,0.011997099,0.88645107,0.013414266
ZJ020406,0.043091737,0.80549604,0.05912925,0.016250793,0.020395944,0.018642494,0.01740419,0.019589543
ZJ020407,0.058750182,0.012569158,0.10716101,0.014761954,0.02436958,0.026578734,0.73515975,0.020649675
ZJ020408,0.027759803,0.008121252,0.63003606,0.060293984,0.010926333,0.01050363,0.013312826,0.23904614
ZJ020409,0.7065715,0.009972972,0.11280121,0.013787529,0.026404569,0.022898756,0.09621826,0.011345178
ZJ020410,0.031940516,0.016068555,0.021945937,0.027943505,0.026131917,0.020562554,0.8340632,0.02134394
ZJ020411,0.024170121,0.020321488,0.028742043,0.030476673,0.020509347,0.017428806,0.8439971,0.014354435
ZJ020412,0.027970904,0.016634908,0.029263968,0.027670816,0.021757703,0.014730643,0.83717996,0.024791162
ZJ020413,0.0802678,0.0063834535,0.8467801,0.013142492,0.01523722,0.006346155,0.0057347887,0.026107997
ZJ020414,0.017254302,0.016723707,0.018460847,0.017185034,0.04189169,0.03716419,0.8362684,0.015051854
ZJ020415,0.015532427,0.020092888,0.018424878,0.01970421,0.023286093,0.014659255,0.87073404,0.017566135
ZJ020416,0.17572819,0.0183332,0.20547345,0.1788626,0.2008159,0.15336804,0.04129301,0.026125604
ZJ020417,0.01556481,0.02814111,0.054268636,0.017205767,0.037523396,0.80455124,0.023267154,0.019477947
ZJ020418,0.08303957,0.017786821,0.036174875,0.02144931,0.06906943,0.027766544,0.014065611,0.73064786
ZJ020419,0.19910745,0.018883994,0.3069437,0.02092213,0.36204597,0.03973553,0.018956838,0.033404388
ZJ020420,0.13281675,0.0124735255,0.7473578,0.027152032,0.01684707,0.028327972,0.010118228,0.024906676
ZJ020421,0.11315148,0.011006058,0.6161922,0.024619514,0.1834946,0.015319439,0.015276824,0.020939862
ZJ020422,0.039404828,0.011013018,0.83277386,0.015905477,0.011444769,0.022484858,0.03841852,0.028554648
ZJ020423,0.22298186,0.29518968,0.27662072,0.060682714,0.03774609,0.040100176,0.02309844,0.0435803
ZJ020424,0.8638914,0.01599275,0.029801225,0.017979283,0.017259082,0.019906145,0.014374934,0.02079525
ZJ020425,0.06698456,0.03729568,0.74345106,0.010414927,0.019895121,0.01341905,0.08715669,0.021382978
ZJ020426,0.056060906,0.0135239875,0.11320472,0.019164553,0.7350034,0.02478904,0.012957032,0.025296433
ZJ020427,0.036730982,0.021326525,0.19949469,0.020149214,0.013257945,0.037866212,0.64710325,0.024071155
ZJ020428,0.028506119,0.0074944273,0.8060055,0.05738871,0.01620966,0.0072480845,0.0072341235,0.06991334
ZJ020429,0.05870716,0.030172462,0.028867617,0.014462041,0.024987083,0.79679227,0.022651946,0.0233594
ZJ020430,0.01804398,0.023461003,0.047166854,0.018419951,0.014841959,0.024461845,0.82782,0.025784364
ZJ020431,0.04496948,0.04245624,0.16508242,0.024692908,0.03941902,0.6275944,0.024458228,0.031327322
ZJ020432,0.068693124,0.7928676,0.013430314,0.022963783,0.022717718,0.020906601,0.021305082,0.037115794
ZJ020433,0.09390911,0.014179987,0.19334646,0.1573627,0.015681552,0.02084938,0.0106419325,0.49402896
ZJ020434,0.018248098,0.015002786,0.012881589,0.016777426,0.014853649,0.017314866,0.8897452,0.015176532
ZJ020435,0.07710884,0.0118739065,0.120000005,0.022114806,0.014457414,0.03902744,0.7006785,0.014739138
ZJ020436,0.12546915,0.24029635,0.17971422,0.013955268,0.048908066,0.02388155,0.01398309,0.35379237
ZJ020437,0.22753696,0.010512613,0.5092806,0.017492676,0.17381914,0.018135883,0.011282459,0.031939626
ZJ020438,0.30530033,0.01112711,0.61739403,0.0106017105,0.01789524,0.009967295,0.009785979,0.01792834
ZJ020439,0.021704612,0.018130725,0.03062265,0.025302524,0.017775645,0.014597939,0.85543203,0.016433874
ZJ020440,0.78977835,0.027361369,0.021198241,0.03115653,0.025422633,0.036936883,0.015040673,0.053105332
ZJ020441,0.018270867,0.022132544,0.01985423,0.018499998,0.024885863,0.0152330445,0.861638,0.019485498
ZJ020442,0.79607093,0.01726151,0.096786104,0.021228326,0.011208767,0.016651018,0.017254824,0.02353856
ZJ020443,0.2745398,0.33128178,0.22495754,0.038285494,0.043470323,0.02907149,0.033214882,0.025178676
ZJ020444,0.55371517,0.31512824,0.030774802,0.0155402,0.01333347,0.03784087,0.019239148,0.0144281015
ZJ020445,0.08875401,0.015975447,0.54044247,0.058637626,0.019339863,0.017573677,0.025007367,0.23426953
ZJ020446,0.028782437,0.01614724,0.017395701,0.011233634,0.019098148,0.023858309,0.03643208,0.8470524
ZJ020447,0.8655121,0.01666901,0.025156623,0.016174132,0.016296094,0.017042805,0.020533722,0.022615561
ZJ020448,0.054675378,0.015445033,0.78386545,0.03309772,0.016429087,0.013591602,0.018371722,0.06452403
ZJ020449,0.038995188,0.05052621,0.7798249,0.011267097,0.013089093,0.04500953,0.043744877,0.017543111
ZJ020450,0.03195308,0.014681277,0.14386168,0.01340486,0.74402833,0.01843813,0.016991736,0.016640957
ZJ020451,0.028217709,0.01495712,0.020928698,0.01652108,0.025858054,0.028090207,0.84790784,0.0175193
ZJ020452,0.7674591,0.016591473,0.017811164,0.023048082,0.0226935,0.025050154,0.055508047,0.07183856
ZJ020453,0.07321667,0.76884335,0.027187718,0.015728222,0.026702067,0.05020402,0.015827907,0.022290057
ZJ020454,0.8674769,0.017157823,0.014661983,0.014247199,0.03348977,0.024018085,0.015273074,0.01367523
ZJ020455,0.015714461,0.017870864,0.01417848,0.015608034,0.040534742,0.8664908,0.014042187,0.015560396
ZJ020456,0.4095287,0.00968908,0.089405224,0.024473099,0.028761474,0.020886686,0.3900362,0.027219623
ZJ020457,0.07941233,0.7563116,0.038951706,0.011153674,0.020925356,0.060227025,0.014270059,0.018748278
ZJ020458,0.020381732,0.012915663,0.85780996,0.035160225,0.010631136,0.0098399315,0.010580218,0.042681154
ZJ020459,0.10184443,0.024114197,0.23351951,0.02015693,0.028626094,0.53219455,0.036804657,0.022739684
ZJ020460,0.015432119,0.024324337,0.78860354,0.03008998,0.010500455,0.037558388,0.06535409,0.028137073
ZJ020461,0.12802391,0.62084144,0.05150717,0.019194435,0.019440249,0.10991086,0.012745422,0.038336597
ZJ020462,0.8519519,0.01460694,0.016250174,0.018929755,0.012179798,0.016820246,0.013149678,0.056111515
ZJ020463,0.027085131,0.02296025,0.066705935,0.011344131,0.02268238,0.82021135,0.013347979,0.015662948
ZJ020464,0.054555934,0.022804001,0.013887266,0.012224661,0.023600757,0.026768524,0.20614436,0.64001447
ZJ020465,0.01724862,0.015685495,0.8128109,0.00965624,0.08085056,0.013892531,0.036739107,0.013116598
ZJ020466,0.040646043,0.02398722,0.27255046,0.021940453,0.017595546,0.43750826,0.017104914,0.16866708
ZJ020467,0.8823066,0.013938191,0.022903675,0.014187589,0.018092852,0.016203044,0.01587127,0.016496781
ZJ020468,0.8603634,0.012644279,0.031477816,0.017456735,0.019330742,0.025625562,0.011561142,0.021540275
ZJ020469,0.029271636,0.02656818,0.046325948,0.022534816,0.018976888,0.018095056,0.8229685,0.015258956
ZJ020470,0.8054785,0.022768099,0.03687192,0.04960417,0.023859989,0.01766641,0.013909615,0.029841334
ZJ020471,0.07227485,0.7859832,0.033581488,0.017809873,0.018905649,0.03228992,0.015600129,0.02355489
ZJ020472,0.02587232,0.008445166,0.77997535,0.06642208,0.01780547,0.008807982,0.008507586,0.084164135
ZJ020473,0.02350539,0.015860317,0.025354415,0.018475875,0.019520499,0.027497286,0.85619223,0.013593971
ZJ020474,0.8564827,0.020050436,0.03357238,0.018414805,0.01854061,0.02102314,0.013438791,0.018477071
ZJ020475,0.034825843,0.8090569,0.015224374,0.018657109,0.02259858,0.059516426,0.021408498,0.018712372
ZJ020476,0.025756752,0.008156232,0.033114407,0.8872408,0.013341839,0.011050055,0.010473355,0.010866619
ZJ020477,0.029193431,0.012520991,0.06963337,0.05319162,0.046660434,0.019508688,0.015272855,0.7540186
ZJ020478,0.02444089,0.022810236,0.03437755,0.013767525,0.019043146,0.838397,0.028170144,0.018993542
ZJ020479,0.01738078,0.018006084,0.014240503,0.016264362,0.067726575,0.83482856,0.014748362,0.016804809
ZJ020480,0.1263807,0.00938518,0.8070742,0.013406406,0.0073236465,0.01033196,0.010550672,0.015547312
ZJ020481,0.049957376,0.008052247,0.8160535,0.016161004,0.009907542,0.019611519,0.06260252,0.017654331
ZJ020482,0.649472,0.059096064,0.10049372,0.012063689,0.025941638,0.011070761,0.1027089,0.039153256
ZJ020483,0.049164765,0.019202253,0.13356206,0.7152459,0.022719372,0.021380931,0.019595703,0.019129058
ZJ020484,0.020960867,0.020689646,0.028497014,0.039281946,0.01904108,0.8085802,0.01879632,0.04415297
ZJ020485,0.31757385,0.33103284,0.19269258,0.03480568,0.037042025,0.023142366,0.03896825,0.024742424
ZJ020486,0.030414034,0.039447274,0.02394933,0.01735205,0.019190958,0.033188928,0.81492406,0.02153331
ZJ020487,0.47229114,0.056144416,0.15252462,0.13843885,0.0665182,0.05415709,0.018272305,0.041653402
ZJ020488,0.049715176,0.014360121,0.017644009,0.8571556,0.019943923,0.01558356,0.01962761,0.005969943
ZJ020489,0.038277075,0.017156314,0.556882,0.06668239,0.015512645,0.0076900027,0.0136073185,0.2841923
ZJ020490,0.16522214,0.013529211,0.6863061,0.012075451,0.02267435,0.045182772,0.038021393,0.016988575
ZJ020491,0.018294064,0.01993916,0.026129961,0.023694979,0.02260752,0.8505384,0.017726107,0.021069868
ZJ020492,0.03045511,0.82359356,0.038229745,0.011633757,0.018937808,0.040350895,0.015145639,0.021653466
ZJ020493,0.16576879,0.66205055,0.038099,0.01657954,0.021921456,0.018595291,0.04917401,0.027811307
ZJ020494,0.07451701,0.0270232,0.5945475,0.013887522,0.014010841,0.022247836,0.14234418,0.1114219
ZJ020495,0.020610217,0.008315328,0.90205854,0.009973788,0.011612011,0.018278858,0.01895206,0.010199277
ZJ020496,0.029056026,0.015327773,0.021439547,0.02534737,0.017813852,0.017380392,0.015950127,0.8576849
ZJ020497,0.060127426,0.008380059,0.67381287,0.12834494,0.03711446,0.012316743,0.00928387,0.07061966
ZJ020498,0.033467587,0.84938776,0.017303322,0.013806472,0.02534226,0.029708026,0.01419939,0.01678523
ZJ020499,0.014754276,0.020454077,0.014523007,0.021578925,0.024766374,0.013461745,0.8634043,0.027057348
ZJ020500,0.015526122,0.013071488,0.01480671,0.025142778,0.016755847,0.017434275,0.8824355,0.014827293
ZJ020501,0.097593226,0.013247745,0.14501503,0.12854962,0.015007749,0.021197367,0.0115426965,0.5678467
ZJ020502,0.023778578,0.00895816,0.9015778,0.010284719,0.012212842,0.016345635,0.016433036,0.010409269
ZJ020503,0.040295567,0.8381975,0.019261068,0.019021926,0.028956532,0.025872657,0.010283594,0.018111167
ZJ020504,0.75192827,0.018167352,0.03891626,0.0125208525,0.013242602,0.04042601,0.009435559,0.11536312
ZJ020505,0.44415522,0.015345054,0.43382293,0.013190696,0.014219957,0.01443399,0.044357006,0.020475164
ZJ020506,0.024693368,0.023270193,0.018718755,0.014326179,0.028693242,0.8533459,0.018642785,0.01830971
ZJ020507,0.088770136,0.031385686,0.5370267,0.016305156,0.015972983,0.14544776,0.13733213,0.027759481
ZJ020508,0.8403657,0.02039115,0.028740034,0.04259314,0.017199678,0.019270865,0.013604349,0.017835088
ZJ020509,0.44415784,0.3499925,0.10802703,0.019013185,0.0134824505,0.032389764,0.01597873,0.01695848
ZJ020510,0.1366367,0.0067039207,0.6694835,0.06789651,0.009486547,0.012345629,0.015245688,0.08220154
ZJ020511,0.028816758,0.04103991,0.5216967,0.08558628,0.023558034,0.11275156,0.116465084,0.070085704
ZJ020512,0.038753357,0.024546957,0.034608666,0.015777767,0.021280332,0.8274779,0.019015301,0.01853984
ZJ020513,0.049638234,0.81272805,0.043689873,0.01794467,0.016723806,0.02373634,0.011021197,0.024517864
ZJ020514,0.1071674,0.008115559,0.38277027,0.050038278,0.01231613,0.024514094,0.027417053,0.38766128
ZJ020515,0.7454318,0.017738357,0.052774306,0.026673054,0.012843092,0.02525644,0.094153814,0.025129188
ZJ020516,0.4083793,0.012932208,0.084878415,0.026889285,0.016999114,0.02091603,0.3432853,0.085720435
ZJ020517,0.022766558,0.01677695,0.027507035,0.019750763,0.027959665,0.04465001,0.82698125,0.013607762
ZJ020518,0.7477685,0.014565425,0.03470257,0.026549865,0.022001829,0.019823885,0.10057523,0.034012705
ZJ020519,0.05686308,0.8293592,0.018949077,0.016309103,0.024084156,0.023948831,0.010463992,0.020022584
ZJ020520,0.023710715,0.018691147,0.036700364,0.025090149,0.01807114,0.0186173,0.8366043,0.022514895
ZJ020521,0.14623663,0.026766596,0.3673915,0.022302063,0.036065336,0.049219202,0.15214278,0.19987597
ZJ020522,0.12962466,0.018256461,0.06035306,0.025554365,0.09181252,0.025577486,0.02634627,0.6224752
ZJ020523,0.032885965,0.029973699,0.056916334,0.03136183,0.037136663,0.21752091,0.56830496,0.025899727
ZJ020524,0.024034137,0.022497213,0.05172496,0.010549065,0.021736754,0.84149915,0.013823601,0.014135145
ZJ020525,0.10731595,0.008099938,0.7751643,0.007869679,0.01730807,0.018202698,0.013195807,0.052843567
ZJ020526,0.8132761,0.019278716,0.040977925,0.013510401,0.011928207,0.04118169,0.009681702,0.050165273
ZJ020527,0.044172943,0.8220372,0.026355118,0.018960873,0.018741094,0.016426176,0.011585589,0.041720957
ZJ020528,0.024676455,0.025734112,0.037074137,0.016263563,0.024295794,0.8247933,0.022432761,0.024729908
ZJ020529,0.025976187,0.031812254,0.027446702,0.014015672,0.020949744,0.8368495,0.023033654,0.019916298
ZJ020530,0.056179263,0.011907716,0.04281905,0.02334295,0.021812638,0.030398054,0.7961543,0.017386096
ZJ020531,0.026749564,0.008035028,0.9259047,0.006076456,0.005320004,0.012064627,0.010276829,0.0055729505
ZJ020532,0.01975113,0.8991402,0.019128978,0.011822041,0.015345916,0.011976697,0.008432833,0.014402144
ZJ020533,0.025087584,0.009180571,0.7652276,0.067836806,0.017023196,0.009067948,0.009198866,0.09737741
ZJ020534,0.42723545,0.02428698,0.016284717,0.3961273,0.05780548,0.04316679,0.0176916,0.01740174
ZJ020535,0.5561792,0.016906515,0.2527305,0.018398467,0.046093952,0.032402795,0.010310275,0.066978276
ZJ020536,0.19136018,0.010622394,0.45678988,0.13087521,0.12257194,0.016396588,0.008375785,0.06300801
ZJ020537,0.21800756,0.017261652,0.40391666,0.01869539,0.044568963,0.020159336,0.24453509,0.032855317
ZJ020538,0.107658684,0.01442416,0.7576285,0.015173452,0.018764196,0.025325462,0.04686453,0.014161013
ZJ020539,0.05522126,0.06745987,0.14037925,0.019320704,0.016586637,0.63385737,0.048901204,0.01827371
ZJ020540,0.02842174,0.009664042,0.87942517,0.024714598,0.005932744,0.012270885,0.010029471,0.029541407
ZJ020541,0.041556384,0.016819062,0.047760587,0.028203133,0.020921111,0.022452464,0.79907626,0.02321098
ZJ020542,0.025457695,0.0140900975,0.38815156,0.03561724,0.065725595,0.022365242,0.021857357,0.42673522
ZJ020543,0.077976994,0.025464103,0.02274341,0.78297025,0.030212864,0.030481732,0.015301007,0.014849695
ZJ020544,0.016550098,0.13001703,0.5473461,0.11589291,0.01959744,0.032906275,0.10692985,0.030760298
ZJ020545,0.014942023,0.01218756,0.023856511,0.015833545,0.018293742,0.021990705,0.8814783,0.011417634
ZJ020546,0.77920437,0.02766188,0.016192397,0.021062566,0.027333999,0.03266905,0.018161042,0.0777147
ZJ020547,0.86174315,0.015870862,0.018464338,0.018366829,0.015698018,0.029643958,0.019326812,0.02088592
ZJ020548,0.027455702,0.012639083,0.025048485,0.016309535,0.018356526,0.016519792,0.01196876,0.87170213
ZJ020549,0.2326647,0.02423889,0.24540174,0.014606337,0.022524005,0.044388965,0.06842259,0.34775275
ZJ020550,0.051807906,0.007796854,0.843188,0.014298694,0.008922149,0.023135705,0.033105742,0.017744929
ZJ020551,0.05075835,0.83330244,0.010526039,0.011712095,0.045968287,0.019588104,0.008573306,0.019571424
ZJ020552,0.84141654,0.016756734,0.025349563,0.010781447,0.009144011,0.024597786,0.016534138,0.05541977
ZJ020553,0.31256577,0.3004271,0.23746109,0.03496204,0.036316883,0.026846632,0.028476888,0.022943646
ZJ020554,0.08655636,0.76013213,0.015210423,0.013080335,0.018369874,0.022361545,0.06594262,0.01834677
ZJ020555,0.34493843,0.013848679,0.4580377,0.012659532,0.01149028,0.01877058,0.112251304,0.028003532
ZJ020556,0.86751586,0.016605645,0.02282073,0.016517673,0.016434196,0.016930586,0.019804131,0.02337116
ZJ020557,0.022274446,0.019842079,0.02077086,0.0141128395,0.021485716,0.86321115,0.017194085,0.021108886
ZJ020558,0.026037682,0.0070120976,0.79845184,0.030956024,0.013181157,0.007903467,0.0073187426,0.10913902
ZJ020559,0.8052602,0.008203148,0.025597794,0.01793564,0.019889928,0.017803237,0.0783818,0.026928335
ZJ020560,0.122298025,0.010065992,0.7614187,0.021823866,0.027076622,0.01375448,0.019843083,0.023719262
ZJ020561,0.037450947,0.011829953,0.037549388,0.023195751,0.024697458,0.025824701,0.8228489,0.016602863
ZJ020562,0.09403595,0.014805059,0.22271232,0.011892239,0.023823695,0.018056888,0.017507276,0.5971666
ZJ020563,0.86309654,0.011782662,0.04926124,0.0140752485,0.010954954,0.024278073,0.01506622,0.011485093
ZJ020564,0.6228396,0.02938509,0.13106166,0.06465223,0.035048854,0.07040962,0.016204003,0.03039894
ZJ020565,0.029228413,0.018805966,0.14463086,0.019958464,0.025407666,0.03276154,0.022086238,0.70712084
ZJ020566,0.103602886,0.013251068,0.44156596,0.043614406,0.19213377,0.113390855,0.060917526,0.031523578
ZJ020567,0.07065074,0.6189408,0.016619978,0.019067047,0.030946806,0.029442394,0.19747005,0.016862243
ZJ020568,0.171043,0.018373631,0.7315022,0.013668726,0.017828334,0.016778322,0.013714418,0.01709145
ZJ020569,0.093310036,0.020492401,0.033033744,0.016794844,0.02010105,0.025645226,0.029391456,0.76123124
ZJ020570,0.4016339,0.027975509,0.06183342,0.3338482,0.02286747,0.114317894,0.01797934,0.019544313
ZJ020571,0.41139865,0.05003202,0.05936078,0.35141975,0.039143007,0.044383127,0.016876591,0.027386049
ZJ020572,0.39814642,0.013586247,0.15811965,0.24084465,0.015346396,0.10559781,0.023638759,0.044720083
ZJ020573,0.030356944,0.011975567,0.03523011,0.01874513,0.01895889,0.01446441,0.8485466,0.021722397
ZJ020574,0.86042446,0.017200012,0.011851708,0.023404408,0.01600662,0.020630712,0.016380077,0.034101985
ZJ020575,0.16239199,0.020280642,0.3921615,0.01530424,0.022786316,0.014269781,0.3514417,0.021363834
ZJ020576,0.04086813,0.014791424,0.02255979,0.008669873,0.017576361,0.024369841,0.048263326,0.82290125
ZJ020577,0.0141349835,0.017749691,0.010988241,0.017103551,0.015036396,0.01808744,0.89183056,0.0150691215
ZJ020578,0.6440812,0.012785454,0.017077368,0.019399112,0.016469948,0.014093197,0.24584103,0.03025273
ZJ020579,0.1069312,0.031632356,0.24230611,0.010359197,0.014178105,0.022935478,0.10599259,0.46566495
ZJ020580,0.037083488,0.013251436,0.12480855,0.025273046,0.026943851,0.017894408,0.72186726,0.032878004
ZJ020581,0.26874828,0.021303957,0.5797194,0.012647365,0.014274577,0.014459011,0.060447987,0.028399443
ZJ020582,0.2459257,0.016437335,0.45123148,0.027494773,0.09609937,0.023994807,0.116631344,0.02218525
ZJ020583,0.022123879,0.01894874,0.015674165,0.010764246,0.88402903,0.017183973,0.019392747,0.011883243
ZJ020584,0.045195844,0.018113697,0.022331063,0.012105302,0.013538455,0.02579223,0.021005642,0.8419178
ZJ020585,0.04810744,0.004790246,0.79820484,0.016315162,0.015326398,0.012842317,0.09487288,0.009540717
ZJ020586,0.019908283,0.01805588,0.022047231,0.0155435195,0.039568488,0.853336,0.014562209,0.016978396
ZJ020587,0.020898834,0.023511795,0.02461265,0.014456383,0.021680778,0.85924923,0.018098906,0.017491389
ZJ020588,0.08145162,0.024273995,0.15429346,0.022304924,0.02035841,0.65108585,0.019968672,0.026263148
ZJ020589,0.8797302,0.008891521,0.012057617,0.009639362,0.04263653,0.020240614,0.019958852,0.006845283
ZJ020590,0.019084278,0.023049673,0.032176014,0.02150917,0.02252099,0.83620733,0.022944644,0.022507962
ZJ020591,0.17166674,0.31761342,0.3325351,0.018796524,0.02659065,0.042607244,0.027064452,0.06312593
ZJ020592,0.29704076,0.021157539,0.5267005,0.013204018,0.016807968,0.017571436,0.082793415,0.024724353
ZJ020593,0.034270655,0.028219003,0.024709098,0.014446288,0.019671923,0.83982354,0.021409424,0.01745011
ZJ020594,0.035833146,0.005566209,0.89881843,0.0052811373,0.004776075,0.014049524,0.02699172,0.008683792
ZJ020595,0.01928035,0.027756587,0.016626826,0.011123437,0.022456914,0.86657333,0.018694717,0.017487809
ZJ020596,0.14018527,0.7442239,0.02109441,0.020610733,0.021994023,0.024129264,0.011128049,0.016634421
ZJ020597,0.019083733,0.020001968,0.020109072,0.010717978,0.017164549,0.887179,0.0111104045,0.01463334
ZJ020598,0.042450868,0.013084046,0.050843634,0.8286359,0.014754201,0.009409332,0.017036183,0.023785848
ZJ020599,0.05401769,0.029626703,0.07104187,0.020110166,0.034902286,0.021459673,0.7482797,0.020561934
ZJ020600,0.0134574,0.013744354,0.016416641,0.018768415,0.88009405,0.016077217,0.0113366945,0.030105263
ZJ020601,0.0311128,0.040847894,0.13790743,0.5770303,0.011362065,0.035692494,0.02818509,0.13786198
ZJ020602,0.13264254,0.5275577,0.15204798,0.032760832,0.030615006,0.021573743,0.08015316,0.022649102
ZJ020603,0.025963996,0.031311177,0.6020586,0.09200279,0.025050784,0.11918453,0.0365363,0.06789188
ZJ020604,0.020817248,0.018330261,0.027839005,0.017163241,0.021701647,0.8598382,0.014847673,0.01946274
ZJ020605,0.87885153,0.01669036,0.016847407,0.019119078,0.014327067,0.022884533,0.013823,0.01745705
ZJ020606,0.7936973,0.020912021,0.07301029,0.0184751,0.026534755,0.020816365,0.020835329,0.025718791
ZJ020607,0.049829576,0.3395925,0.055197187,0.020053728,0.03401842,0.07164671,0.41436288,0.015298999
ZJ020608,0.12985642,0.0143968435,0.7348773,0.014082516,0.019151283,0.029597932,0.04455407,0.013483687
ZJ020609,0.016466333,0.01733952,0.014031171,0.015274981,0.050110467,0.857419,0.013834551,0.015523925
ZJ020610,0.26118302,0.021424266,0.60231036,0.022026341,0.018989243,0.024933249,0.0226801,0.02645349
ZJ020611,0.019192865,0.018312719,0.018466631,0.015100384,0.019374955,0.8737754,0.012703302,0.02307374
ZJ020612,0.41379496,0.0051264535,0.48781297,0.011175925,0.025242139,0.020143973,0.022822466,0.013881137
ZJ020613,0.14401479,0.0117265945,0.76427966,0.013482037,0.023068361,0.01848705,0.008160668,0.016780833
ZJ020614,0.02707702,0.020802746,0.035179444,0.014023537,0.021701107,0.8332106,0.028378142,0.01962744
ZJ020615,0.8711735,0.016200384,0.038486496,0.011970984,0.012629173,0.01738384,0.015200141,0.016955521
ZJ020616,0.10013663,0.013425291,0.61688393,0.11199216,0.021826474,0.011640789,0.033902016,0.0901928
ZJ020617,0.06409027,0.78810275,0.035515126,0.019522255,0.029775113,0.028227055,0.010257552,0.024509901
ZJ020618,0.022796849,0.024066394,0.02636993,0.021734169,0.020219868,0.8408672,0.021677714,0.022267837
ZJ020619,0.061708786,0.0074180663,0.8825752,0.0071827145,0.007806455,0.011643975,0.006433384,0.015231371
ZJ020620,0.014841216,0.018104283,0.015372509,0.019602854,0.018445786,0.015492323,0.8793842,0.018756872
ZJ020621,0.01892691,0.014828539,0.023688465,0.030163929,0.021704627,0.01317406,0.85590327,0.021610217
ZJ020622,0.021611888,0.017327,0.017466865,0.016034493,0.013079998,0.017442351,0.88334745,0.013689868
ZJ020623,0.05526423,0.7834438,0.04265765,0.024557514,0.020539325,0.03161132,0.0117645385,0.030161697
ZJ020624,0.011702484,0.024305638,0.03271005,0.017030513,0.024233242,0.85756713,0.013470406,0.018980578
ZJ020625,0.2220488,0.017425587,0.32536006,0.04719835,0.038652763,0.01189915,0.029558456,0.30785683
ZJ020626,0.29524475,0.42521945,0.024794782,0.014083912,0.024348639,0.017830826,0.17645906,0.022018583
ZJ020627,0.09383658,0.007556546,0.8120473,0.018286234,0.013577414,0.016907467,0.008714198,0.029074226
ZJ020628,0.02088897,0.022875497,0.018268794,0.01688846,0.5943554,0.023856882,0.28494158,0.017924454
ZJ020629,0.4037915,0.019213695,0.05816672,0.03184704,0.021607677,0.037074532,0.39993164,0.028367212
ZJ020630,0.04538004,0.7667822,0.009754435,0.014980535,0.02946106,0.018793274,0.099158816,0.015689615
ZJ020631,0.041441273,0.8357958,0.019090507,0.013618948,0.026430983,0.032641176,0.014788926,0.016192451
ZJ020632,0.023009729,0.02447099,0.03464509,0.013935323,0.018263495,0.84008807,0.02765274,0.01793449
ZJ020633,0.028740067,0.026330395,0.024693884,0.011011617,0.019343702,0.84767437,0.022692008,0.019513909
ZJ020634,0.024258384,0.010833203,0.5194325,0.033063423,0.035881765,0.022051403,0.02103071,0.33344862
ZJ020635,0.17147134,0.02325938,0.721654,0.012633716,0.009856464,0.025477035,0.011437056,0.024211096
ZJ020636,0.05504447,0.010239537,0.811423,0.009595151,0.0115450565,0.03669413,0.034980044,0.0304786
ZJ020637,0.0568106,0.021530649,0.4753975,0.05580735,0.033834945,0.021740153,0.027642906,0.30723596
ZJ020638,0.15139346,0.67621416,0.057964142,0.014807169,0.038811352,0.017461453,0.016261192,0.02708715
ZJ020639,0.024191696,0.87907517,0.015127376,0.018031454,0.015642634,0.019170804,0.009585337,0.019175583
ZJ020640,0.86264354,0.01858584,0.01580109,0.018096164,0.010870603,0.026637746,0.014849213,0.03251582
ZJ020641,0.29890305,0.47709942,0.020692166,0.016787838,0.022645408,0.03478657,0.10266614,0.02641948
ZJ020642,0.046184,0.020261109,0.019608771,0.009368634,0.02419435,0.025265614,0.039658464,0.8154591
ZJ020643,0.082042895,0.013454494,0.5148406,0.015345528,0.010586086,0.01397304,0.3288888,0.020868568
ZJ020644,0.24386804,0.0058369865,0.6549231,0.014388432,0.021408996,0.016831538,0.029662833,0.013080098
ZJ020645,0.046631042,0.017478399,0.066371076,0.028047532,0.025192216,0.028837774,0.7679192,0.0195228
ZJ020646,0.37281185,0.041493326,0.045155343,0.0260169,0.028996293,0.07259076,0.026031867,0.3869037
ZJ020647,0.03718484,0.009534775,0.8284752,0.049042094,0.01904305,0.00847078,0.011309286,0.036939956
ZJ020648,0.06309482,0.03888229,0.8288528,0.008982384,0.0061589805,0.00930266,0.0081974,0.03652879
ZJ020649,0.8221551,0.0109481085,0.053781837,0.012576657,0.01886942,0.02216865,0.03856637,0.020933783
ZJ020650,0.8761751,0.01776318,0.013143604,0.016207268,0.01946795,0.02520504,0.013591117,0.01844672
ZJ020651,0.018201629,0.8778209,0.016784683,0.016482864,0.019624306,0.019004613,0.011989779,0.02009124
ZJ020652,0.029625049,0.81495136,0.031723406,0.014233175,0.033646423,0.032923277,0.025359577,0.017537747
ZJ020653,0.032960113,0.01497324,0.07352102,0.022434032,0.01920848,0.01591643,0.025052804,0.79593384
ZJ020654,0.2700373,0.5531872,0.06743436,0.015043137,0.020593245,0.028813342,0.018422619,0.026468856
ZJ020655,0.014152235,0.0136286765,0.015801173,0.020719824,0.02687557,0.015744254,0.87513554,0.017942762
ZJ020656,0.1969084,0.031234397,0.08948882,0.042955972,0.022451958,0.030131832,0.56318474,0.023643885
ZJ020657,0.43339315,0.011076934,0.06772492,0.02674644,0.023967652,0.020507902,0.39551243,0.021070588
ZJ020658,0.8563018,0.0172231,0.016442632,0.020978209,0.018205443,0.032298617,0.016826982,0.02172322
ZJ020659,0.08249046,0.045662846,0.11263678,0.012036632,0.018806532,0.03536023,0.0492893,0.6437172
ZJ020660,0.25659403,0.37735823,0.15581554,0.016240146,0.032512587,0.019169196,0.01628007,0.12603025
ZJ020661,0.10460613,0.7332865,0.061537314,0.021015977,0.024760446,0.016506234,0.01596779,0.022319619
ZJ020662,0.024387268,0.020104935,0.014000217,0.017558984,0.02491473,0.8616813,0.015896685,0.021455908
ZJ020663,0.269528,0.031264756,0.520406,0.018042197,0.032440137,0.023420198,0.08053932,0.024359386
ZJ020664,0.14000295,0.009516153,0.718429,0.0389366,0.023602434,0.0110931685,0.011203025,0.047216643
ZJ020665,0.09674036,0.028636444,0.10462326,0.031407963,0.101891056,0.024337554,0.023321247,0.5890421
ZJ020666,0.12776093,0.01392196,0.7444563,0.012367132,0.011001136,0.04184383,0.02698411,0.021664644
ZJ020667,0.1013174,0.020639649,0.7507257,0.020793682,0.009566429,0.018946609,0.029455686,0.048554916
ZJ020668,0.01587563,0.015568949,0.0119801955,0.018085776,0.01545203,0.020493537,0.8861453,0.016398573
ZJ020669,0.016709596,0.057861235,0.01753488,0.020062564,0.017113717,0.018599147,0.010075054,0.8420438
ZJ020670,0.022453217,0.019906959,0.018322334,0.050743233,0.027119601,0.8198209,0.017821169,0.023812635
ZJ020671,0.13869278,0.01141183,0.7195661,0.023428736,0.028827509,0.018156184,0.040498793,0.01941807
ZJ020672,0.025202041,0.020897413,0.027463658,0.025687534,0.02606896,0.8166484,0.026039189,0.031992823
ZJ020673,0.018413184,0.012961273,0.014981203,0.03761787,0.028150091,0.85401505,0.014096773,0.019764543
ZJ020674,0.030653972,0.02000534,0.1963486,0.016381657,0.67438364,0.02188302,0.016669592,0.023674142
ZJ020675,0.8155586,0.012920453,0.08891035,0.018034223,0.012639239,0.024282996,0.01114584,0.016508302
ZJ020676,0.029334087,0.018910322,0.04438732,0.0108403815,0.012344119,0.03148362,0.013764485,0.8389358
ZJ020677,0.027994001,0.024572236,0.013183515,0.01255658,0.016664568,0.01957911,0.014143153,0.87130684
ZJ020678,0.8446378,0.011795027,0.05100584,0.01081865,0.013478828,0.028574256,0.02607661,0.01361298
ZJ020679,0.84598273,0.022018243,0.02681886,0.03818636,0.018609067,0.018530438,0.012936345,0.01691795
ZJ020680,0.12016211,0.013744137,0.11561725,0.044238966,0.64571446,0.025787244,0.011252884,0.023482941
ZJ020681,0.32524273,0.07162501,0.2654018,0.019492893,0.03248952,0.04461844,0.19684054,0.04428912
ZJ020682,0.14155675,0.015823787,0.20982502,0.034327816,0.027733838,0.016137866,0.5362268,0.018368077
ZJ020683,0.026697053,0.0059151063,0.12071972,0.03106237,0.011792572,0.0097739985,0.008398401,0.7856408
ZJ020684,0.16752003,0.016844178,0.1916594,0.042950626,0.3720357,0.15473182,0.007781361,0.046476904
ZJ020685,0.12017937,0.2939483,0.12500532,0.02224569,0.03358412,0.022929607,0.36037794,0.021729672
ZJ020686,0.058236647,0.73575485,0.054015674,0.035383787,0.030550022,0.03870557,0.017631575,0.02972191
ZJ020687,0.018782714,0.019846288,0.021673134,0.0147885075,0.028435532,0.86234945,0.016298631,0.017825782
ZJ020688,0.018639905,0.024174036,0.025556384,0.012360557,0.01964294,0.8687137,0.011286846,0.019625563
ZJ020689,0.024958646,0.018066881,0.012656661,0.86667246,0.027359951,0.025621697,0.016337795,0.008325939
ZJ020690,0.021228818,0.019625772,0.026998175,0.008022628,0.017728036,0.8803679,0.012961737,0.0130670285
ZJ020691,0.8657298,0.022127602,0.010051097,0.016846037,0.01791033,0.025829628,0.021975031,0.019530471
ZJ020692,0.0423871,0.013554724,0.39731523,0.18714277,0.036411557,0.01662001,0.007875626,0.29869303
ZJ020693,0.87900794,0.011055864,0.024719164,0.016428806,0.019071968,0.023083044,0.010552207,0.016081044
ZJ020694,0.79415846,0.022787442,0.05537438,0.025391066,0.03910303,0.026062185,0.024414701,0.012708733
ZJ020695,0.23529051,0.01852912,0.6378587,0.008664257,0.011609942,0.016865367,0.050145548,0.021036604
ZJ020696,0.7646495,0.018285267,0.09974717,0.025033845,0.025976142,0.027181162,0.021267246,0.017859692
ZJ020697,0.112993054,0.017347632,0.7135388,0.04136379,0.009934237,0.038175743,0.016808867,0.049837925
ZJ020698,0.06760393,0.8072659,0.038092494,0.01603511,0.022641972,0.025343224,0.007094455,0.015923012
ZJ020699,0.81805533,0.01980191,0.04839691,0.010844593,0.014588768,0.05991614,0.017036295,0.011360059
ZJ020700,0.13575596,0.0075770663,0.54083675,0.013342074,0.019958582,0.017253457,0.19548838,0.06978779
ZJ020701,0.021590738,0.024676334,0.025524406,0.014520161,0.02281188,0.8531191,0.019473603,0.018283775
ZJ020702,0.10600984,0.012522476,0.03450832,0.028433247,0.03296569,0.029524345,0.061677773,0.6943583
ZJ020703,0.7846634,0.01970472,0.012569763,0.11858932,0.022378728,0.01625935,0.00921219,0.01662258
ZJ020704,0.5577245,0.035093553,0.083627224,0.09060432,0.025993219,0.02606723,0.013518144,0.16737185
ZJ020705,0.8691413,0.018899856,0.018958284,0.01699913,0.014599961,0.024175985,0.016336966,0.02088849
ZJ020706,0.08952095,0.014976856,0.63589925,0.017686581,0.18850954,0.02386497,0.010975595,0.018566301
ZJ020707,0.6607276,0.032168496,0.086550415,0.08103651,0.05351006,0.051499456,0.012655738,0.021851743
ZJ020708,0.03095786,0.019389778,0.038925245,0.038984533,0.024340156,0.019728092,0.7955832,0.032091122
ZJ020709,0.5079098,0.014380139,0.08267956,0.033800658,0.019082678,0.024429096,0.29019266,0.02752543
ZJ020710,0.069741,0.0147613585,0.030004054,0.8186247,0.012858245,0.020036375,0.025578065,0.00839626
ZJ020711,0.7860455,0.016456828,0.073507845,0.01873078,0.03387031,0.02139399,0.026119987,0.023874823
ZJ020712,0.10189547,0.03131364,0.6883612,0.0588316,0.01116077,0.014667823,0.01148208,0.08228742
ZJ020713,0.09855254,0.010490117,0.7361373,0.02554679,0.018155392,0.0110728135,0.011073904,0.08897117
ZJ020714,0.72634727,0.019983435,0.13967077,0.04410285,0.011348507,0.024340292,0.019341853,0.014865044
ZJ020715,0.023846623,0.8619731,0.018936802,0.017144991,0.02220265,0.028052349,0.013310926,0.014532578
ZJ020716,0.024745349,0.009756914,0.015990864,0.01725458,0.019854123,0.02019663,0.8800001,0.0122013865
ZJ020717,0.87009966,0.018447878,0.01828931,0.0115515115,0.016345447,0.036741152,0.013415709,0.015109307
ZJ020718,0.47342244,0.047276888,0.071394436,0.2535383,0.038386654,0.0627565,0.017148776,0.036076065
ZJ020719,0.041122567,0.019472444,0.027362926,0.015603125,0.023370234,0.024389079,0.032989122,0.8156905
ZJ020720,0.58527863,0.009665421,0.26511312,0.017831022,0.020671964,0.03351731,0.04611214,0.021810409
ZJ020721,0.5660522,0.014210655,0.20789249,0.025571669,0.03245243,0.022173574,0.11137112,0.020275865
ZJ020722,0.024306355,0.028711332,0.055368464,0.015762866,0.024287099,0.8052832,0.02399513,0.022285566
ZJ020723,0.22315978,0.10835042,0.5288447,0.01630594,0.049111042,0.031007607,0.012070931,0.031149587
ZJ020724,0.017066354,0.011002982,0.73870915,0.04715265,0.014251671,0.020103635,0.012251601,0.13946196
ZJ020725,0.060219683,0.8216961,0.024228236,0.018067865,0.018270198,0.018514715,0.010218014,0.028785208
ZJ020726,0.27135113,0.028994186,0.51208997,0.014960088,0.011736254,0.04888041,0.07182769,0.040160306
ZJ020727,0.037049633,0.024533141,0.035023034,0.016014617,0.021684512,0.8282158,0.019348659,0.01813065
ZJ020728,0.039390437,0.018273301,0.61274546,0.034465868,0.014893131,0.05508561,0.01580214,0.20934403
ZJ020729,0.12528439,0.02910074,0.63516533,0.010127931,0.016578019,0.04015413,0.13361676,0.0099727055
ZJ020730,0.025723392,0.017410949,0.018796993,0.021459429,0.020584388,0.018067528,0.8637004,0.014256987
ZJ020731,0.059648372,0.016201144,0.066868745,0.047189284,0.021983152,0.026848648,0.016890023,0.74437064
ZJ020732,0.027855873,0.021434097,0.39817402,0.061617833,0.049058612,0.37360153,0.04599658,0.022261512
ZJ020733,0.09378995,0.02477202,0.023988543,0.74675107,0.029585665,0.04761201,0.021213112,0.01228762
ZJ020734,0.028455922,0.009867913,0.8208763,0.02167492,0.01785096,0.026296342,0.008897825,0.06607983
ZJ020735,0.018251766,0.017720321,0.018058157,0.01763509,0.025002355,0.86807376,0.014658413,0.02060018
ZJ020736,0.105602734,0.015774695,0.034926616,0.008026532,0.030451303,0.7452297,0.052309353,0.0076789693
ZJ020737,0.522043,0.04532256,0.13053733,0.12373107,0.066160046,0.043931857,0.016182171,0.052091956
ZJ020738,0.78484315,0.026324032,0.049750924,0.04551305,0.01654063,0.020409113,0.014914519,0.04170456
ZJ020739,0.17017362,0.46336004,0.16263124,0.06256127,0.036664397,0.041175418,0.017104259,0.046329807
ZJ020740,0.20196615,0.05097098,0.1902893,0.027425805,0.04304921,0.07152044,0.21044098,0.20433712
ZJ020741,0.80534315,0.023115754,0.027458776,0.030895075,0.02438581,0.0514762,0.016613228,0.020712037
ZJ020742,0.08953107,0.028763918,0.37553072,0.03565348,0.026592279,0.07716846,0.33675086,0.030009255
ZJ020743,0.012099419,0.006937659,0.92293596,0.013001285,0.0036185577,0.00858758,0.006484333,0.02633521
ZJ020744,0.84429306,0.008823382,0.02471691,0.019649325,0.013672582,0.016075647,0.052529555,0.020239595
ZJ020745,0.124790885,0.011075345,0.25681853,0.019709786,0.04121549,0.036010176,0.49036738,0.020012377
ZJ020746,0.0275991,0.017852465,0.03129925,0.027937705,0.02234986,0.018313298,0.82660866,0.02803964
ZJ020747,0.09836851,0.009914868,0.7382831,0.030225491,0.011784248,0.013798351,0.0119588375,0.08566663
ZJ020748,0.028899958,0.8098591,0.038315814,0.025866374,0.027801577,0.024825962,0.012858371,0.031572845
ZJ020749,0.032955516,0.012968957,0.13893507,0.023546848,0.028803114,0.06378647,0.6788443,0.02015977
ZJ020750,0.064422034,0.02790289,0.07870621,0.010578477,0.01159236,0.13051446,0.026300145,0.6499834
ZJ020751,0.4995269,0.010550621,0.3922649,0.018991088,0.02257009,0.019086376,0.0142264115,0.022783639
ZJ020752,0.03021732,0.0070183068,0.80611914,0.060491532,0.017161742,0.007290423,0.008092902,0.06360858
ZJ020753,0.05389158,0.024639891,0.018657789,0.009719337,0.023875577,0.02789529,0.093519166,0.7478015
ZJ020754,0.011334686,0.013577309,0.015979035,0.02586619,0.022335183,0.021899277,0.86912453,0.019883825
ZJ020755,0.052191712,0.007677454,0.862074,0.0072571337,0.014879349,0.012217262,0.032141928,0.011561166
ZJ020756,0.028283564,0.016537102,0.00947764,0.0130922,0.8809497,0.030305866,0.011214572,0.0101393005
ZJ020757,0.018219844,0.01735665,0.01646876,0.018788664,0.0365052,0.017785326,0.8593058,0.015569776
ZJ020758,0.039726406,0.38899997,0.024855781,0.059438754,0.013198614,0.033328425,0.013399571,0.4270525
ZJ020759,0.25185248,0.022775734,0.5158047,0.013896649,0.014814963,0.046270438,0.017187791,0.117397204
ZJ020760,0.024725381,0.021042632,0.03754095,0.014423454,0.019858398,0.8367289,0.026564388,0.019116014
ZJ020761,0.1390462,0.49727908,0.19488811,0.025766356,0.047496732,0.046056133,0.0131849935,0.03628242
ZJ020762,0.1760178,0.0127385305,0.72104925,0.012804468,0.017097784,0.01687957,0.033099014,0.01031355
ZJ020763,0.034730222,0.029222662,0.5434539,0.01701927,0.01751326,0.051860776,0.28557706,0.020622848
ZJ020764,0.07340314,0.008570458,0.82199985,0.014507375,0.010445465,0.01602203,0.030340359,0.024711316
ZJ020765,0.8763215,0.011299226,0.038226154,0.012164238,0.01377461,0.018895995,0.012443278,0.016875042
ZJ020766,0.8294143,0.020513037,0.031239033,0.051088758,0.017670795,0.018011149,0.013665842,0.018397167
ZJ020767,0.048687186,0.016621118,0.8792605,0.011484008,0.0062617264,0.008274162,0.011911929,0.017499479
ZJ020768,0.8667722,0.012212227,0.034926627,0.0128890425,0.014153371,0.01525704,0.016973922,0.026815528
ZJ020769,0.013614485,0.010215681,0.010675355,0.92530537,0.012190115,0.008833237,0.011265262,0.007900485
ZJ020770,0.030217731,0.8714601,0.018060336,0.014717608,0.015491972,0.018538898,0.0105599705,0.020953532
ZJ020771,0.072270714,0.008433205,0.7986242,0.02994429,0.01231492,0.009680888,0.010469636,0.05826217
ZJ020772,0.032727487,0.027723072,0.029198963,0.016681327,0.037069824,0.81742936,0.018236162,0.02093374
ZJ020773,0.5777132,0.011912518,0.20544846,0.017545743,0.026118387,0.022169348,0.118035994,0.021056358
ZJ020774,0.050643492,0.8453808,0.013832631,0.010777419,0.020519262,0.01904763,0.025274996,0.014523836
ZJ020775,0.057451822,0.014956112,0.4144089,0.07963525,0.021009624,0.020328796,0.0212766,0.37093297
ZJ020776,0.04325668,0.011860841,0.036145892,0.020889007,0.019331021,0.018319188,0.015700644,0.8344968
ZJ020777,0.0855987,0.12512915,0.15638268,0.02613306,0.02540353,0.021294644,0.5289547,0.031103447
ZJ020778,0.095449306,0.009778253,0.51619714,0.22362785,0.014399487,0.013115897,0.0151753025,0.112256706
ZJ020779,0.09450326,0.010277892,0.031702705,0.016735623,0.021637024,0.032696474,0.7393977,0.053049315
ZJ020780,0.027258301,0.8802803,0.011906519,0.013500891,0.023510097,0.015111952,0.009623342,0.018808594
ZJ020781,0.050780583,0.008474543,0.2929964,0.16467547,0.015998097,0.012200181,0.011456685,0.44341803
ZJ020782,0.046533573,0.0059581446,0.85665506,0.014001555,0.0097282445,0.0144857885,0.03272832,0.019909296
ZJ020783,0.3106556,0.30151156,0.23573898,0.03620692,0.03587906,0.025491735,0.03293053,0.021585641
ZJ020784,0.035553027,0.0061778747,0.8342785,0.024329841,0.012852802,0.016579619,0.052632917,0.017595416
ZJ020785,0.105753355,0.007818299,0.8063661,0.011764389,0.017153049,0.012584436,0.009503081,0.029057283
ZJ020786,0.52915865,0.12267826,0.1982665,0.012952074,0.06017771,0.038187675,0.013015694,0.025563473
ZJ020787,0.03438054,0.023561783,0.030844867,0.014846715,0.020200524,0.8393921,0.019363886,0.017409613
ZJ020788,0.04045076,0.00708031,0.8445312,0.04402074,0.013471225,0.0057832957,0.006097461,0.03856508
ZJ020789,0.1817622,0.57058835,0.14267263,0.013212884,0.034867734,0.023962194,0.016147558,0.016786408
ZJ020790,0.03553446,0.80738133,0.061263073,0.01716279,0.02508544,0.023764463,0.010514425,0.01929402
ZJ020791,0.13232493,0.71085924,0.02059084,0.016135493,0.029992355,0.051429093,0.012964089,0.025703877
ZJ020792,0.03419334,0.008856231,0.74628836,0.038137853,0.010857181,0.14288646,0.009735122,0.0090455115
ZJ020793,0.24011259,0.38488275,0.18522124,0.017273825,0.032744728,0.050843257,0.06482101,0.024100631
ZJ020794,0.55892813,0.016602626,0.030622208,0.018417863,0.20126103,0.10055411,0.057846446,0.015767585
ZJ020795,0.04386921,0.8328654,0.022217525,0.017614825,0.020947788,0.03193051,0.012494602,0.018060068
ZJ020796,0.24522208,0.020693408,0.16548994,0.018166272,0.020378476,0.025784874,0.4933296,0.01093535
ZJ020797,0.055758994,0.01564012,0.78397286,0.029906822,0.01377624,0.012491963,0.022558464,0.06589453
ZJ020798,0.5463669,0.008099601,0.36347768,0.0066925483,0.018168924,0.030695537,0.0047916966,0.021707242
ZJ020799,0.8664114,0.01725711,0.024486547,0.022130013,0.012843682,0.021461105,0.013460356,0.021949818
ZJ020800,0.042713065,0.020601137,0.08793445,0.019984711,0.76472706,0.029742805,0.014497559,0.019799316
ZJ020801,0.6733387,0.015372013,0.17836903,0.015465051,0.05595677,0.03464361,0.011456891,0.015397996
ZJ020802,0.02129339,0.02549451,0.025911486,0.014592639,0.022876946,0.85169315,0.019432371,0.018705595
ZJ020803,0.03455159,0.007818028,0.84209156,0.04518071,0.010269485,0.0066974023,0.009819778,0.043571442
ZJ020804,0.045410853,0.011089271,0.6811822,0.0973827,0.013629346,0.012009226,0.013471181,0.12582527
ZJ020805,0.8240307,0.021286508,0.030625869,0.057035666,0.016554216,0.019069673,0.012986593,0.018410768
ZJ020806,0.020913487,0.023978353,0.025560124,0.014498315,0.023100868,0.854825,0.018950978,0.018172786
ZJ020807,0.20469248,0.015133849,0.1243294,0.043229904,0.027418528,0.06238693,0.024093766,0.49871516
ZJ020808,0.041045785,0.8391833,0.022694021,0.015824974,0.026892448,0.021906942,0.01286181,0.019590793
ZJ020809,0.5864564,0.0144785615,0.22807892,0.01812515,0.013267281,0.06455654,0.035989143,0.039048042
ZJ020810,0.025797317,0.02684164,0.045188434,0.013867858,0.021060511,0.81462955,0.032963526,0.019651163
ZJ020811,0.029981202,0.013162593,0.17768887,0.023423228,0.0302239,0.061355975,0.6426587,0.02150551
ZJ020812,0.09020838,0.016515942,0.7939651,0.03573519,0.010045595,0.025974412,0.0091353,0.018420061
ZJ020813,0.31157136,0.01782638,0.57698005,0.013527173,0.02544038,0.017430915,0.012681178,0.02454261
ZJ020814,0.301749,0.037450116,0.26373622,0.02282148,0.01296556,0.030237803,0.2579269,0.07311293
ZJ020815,0.04266187,0.033778444,0.026250694,0.01143612,0.29006454,0.55476695,0.018983118,0.022058306
ZJ020816,0.41442117,0.016926302,0.2281709,0.03207959,0.021264305,0.22247453,0.024733264,0.039929945
ZJ020817,0.34006688,0.014883998,0.029884819,0.013250373,0.53087336,0.022668486,0.02737478,0.020997277
ZJ020818,0.051901605,0.010588723,0.5837689,0.058222033,0.017581606,0.011618797,0.012371081,0.25394723
ZJ020819,0.3964131,0.05253932,0.34393495,0.05131007,0.07137345,0.043205094,0.010750045,0.03047401
ZJ020820,0.77554363,0.03617051,0.042842712,0.016167833,0.025946686,0.017924257,0.065923326,0.019481072
ZJ020821,0.108771704,0.0687071,0.19841135,0.013258822,0.025839603,0.04242721,0.034883976,0.50770026
ZJ020822,0.47629115,0.0083390325,0.44584426,0.016750306,0.01367523,0.0121124685,0.0090207085,0.01796685
ZJ020823,0.6669758,0.033668634,0.065673895,0.058276024,0.01888577,0.11330042,0.017642526,0.02557692
ZJ020824,0.19929592,0.0072203064,0.7237548,0.012112492,0.016700998,0.014714072,0.011573049,0.014628273
ZJ020825,0.117474735,0.008492765,0.7931852,0.013451325,0.021038478,0.014345455,0.0143044535,0.017707605
ZJ020826,0.22480856,0.011996098,0.60004145,0.041746333,0.009369927,0.02634593,0.019477684,0.06621408
ZJ020827,0.031927224,0.008490489,0.8944511,0.0068144514,0.013069411,0.01629856,0.014304441,0.014644466
ZJ020828,0.04057483,0.5975563,0.051763047,0.013658548,0.015363949,0.21228795,0.041057076,0.027738253
ZJ020829,0.011277886,0.0122875795,0.052435305,0.015446615,0.03608931,0.84310067,0.01534532,0.014017326
ZJ020830,0.80701363,0.02036442,0.054890107,0.018935768,0.012929521,0.031992756,0.0323815,0.021492263
ZJ020831,0.016755244,0.022263793,0.016571019,0.011676785,0.024866316,0.8717952,0.019047696,0.017023932
ZJ020832,0.074096315,0.006753184,0.8378769,0.03542632,0.010058758,0.005635788,0.0061350223,0.024017662
ZJ020833,0.35768554,0.018739572,0.40127778,0.014239222,0.02610301,0.03800006,0.123031594,0.020923246
ZJ020834,0.15142757,0.014927997,0.42683408,0.018907795,0.020817272,0.08456027,0.26775202,0.014773031
ZJ020835,0.04462397,0.010871193,0.84706765,0.015794486,0.02066151,0.018761039,0.022533892,0.01968628
ZJ020836,0.048098672,0.023913084,0.08679866,0.022641184,0.019859014,0.01894765,0.7624981,0.017243639
ZJ020837,0.21011491,0.028257435,0.35433778,0.008833735,0.013413729,0.14129534,0.021800213,0.22194684
ZJ020838,0.03686431,0.008252512,0.73971087,0.08730744,0.016923036,0.0112281265,0.010920459,0.08879333
ZJ020839,0.019684982,0.02041087,0.05040711,0.022413483,0.021809967,0.015889471,0.832358,0.017026264
ZJ020840,0.0817975,0.017017458,0.11253741,0.027607266,0.034044165,0.027244467,0.6638961,0.035855677
ZJ020841,0.13015635,0.01780445,0.032803368,0.021591075,0.64558613,0.028368598,0.01659686,0.10709319
ZJ020842,0.09952274,0.0050509837,0.830921,0.00944418,0.01911925,0.009660999,0.0066881897,0.019592678
ZJ020843,0.02705577,0.017804671,0.02283466,0.010832423,0.021336567,0.028702334,0.020099917,0.8513336
ZJ020844,0.2898222,0.085627764,0.27469018,0.018027008,0.02736142,0.2516459,0.034277063,0.018548463
ZJ020845,0.16656743,0.05746721,0.6531772,0.01265788,0.017980777,0.04583933,0.03293931,0.013370938
ZJ020846,0.029589662,0.016683822,0.017613424,0.022624373,0.029087504,0.023686659,0.84322226,0.017492278
ZJ020847,0.8673174,0.026596565,0.03176136,0.013730709,0.008641942,0.0186986,0.020876287,0.012377116
ZJ020848,0.115061544,0.6970489,0.048714623,0.024979075,0.029087452,0.028731544,0.029437322,0.02693954
ZJ020849,0.085842125,0.75330466,0.029877454,0.020115318,0.018811613,0.023911808,0.051921595,0.016215403
ZJ020850,0.37519008,0.0053430074,0.4963425,0.015307627,0.015646901,0.02227815,0.050587233,0.019304434
ZJ020851,0.05961547,0.76256764,0.06451108,0.019110326,0.024500284,0.023581332,0.020247014,0.025866846
ZJ020852,0.6456577,0.04304387,0.18767801,0.038861867,0.014112989,0.016232563,0.015216094,0.039196916
ZJ020853,0.16676143,0.009913769,0.5809247,0.012358616,0.0083056325,0.014458507,0.19486143,0.012416009
ZJ020854,0.022430638,0.025175497,0.02751491,0.015298865,0.023474986,0.84679204,0.020949129,0.01836398
ZJ020855,0.038046964,0.0109062,0.8485301,0.03328011,0.010512412,0.018352969,0.00971391,0.030657345
ZJ020856,0.5926138,0.060548812,0.10517617,0.1026964,0.042059,0.04138575,0.016880143,0.03863996
ZJ020857,0.020885045,0.87847483,0.015485689,0.013962946,0.021878881,0.020896662,0.013034418,0.015381512
ZJ020858,0.04150385,0.019475318,0.037442174,0.04788099,0.77045935,0.014914765,0.01421203,0.054111507
ZJ020859,0.8391895,0.021164298,0.025704775,0.013973554,0.032823753,0.03355762,0.01728582,0.016300667
ZJ020860,0.090098694,0.024660094,0.1327738,0.4329075,0.015744993,0.04076903,0.022984479,0.24006145
ZJ020861,0.44488922,0.014475576,0.29404846,0.12472631,0.01362222,0.012795353,0.021666093,0.073776774
ZJ020862,0.024602547,0.025362242,0.027389249,0.014023128,0.022504611,0.8396045,0.018728701,0.027785027
ZJ020863,0.079149045,0.01609957,0.38594064,0.05639673,0.020937748,0.018885963,0.020812644,0.4017777
ZJ020864,0.36386463,0.22701056,0.06027449,0.0130801415,0.04370714,0.22267643,0.046519633,0.022866962
ZJ020865,0.15720063,0.04285369,0.10726833,0.025189837,0.033038124,0.03763291,0.030963138,0.56585336
ZJ020866,0.16129032,0.0101687275,0.7178945,0.006935333,0.01627184,0.04694033,0.016022718,0.024476295
ZJ020867,0.019771926,0.019359102,0.022561476,0.019543022,0.019323317,0.8608648,0.018634586,0.019941757
ZJ020868,0.05117308,0.05506746,0.45781812,0.07662674,0.025078265,0.13857661,0.050977137,0.1446826
ZJ020869,0.031575013,0.019820461,0.017589753,0.012593678,0.018434078,0.018483141,0.01611368,0.86539024
ZJ020870,0.079208754,0.6185481,0.14728145,0.022835096,0.05266404,0.032743264,0.021646475,0.025072826
ZJ020871,0.28152588,0.007455848,0.50509,0.019586546,0.01592861,0.028779475,0.0046165152,0.13701713
ZJ020872,0.012243826,0.020469133,0.013365651,0.020760914,0.018934047,0.019704044,0.87694407,0.017578354
ZJ020873,0.03951589,0.024809897,0.0368057,0.016108891,0.020112379,0.82787925,0.016633265,0.01813468
ZJ020874,0.8674696,0.013325979,0.026608903,0.01736527,0.018980585,0.023541957,0.015068856,0.01763892
ZJ020875,0.019517206,0.016525486,0.016038949,0.023198389,0.02246333,0.014420742,0.87164766,0.016188288
ZJ020876,0.83955956,0.010349496,0.013840112,0.009521562,0.082048275,0.020608002,0.017234182,0.006838883
ZJ020877,0.2017813,0.025689501,0.63408977,0.012627338,0.022978252,0.03943259,0.006233632,0.057167675
ZJ020878,0.79107296,0.0095059,0.11904422,0.016773453,0.009532395,0.016485667,0.008039162,0.02954625
ZJ020879,0.04011314,0.013326541,0.033316027,0.033167686,0.018821975,0.01800838,0.0155256465,0.82772064
ZJ020880,0.08856059,0.0943653,0.16367327,0.017875964,0.016566573,0.03946514,0.020814713,0.5586785
ZJ020881,0.75792205,0.007834366,0.15452884,0.014023021,0.012877938,0.016305536,0.0076561235,0.028852144
ZJ020882,0.044413287,0.010638553,0.5720677,0.075368054,0.019020453,0.013436069,0.013621352,0.25143453
ZJ020883,0.1619381,0.010376284,0.7420688,0.015068704,0.017395502,0.012307084,0.010442912,0.0304026
ZJ020884,0.32528165,0.024558498,0.20147514,0.024644954,0.03640727,0.07227026,0.28056237,0.034799915
ZJ020885,0.8196295,0.026327217,0.022640789,0.020947132,0.02090641,0.04821996,0.017869001,0.023460029
ZJ020886,0.8707661,0.015331174,0.03215502,0.011459879,0.013865188,0.026100224,0.0123906545,0.017931787
ZJ020887,0.019070214,0.022810398,0.016783182,0.0151362,0.016530296,0.06255824,0.8360195,0.011091939
ZJ020888,0.03470442,0.8010293,0.030330682,0.01069983,0.017200578,0.05886962,0.026677836,0.020487683
ZJ020889,0.3122591,0.013675003,0.30790427,0.023636386,0.12559865,0.04703113,0.013375985,0.15651949
ZJ020890,0.34380075,0.020941153,0.43099365,0.01446973,0.021364449,0.037504923,0.012842159,0.118083194
ZJ020891,0.08918636,0.78713256,0.033283416,0.015552126,0.024086269,0.0152574945,0.018050984,0.017450815
ZJ020892,0.016240617,0.019081254,0.21567364,0.02243845,0.07380062,0.623864,0.018486148,0.010415244
ZJ020893,0.03374588,0.022816664,0.038058333,0.034204166,0.02870962,0.015960282,0.80702794,0.019477142
ZJ020894,0.049069252,0.009019894,0.5856209,0.14684026,0.013738227,0.03460598,0.024412883,0.13669263
ZJ020895,0.03700244,0.007697744,0.7763777,0.030743873,0.013297333,0.008506755,0.007963793,0.118410446
ZJ020896,0.2688736,0.4196794,0.14481507,0.023109347,0.032379072,0.025357533,0.052137256,0.033648763
ZJ020897,0.16033225,0.009459416,0.6135134,0.0193012,0.014699039,0.012502238,0.008179336,0.16201313
ZJ020898,0.02077285,0.02151654,0.028217731,0.01733965,0.022307703,0.84923583,0.02076356,0.019846132
ZJ020899,0.76148164,0.013552013,0.11240738,0.026174238,0.019612921,0.016923143,0.012193579,0.037655067
ZJ020900,0.018033462,0.014954346,0.01683876,0.014994042,0.018246531,0.01737134,0.8789282,0.020633304
ZJ020901,0.055395175,0.78965324,0.03313495,0.022536308,0.021886801,0.020310206,0.038787954,0.018295405
ZJ020902,0.0396976,0.0071695703,0.33562127,0.15442704,0.012026827,0.013797401,0.014623812,0.4226365
ZJ020903,0.71223396,0.010649943,0.091706604,0.011294487,0.028559491,0.033752676,0.09557594,0.01622684
ZJ020904,0.029491728,0.015429849,0.026737018,0.023627384,0.01764592,0.017665429,0.01600702,0.85339564
ZJ020905,0.09743193,0.7453581,0.06071018,0.020204462,0.022783153,0.015106007,0.013687694,0.024718577
ZJ020906,0.09514613,0.007605992,0.7831577,0.027406488,0.01952034,0.010964048,0.009763584,0.046435796
ZJ020907,0.05494402,0.05970477,0.6623091,0.01488578,0.010979406,0.049355246,0.106317356,0.041504294
ZJ020908,0.064221315,0.02290134,0.15448615,0.03207953,0.013529755,0.016008718,0.021070957,0.6757022
ZJ020909,0.05538075,0.014436722,0.019888068,0.016986584,0.026636964,0.025051415,0.01485715,0.8267624
ZJ020910,0.01894011,0.014780174,0.024420487,0.029312795,0.022430182,0.013511458,0.8551943,0.021410558
ZJ020911,0.8719393,0.017484797,0.013781413,0.016112482,0.020149028,0.026232813,0.016771741,0.017528458
ZJ020912,0.22430973,0.026449045,0.044673916,0.024386527,0.019967483,0.035629343,0.60350084,0.02108319
ZJ020913,0.020515922,0.019677013,0.026938582,0.018411081,0.021660075,0.85580456,0.016591722,0.020401066
ZJ020914,0.13902639,0.0077150217,0.5537511,0.010397963,0.01769451,0.05317616,0.19086976,0.027369142
ZJ020915,0.43239427,0.022004658,0.018713186,0.008588701,0.018079514,0.033652686,0.42272744,0.043839615
ZJ020916,0.6928318,0.02022009,0.15192686,0.022635257,0.019479742,0.042578038,0.034408037,0.01592015
ZJ020917,0.19934246,0.0058991746,0.71996516,0.010412999,0.018281851,0.016488774,0.018790498,0.010819076
ZJ020918,0.0530383,0.8399612,0.020134449,0.015704183,0.01977343,0.017306233,0.013105649,0.020976545
ZJ020919,0.022275776,0.012766624,0.02432305,0.020342456,0.017781897,0.018473664,0.86853784,0.0154987825
ZJ020920,0.8762936,0.0127147855,0.019878564,0.021978296,0.015039501,0.017022682,0.013987417,0.023085212
ZJ020921,0.92647165,0.0057997364,0.020760985,0.007284207,0.011343788,0.008089645,0.013293405,0.0069565983
ZJ020922,0.21423693,0.17090176,0.50000584,0.02154027,0.02825429,0.021454938,0.014272178,0.029333843
ZJ020923,0.021299347,0.02302294,0.02844587,0.018966628,0.021709803,0.8440301,0.022304831,0.020220436
ZJ020924,0.025291247,0.085295014,0.028937751,0.012042318,0.017691128,0.040011134,0.78053206,0.010199361
ZJ020925,0.8182065,0.012137378,0.090037905,0.009964057,0.03149156,0.012990454,0.008789613,0.016382558
ZJ020926,0.8470854,0.019173218,0.021616632,0.02102299,0.022541404,0.030411327,0.016928924,0.021220129
ZJ020927,0.048903923,0.008278,0.87603706,0.02193964,0.014815587,0.006087725,0.006104775,0.017833386
ZJ020928,0.023643794,0.023392856,0.02597943,0.018348385,0.024725921,0.8420494,0.019185904,0.022674346
ZJ020929,0.08596227,0.018297864,0.19912557,0.019587338,0.037285548,0.5347893,0.025323054,0.07962906
ZJ020930,0.094254196,0.0072625615,0.7946189,0.013073233,0.006413791,0.017000018,0.03376041,0.033616904
ZJ020931,0.14068222,0.66230935,0.061183777,0.014764759,0.025794392,0.025410054,0.0335585,0.036297
ZJ020932,0.21646026,0.024850264,0.4152964,0.01352591,0.04445171,0.02293226,0.2374479,0.025035223
ZJ020933,0.04927457,0.0071647265,0.6807515,0.0636668,0.094659746,0.010829304,0.007018195,0.08663513
ZJ020934,0.87263507,0.01749449,0.02081788,0.017653938,0.015316921,0.023158511,0.014871918,0.01805125
ZJ020935,0.02494081,0.0096505135,0.5679082,0.04067804,0.017740063,0.03471588,0.012137393,0.29222906
ZJ020936,0.019238187,0.009289473,0.8583358,0.006828427,0.015012773,0.034957554,0.039284166,0.017053593
ZJ020937,0.017238958,0.013900995,0.0530738,0.030433832,0.016076092,0.013605729,0.017807236,0.8378634
ZJ020938,0.045219697,0.06457423,0.23730914,0.31523886,0.03191176,0.06598904,0.08679683,0.1529605
ZJ020939,0.03945327,0.011004641,0.041907918,0.025154997,0.018095765,0.018452128,0.016162919,0.82976836
ZJ020940,0.6503903,0.02023091,0.01526901,0.01247324,0.03946888,0.22623718,0.016973682,0.018956782
ZJ020941,0.060026415,0.0072977557,0.8595193,0.011163582,0.013399896,0.019757327,0.01698639,0.011849318
ZJ020942,0.016383339,0.010076607,0.016320104,0.017976584,0.016642896,0.014540828,0.894248,0.013811627
ZJ020943,0.84975207,0.020561708,0.023918785,0.020882495,0.014914599,0.027541712,0.021339342,0.021089239
ZJ020944,0.74096215,0.024656653,0.028192503,0.025904894,0.08890344,0.055079788,0.01707218,0.019228393
ZJ020945,0.10386055,0.015695987,0.08068753,0.016192416,0.076852344,0.04460505,0.6453454,0.016760714
ZJ020946,0.35120007,0.31110922,0.19226359,0.022216378,0.039269764,0.03507917,0.015012013,0.03384984
ZJ020947,0.15929261,0.09158872,0.6204915,0.020796463,0.02980565,0.016398797,0.03536056,0.02626573
ZJ020948,0.22571865,0.28190428,0.1598449,0.023702985,0.027822241,0.097765826,0.029132133,0.154109
ZJ020949,0.034561526,0.011518019,0.8192083,0.0567274,0.035720028,0.009092802,0.010983156,0.022188742
ZJ020950,0.7088485,0.040421844,0.015142289,0.013810343,0.0152786,0.010683504,0.18283573,0.012979266
ZJ020951,0.020937964,0.02061402,0.023155069,0.016074011,0.022170015,0.86100733,0.017405493,0.018636128
