id,antelope_duiker,bird,blank,civet_genet,hog,leopard,monkey_prosimian,rodent
ZJ016488,0.1298898607492447,0.04290468245744705,0.5579861998558044,0.06860220432281494,0.039604440331459045,0.022309407591819763,0.022850805893540382,0.11585240066051483
ZJ016489,0.37752875685691833,0.11628953367471695,0.04266203194856644,0.06630861014127731,0.08847374469041824,0.05250551924109459,0.08075680583715439,0.17547501623630524
ZJ016490,0.11189381778240204,0.0950702428817749,0.09979791194200516,0.10774220526218414,0.10445605963468552,0.028871117159724236,0.11785303801298141,0.334315687417984
ZJ016491,0.014722411520779133,0.01064453274011612,0.003076263703405857,0.005997951608151197,0.010598631575703621,0.9307013154029846,0.015317137353122234,0.008941737934947014
ZJ016492,0.07790921628475189,0.10199396312236786,0.052609894424676895,0.052923236042261124,0.08258447796106339,0.025865307077765465,0.360444575548172,0.24566930532455444
ZJ016493,0.005902586039155722,0.9221437573432922,0.0026789105031639338,0.01135761383920908,0.009229135699570179,0.008598251268267632,0.025007642805576324,0.015082070603966713
ZJ016494,0.280819833278656,0.13849176466464996,0.35204315185546875,0.01678895577788353,0.09354452043771744,0.01950985938310623,0.07406248897314072,0.024739429354667664
ZJ016495,0.014357225969433784,0.009215745143592358,0.0023125093430280685,0.023903578519821167,0.010696938261389732,0.0461704321205616,0.8655704259872437,0.02777312695980072
ZJ016496,0.24283762276172638,0.24868617951869965,0.3133060336112976,0.029360663145780563,0.08416354656219482,0.01669171079993248,0.03614804521203041,0.028806257992982864
ZJ016497,0.010344725102186203,0.02153586782515049,0.003214022610336542,0.022918391972780228,0.0317775197327137,0.056729141622781754,0.7965508699417114,0.05692950263619423
ZJ016498,0.13070321083068848,0.16988039016723633,0.10039441287517548,0.05580976977944374,0.1308133602142334,0.1277337223291397,0.15163066983222961,0.13303451240062714
ZJ016499,0.006790295243263245,0.9581899642944336,0.003744107438251376,0.00736596155911684,0.005230045411735773,0.009123483672738075,0.004682340193539858,0.004873806145042181
ZJ016500,0.00934678502380848,0.01480662077665329,0.0029172138310968876,0.03796833008527756,0.014237426221370697,0.01764700748026371,0.05820286646485329,0.8448736667633057
ZJ016501,0.09259033203125,0.05881886184215546,0.7034712433815002,0.03116947039961815,0.04303519427776337,0.011396657675504684,0.030256986618041992,0.029261326417326927
ZJ016502,0.1206759437918663,0.0701989084482193,0.6566019654273987,0.03637285530567169,0.03953823074698448,0.013831629417836666,0.02592187188565731,0.03685866668820381
ZJ016503,0.13153816759586334,0.5003330707550049,0.011836046352982521,0.03319963067770004,0.08746647089719772,0.05197262391448021,0.12413418292999268,0.05951985344290733
ZJ016504,0.32391974329948425,0.10897589474916458,0.4273194372653961,0.0172419473528862,0.05872630700469017,0.011842004954814911,0.0296032577753067,0.022371357306838036
ZJ016505,0.2728272080421448,0.08967883884906769,0.4840337634086609,0.03216922655701637,0.05013858526945114,0.011926611885428429,0.026956122368574142,0.0322696752846241
ZJ016506,0.23479385673999786,0.1278008669614792,0.38882508873939514,0.01809583231806755,0.07453612983226776,0.015134431421756744,0.11035214364528656,0.030461641028523445
ZJ016507,0.2423555552959442,0.07657799124717712,0.31999433040618896,0.03664528951048851,0.13781218230724335,0.027724705636501312,0.07104705274105072,0.08784286677837372
ZJ016508,0.12484963238239288,0.1040315181016922,0.3516705334186554,0.07313043624162674,0.053184423595666885,0.02295508049428463,0.05650801584124565,0.21367038786411285
ZJ016509,0.011662116274237633,0.9203217029571533,0.0052013276144862175,0.01869066245853901,0.011276129633188248,0.012365823611617088,0.006013823673129082,0.01446840912103653
ZJ016510,0.2564307749271393,0.14250484108924866,0.2948001027107239,0.03797782585024834,0.07554861903190613,0.024362018331885338,0.04352045804262161,0.12485532462596893
ZJ016511,0.19479838013648987,0.09960068762302399,0.5457872152328491,0.023174621164798737,0.038024015724658966,0.008944329805672169,0.036050546914339066,0.05362017825245857
ZJ016512,0.1423797607421875,0.25160902738571167,0.4553142488002777,0.02056676521897316,0.04499553143978119,0.023223010823130608,0.04605063050985336,0.015861034393310547
ZJ016513,0.025136766955256462,0.8366739153862,0.007513093296438456,0.02380681410431862,0.05293507128953934,0.022214852273464203,0.014515506103634834,0.017204005271196365
ZJ016514,0.22531108558177948,0.0775773674249649,0.08910166472196579,0.17238712310791016,0.07410027831792831,0.03405861556529999,0.09668804705142975,0.23077580332756042
ZJ016515,0.01536564715206623,0.019410761073231697,0.003681698814034462,0.015018660575151443,0.020172473043203354,0.8861833214759827,0.02437928132712841,0.015788143500685692
ZJ016516,0.9528675675392151,0.006814374588429928,0.001722173299640417,0.010365407913923264,0.004693872295320034,0.006474696099758148,0.007872399874031544,0.009189484640955925
ZJ016517,0.20177029073238373,0.1511082500219345,0.4675220549106598,0.018896661698818207,0.05628151446580887,0.01087160687893629,0.05346989259123802,0.04007972776889801
ZJ016518,0.9473962187767029,0.008383349515497684,0.001920322305522859,0.00896422564983368,0.006687068846076727,0.005975081119686365,0.0067179035395383835,0.013955842703580856
ZJ016519,0.19635741412639618,0.05827735736966133,0.09791134297847748,0.05638774484395981,0.2962605953216553,0.07669074088335037,0.08949228376150131,0.12862257659435272
ZJ016520,0.94610595703125,0.008959900587797165,0.002452996326610446,0.012854885309934616,0.008525065146386623,0.005737612955272198,0.005351637490093708,0.010011991485953331
ZJ016521,0.25565412640571594,0.18191683292388916,0.3182889223098755,0.025830412283539772,0.07250098884105682,0.02057998813688755,0.08624772727489471,0.038980986922979355
ZJ016522,0.9585129022598267,0.006118922494351864,0.0015682504745200276,0.005954360589385033,0.012762060388922691,0.005475632380694151,0.005349478218704462,0.004258288070559502
ZJ016523,0.02399558573961258,0.8823758959770203,0.00981440581381321,0.01555152703076601,0.02322806604206562,0.020919758826494217,0.012432409450411797,0.011682359501719475
ZJ016524,0.07920575141906738,0.0696944147348404,0.6745648980140686,0.04144001379609108,0.03218929469585419,0.026135476306080818,0.03238838165998459,0.04438178986310959
ZJ016525,0.5800129771232605,0.021944941952824593,0.007767410017549992,0.02925606071949005,0.1456129550933838,0.050833214074373245,0.052385710179805756,0.11218681186437607
ZJ016526,0.2346259504556656,0.18620458245277405,0.061763450503349304,0.06427719444036484,0.09713580459356308,0.032903607934713364,0.17600449919700623,0.14708483219146729
ZJ016527,0.006199132185429335,0.008806426078081131,0.0023888321593403816,0.9541688561439514,0.005387458950281143,0.00764073571190238,0.00822067353874445,0.007187869865447283
ZJ016528,0.42419660091400146,0.04431873559951782,0.018790816888213158,0.017857521772384644,0.15175989270210266,0.020940396934747696,0.29200631380081177,0.03012981079518795
ZJ016529,0.008523908443748951,0.011123202741146088,0.0033593035768717527,0.032166674733161926,0.012613817118108273,0.03381931781768799,0.8574438095092773,0.0409499816596508
ZJ016530,0.08729339390993118,0.08293403685092926,0.667532742023468,0.01160456519573927,0.08584406971931458,0.01933194510638714,0.029442818835377693,0.016016431152820587
ZJ016531,0.6996036767959595,0.01325820293277502,0.02367434650659561,0.108571857213974,0.043357957154512405,0.031643323600292206,0.030162310227751732,0.04972834140062332
ZJ016532,0.024392180144786835,0.020036574453115463,0.007870014756917953,0.015981338918209076,0.03536023944616318,0.8383316993713379,0.03454767167568207,0.023480279371142387
ZJ016533,0.19538316130638123,0.6643392443656921,0.0041451710276305676,0.04047024995088577,0.021895062178373337,0.0217895470559597,0.023760564625263214,0.028217021375894547
ZJ016534,0.07062127441167831,0.08127611875534058,0.6033290028572083,0.0471348762512207,0.0420544296503067,0.01084752194583416,0.028381502255797386,0.11635532975196838
ZJ016535,0.005821875762194395,0.005284977611154318,0.003203023923560977,0.007032032124698162,0.004727956373244524,0.006123240105807781,0.9603714346885681,0.007435509469360113
ZJ016536,0.2781960070133209,0.111192986369133,0.422028124332428,0.021864701062440872,0.08315952122211456,0.011507867835462093,0.04760924354195595,0.02444150485098362
ZJ016537,0.10167048126459122,0.04164254292845726,0.003310602158308029,0.03973178565502167,0.043378811329603195,0.036832697689533234,0.5627017617225647,0.17073127627372742
ZJ016538,0.004703069571405649,0.004523450043052435,0.0023648373316973448,0.008201043121516705,0.006935523822903633,0.005882751662284136,0.9610998034477234,0.0062894755974411964
ZJ016539,0.5163477063179016,0.06715583056211472,0.21756529808044434,0.01911027915775776,0.03010423853993416,0.007712739519774914,0.048425041139125824,0.09357882291078568
ZJ016540,0.04011929780244827,0.3638516962528229,0.013220245949923992,0.021193508058786392,0.03525875136256218,0.030367881059646606,0.35520365834236145,0.14078494906425476
ZJ016541,0.23989693820476532,0.1176111176609993,0.4214801490306854,0.02745305746793747,0.08625771105289459,0.015824900940060616,0.061279602348804474,0.030196500942111015
ZJ016542,0.23029804229736328,0.08186764270067215,0.32919755578041077,0.08869041502475739,0.10511332750320435,0.032602231949567795,0.026106607168912888,0.10612417757511139
ZJ016543,0.04401559382677078,0.02092071808874607,0.006217211950570345,0.07227973639965057,0.03214353695511818,0.01974898763000965,0.045381639152765274,0.7592925429344177
ZJ016544,0.9673512578010559,0.005506746470928192,0.0014969338662922382,0.005827710498124361,0.00511394115164876,0.004021397791802883,0.0050321314483881,0.0056498488411307335
ZJ016545,0.18721576035022736,0.08450427651405334,0.4656009376049042,0.030017031356692314,0.10477820783853531,0.017224976792931557,0.04815652593970299,0.06250230967998505
ZJ016546,0.0052633136510849,0.007157361134886742,0.0028548252303153276,0.9424505233764648,0.006588415242731571,0.017493102699518204,0.00906448159366846,0.0091280248016119
ZJ016547,0.07905057817697525,0.0362950935959816,0.7295451760292053,0.034395426511764526,0.03585261479020119,0.016461782157421112,0.014228522777557373,0.054170798510313034
ZJ016548,0.8251531720161438,0.007212806958705187,0.002363289473578334,0.035624414682388306,0.0119392154738307,0.009819872677326202,0.02491862140595913,0.08296852558851242
ZJ016549,0.302327960729599,0.11274197697639465,0.40875065326690674,0.015787668526172638,0.06396695971488953,0.015151262283325195,0.05653127282857895,0.024742258712649345
ZJ016550,0.20049047470092773,0.06663072854280472,0.012992232106626034,0.042209506034851074,0.03654920682311058,0.036050036549568176,0.23562467098236084,0.3694532513618469
ZJ016551,0.01883525587618351,0.916790246963501,0.0025666288565844297,0.01755714602768421,0.014242822304368019,0.014415400102734566,0.006682890467345715,0.008909560739994049
ZJ016552,0.2682226598262787,0.12223409116268158,0.40594395995140076,0.019476698711514473,0.11330745369195938,0.014826766215264797,0.035048261284828186,0.0209401436150074
ZJ016553,0.27623647451400757,0.18219739198684692,0.3190237283706665,0.017429150640964508,0.08056322485208511,0.015546736307442188,0.07692777365446091,0.03207553178071976
ZJ016554,0.6609883904457092,0.2157624065876007,0.005941821727901697,0.03180975094437599,0.02560827136039734,0.02324322983622551,0.01499395165592432,0.021652180701494217
ZJ016555,0.29954993724823,0.09354446828365326,0.005130228586494923,0.08414506167173386,0.04200858250260353,0.04232469201087952,0.33189505338668823,0.10140202194452286
ZJ016556,0.005012481473386288,0.9429318904876709,0.0027868347242474556,0.01557818241417408,0.005950397811830044,0.010206644423305988,0.00680988235399127,0.010723763145506382
ZJ016557,0.05656317621469498,0.45830652117729187,0.03414284810423851,0.04069390520453453,0.04825141653418541,0.06283879280090332,0.2501026391983032,0.04910065233707428
ZJ016558,0.013202876783907413,0.010137159377336502,0.0025785185862332582,0.005722185131162405,0.010125593282282352,0.9348470568656921,0.014535565860569477,0.008851012215018272
ZJ016559,0.1932881623506546,0.14972935616970062,0.4995419383049011,0.015189502388238907,0.053321611136198044,0.014093015342950821,0.042695775628089905,0.03214060887694359
ZJ016560,0.8837846517562866,0.01950417272746563,0.004707964602857828,0.011292824521660805,0.056832388043403625,0.00754177151247859,0.00948066171258688,0.0068555898033082485
ZJ016561,0.9527604579925537,0.01002728845924139,0.0022293308284133673,0.008812353946268559,0.007354824338108301,0.006763261277228594,0.005994031671434641,0.006058467552065849
ZJ016562,0.018341729417443275,0.8993328213691711,0.006090363021939993,0.00957337487488985,0.013442429713904858,0.022452684119343758,0.010963636450469494,0.01980304904282093
ZJ016563,0.21507126092910767,0.27864864468574524,0.11009956896305084,0.037803832441568375,0.09711737185716629,0.06511003524065018,0.13772301375865936,0.05842622369527817
ZJ016564,0.009506450966000557,0.9295476675033569,0.004663139581680298,0.01212912518531084,0.01091178972274065,0.013304656371474266,0.00807478278875351,0.011862394399940968
ZJ016565,0.015480012632906437,0.008950583636760712,0.0022644619457423687,0.008174472488462925,0.008233491331338882,0.9398626685142517,0.008278046734631062,0.00875625666230917
ZJ016566,0.3525979816913605,0.15521499514579773,0.2573007345199585,0.028000902384519577,0.05942482873797417,0.02476072870194912,0.08650250732898712,0.036197345703840256
ZJ016567,0.08277655392885208,0.0818886011838913,0.6075289845466614,0.04678433761000633,0.06787845492362976,0.01672288402915001,0.037133876234292984,0.05928628519177437
ZJ016568,0.0071802809834480286,0.009549821726977825,0.006237604655325413,0.004232481122016907,0.006656516343355179,0.9531288146972656,0.006121092941612005,0.006893401965498924
ZJ016569,0.2061505913734436,0.16680386662483215,0.325085312128067,0.01927611045539379,0.06987077742815018,0.03064613603055477,0.1513906568288803,0.03077659383416176
ZJ016570,0.006686401553452015,0.9446101784706116,0.003790278220549226,0.010625720024108887,0.009642289020121098,0.010728367604315281,0.006298004183918238,0.007618718780577183
ZJ016571,0.06655685603618622,0.03780360147356987,0.6745093464851379,0.035881444811820984,0.05576764792203903,0.04036124795675278,0.020444288849830627,0.06867554038763046
ZJ016572,0.004381904844194651,0.948829174041748,0.0032100644893944263,0.008942910470068455,0.005478536244481802,0.010591719299554825,0.008497518487274647,0.010068303905427456
ZJ016573,0.23374468088150024,0.060739658772945404,0.3892853260040283,0.04187425971031189,0.060932938009500504,0.018865738064050674,0.04303000867366791,0.15152734518051147
ZJ016574,0.2729303538799286,0.038601234555244446,0.5053326487541199,0.028649305924773216,0.06382660567760468,0.018684661015868187,0.03719538077712059,0.034779805690050125
ZJ016575,0.04052625969052315,0.030927646905183792,0.8162828087806702,0.018167737871408463,0.04071139171719551,0.011409144848585129,0.010896248742938042,0.03107883781194687
ZJ016576,0.025001846253871918,0.3872981071472168,0.002515660598874092,0.1287301778793335,0.015890073031187057,0.022137844935059547,0.15820392966270447,0.26022231578826904
ZJ016577,0.3646506667137146,0.1192653477191925,0.2884543538093567,0.02395698055624962,0.039572615176439285,0.007701447699218988,0.08656670153141022,0.06983186304569244
ZJ016578,0.140443816781044,0.6568458080291748,0.03421671316027641,0.02539943903684616,0.06382014602422714,0.01850314438343048,0.03746206685900688,0.02330888994038105
ZJ016579,0.04732247069478035,0.8573233485221863,0.00404434185475111,0.03488970175385475,0.02084672451019287,0.01696237549185753,0.007827870547771454,0.010783122852444649
ZJ016580,0.043270453810691833,0.2575787901878357,0.01059902273118496,0.06938767433166504,0.0439596064388752,0.04774412140250206,0.10350196808576584,0.42395827174186707
ZJ016581,0.007453916594386101,0.8755401372909546,0.0024826943408697844,0.014751811511814594,0.011001293547451496,0.015826338902115822,0.03435906395316124,0.038584791123867035
ZJ016582,0.024062789976596832,0.020467018708586693,0.008057004772126675,0.01304950937628746,0.03354867175221443,0.8530479073524475,0.027134409174323082,0.020632624626159668
ZJ016583,0.340055912733078,0.08322732895612717,0.4438970685005188,0.016659868881106377,0.04873031750321388,0.0069375853054225445,0.04037667065858841,0.020115239545702934
ZJ016584,0.9140204191207886,0.005187709350138903,0.005388347897678614,0.023064523935317993,0.025204645469784737,0.007182063069194555,0.008748158812522888,0.011204024776816368
ZJ016585,0.021556103602051735,0.010342677123844624,0.001999255735427141,0.008242492564022541,0.01124426070600748,0.9307708740234375,0.007660259958356619,0.008184099569916725
ZJ016586,0.40755531191825867,0.07373828440904617,0.3049182593822479,0.024624772369861603,0.039260122925043106,0.009020772762596607,0.05752931907773018,0.08335317671298981
ZJ016587,0.08981071412563324,0.09172309190034866,0.5886762142181396,0.02172926254570484,0.07745068520307541,0.018416792154312134,0.06371081620454788,0.04848239943385124
ZJ016588,0.009256146848201752,0.010904175229370594,0.0016816050047054887,0.01789121888577938,0.011491426266729832,0.008718916215002537,0.03868641331791878,0.901370108127594
ZJ016589,0.006612008437514305,0.01154380477964878,0.005177735351026058,0.009649313986301422,0.00900279451161623,0.012749788351356983,0.865387499332428,0.07987701147794724
ZJ016590,0.5468089580535889,0.02558043599128723,0.014316977001726627,0.043252818286418915,0.21678683161735535,0.03985175862908363,0.08388829976320267,0.0295138880610466
ZJ016591,0.007958757691085339,0.007351526990532875,0.001691273762844503,0.008834789507091045,0.00795639306306839,0.006417946424335241,0.9383469820022583,0.02144223265349865
ZJ016592,0.36686861515045166,0.09861340373754501,0.03354950621724129,0.059717852622270584,0.08700571209192276,0.04662299156188965,0.15768277645111084,0.14993910491466522
ZJ016593,0.291700154542923,0.1585358828306198,0.18466061353683472,0.04683304578065872,0.11482316255569458,0.015972573310136795,0.11750829219818115,0.06996627151966095
ZJ016594,0.2292991280555725,0.1659121960401535,0.10770180076360703,0.07208547741174698,0.10782552510499954,0.04119947552680969,0.07736515998840332,0.19861125946044922
ZJ016595,0.0054447404108941555,0.020777877420186996,0.0020912541076540947,0.006980815436691046,0.0076460279524326324,0.01810457929968834,0.9231314659118652,0.015823332592844963
ZJ016596,0.9375364184379578,0.009487587958574295,0.0025861593894660473,0.009325316175818443,0.01507342979311943,0.00853871088474989,0.008657585829496384,0.008794806897640228
ZJ016597,0.29537925124168396,0.18497991561889648,0.339882493019104,0.014960079453885555,0.055024661123752594,0.01570494845509529,0.06878960132598877,0.02527902089059353
ZJ016598,0.035876739770174026,0.028755636885762215,0.01283976063132286,0.018274039030075073,0.05458179488778114,0.7843841910362244,0.03651456534862518,0.028773196041584015
ZJ016599,0.007398946676403284,0.932405412197113,0.0022814248222857714,0.012703316286206245,0.009997155517339706,0.011908523738384247,0.014018436893820763,0.009286776185035706
ZJ016600,0.014351673424243927,0.925881028175354,0.00436660461127758,0.017226848751306534,0.009396555833518505,0.01088164933025837,0.006721735931932926,0.011173940263688564
ZJ016601,0.2783631682395935,0.1037805825471878,0.46439436078071594,0.019722670316696167,0.06193194165825844,0.012142679654061794,0.03165702521800995,0.028007585555315018
ZJ016602,0.2151482254266739,0.15610170364379883,0.10538242757320404,0.07162146270275116,0.11729000508785248,0.04233695939183235,0.1359621286392212,0.15615709125995636
ZJ016603,0.00602502329275012,0.0040972791612148285,0.0029486024286597967,0.008643396198749542,0.0038321162573993206,0.006620921194553375,0.9586099982261658,0.009222624823451042
ZJ016604,0.1184808611869812,0.05048444867134094,0.6720801591873169,0.04809937998652458,0.03562470152974129,0.0075439936481416225,0.0266767255961895,0.04100971296429634
ZJ016605,0.0037297706585377455,0.004243075847625732,0.004275379702448845,0.008720497600734234,0.005890862550586462,0.00732665928080678,0.9540704488754272,0.011743316426873207
ZJ016606,0.37572380900382996,0.08373016864061356,0.24896618723869324,0.031955912709236145,0.1640935242176056,0.019352586939930916,0.04110454395413399,0.03507329151034355
ZJ016607,0.01320341881364584,0.010173042304813862,0.0023978918325155973,0.03269783779978752,0.010553150437772274,0.8947275876998901,0.016701417043805122,0.019545670598745346
ZJ016608,0.19382169842720032,0.09705579280853271,0.3729765713214874,0.07626618444919586,0.11364462226629257,0.03323826566338539,0.02224276214838028,0.09075409919023514
ZJ016609,0.06467684358358383,0.15727759897708893,0.05079647898674011,0.05259630084037781,0.044232238084077835,0.017239153385162354,0.4403795301914215,0.17280183732509613
ZJ016610,0.16553276777267456,0.14308351278305054,0.44573989510536194,0.02586646005511284,0.11270738393068314,0.02483195625245571,0.04699140042066574,0.03524662181735039
ZJ016611,0.007778777740895748,0.004744090139865875,0.0022900940384715796,0.007432975340634584,0.005903637036681175,0.0069358875043690205,0.950736939907074,0.01417754776775837
ZJ016612,0.05176200717687607,0.03600110113620758,0.24041636288166046,0.23116956651210785,0.06364323943853378,0.023483309894800186,0.042831264436244965,0.31069308519363403
ZJ016613,0.010063703171908855,0.008561626076698303,0.0019287723116576672,0.008560777641832829,0.012447004206478596,0.9343096613883972,0.013046775944530964,0.011081538163125515
ZJ016614,0.12680697441101074,0.020228737965226173,0.005839784163981676,0.07130130380392075,0.03545030206441879,0.020957857370376587,0.051537252962589264,0.667877733707428
ZJ016615,0.24490442872047424,0.008132735267281532,0.0025866986252367496,0.025498315691947937,0.1111602932214737,0.012621081434190273,0.5805382132530212,0.014558241702616215
ZJ016616,0.017268143594264984,0.01099449023604393,0.003144868416711688,0.017951859161257744,0.010144946165382862,0.9177886843681335,0.009521695785224438,0.01318531297147274
ZJ016617,0.022957440465688705,0.3720649480819702,0.0075027476996183395,0.06082655489444733,0.035627175122499466,0.035858139395713806,0.11885356903076172,0.3463093638420105
ZJ016618,0.2144675850868225,0.1497742384672165,0.04974253475666046,0.06466791778802872,0.08927730470895767,0.04439707100391388,0.19860240817070007,0.1890709549188614
ZJ016619,0.12640419602394104,0.0770815908908844,0.11264235526323318,0.10835378617048264,0.11698974668979645,0.027557218447327614,0.10912120342254639,0.3218499422073364
ZJ016620,0.18998290598392487,0.04467111825942993,0.036714255809783936,0.2632719576358795,0.05128011479973793,0.04661072418093681,0.09582053124904633,0.2716483175754547
ZJ016621,0.15271255373954773,0.07890211790800095,0.17096155881881714,0.10057909786701202,0.12701329588890076,0.025183286517858505,0.10764836519956589,0.2369997799396515
ZJ016622,0.17168287932872772,0.09877945482730865,0.47037944197654724,0.03166208416223526,0.09906026721000671,0.021357253193855286,0.045100852847099304,0.06197774410247803
ZJ016623,0.2564846873283386,0.18323861062526703,0.13590769469738007,0.1096518486738205,0.10982610285282135,0.03986583277583122,0.03323979303240776,0.13178536295890808
ZJ016624,0.7409816384315491,0.04456701874732971,0.007000732701271772,0.016323601827025414,0.14226222038269043,0.020079277455806732,0.012203098274767399,0.01658243127167225
ZJ016625,0.9653972387313843,0.005780866369605064,0.0016436169389635324,0.007177103776484728,0.004322067368775606,0.0047567663714289665,0.005476673133671284,0.005445671267807484
ZJ016626,0.14236709475517273,0.05434663966298103,0.05454886704683304,0.14818307757377625,0.06647463142871857,0.038782987743616104,0.0808836966753006,0.4144129455089569
ZJ016627,0.0038148644380271435,0.0024574396666139364,0.0036739581264555454,0.005753796547651291,0.003699451917782426,0.004803256597369909,0.9683095812797546,0.007487598340958357
ZJ016628,0.9668253660202026,0.006037318147718906,0.0012366679729893804,0.006684987340122461,0.004259598907083273,0.005278009921312332,0.004725683014839888,0.004952447023242712
ZJ016629,0.008282637223601341,0.007331295404583216,0.003951472230255604,0.9377849102020264,0.007176866289228201,0.012445587664842606,0.009937231428921223,0.01308989804238081
ZJ016630,0.025676844641566277,0.005777454003691673,0.002837485633790493,0.014836435206234455,0.009784785099327564,0.006091436371207237,0.928568422794342,0.006427188403904438
ZJ016631,0.4772981107234955,0.057847168296575546,0.042848825454711914,0.06962274760007858,0.0977882668375969,0.01411694660782814,0.05143431946635246,0.18904359638690948
ZJ016632,0.11878596246242523,0.0683479979634285,0.3630482256412506,0.09915612637996674,0.1119789257645607,0.01893976703286171,0.08163274079561234,0.13811026513576508
ZJ016633,0.3753194510936737,0.21988780796527863,0.09800592809915543,0.033707793802022934,0.13528868556022644,0.038087598979473114,0.07810354977846146,0.021599192172288895
ZJ016634,0.2649013102054596,0.27697867155075073,0.12482543289661407,0.02476908080279827,0.10640216618776321,0.017328480258584023,0.12324949353933334,0.061545390635728836
ZJ016635,0.062079932540655136,0.6331889033317566,0.003324112854897976,0.08661756664514542,0.03212522715330124,0.04866386204957962,0.07676469534635544,0.05723575875163078
ZJ016636,0.06964775919914246,0.10003823786973953,0.48393288254737854,0.06174875423312187,0.08113516867160797,0.0385189987719059,0.026921529322862625,0.1380567103624344
ZJ016637,0.02992822602391243,0.35439279675483704,0.01090290304273367,0.05722601339221001,0.03910611942410469,0.06226150318980217,0.06903782486915588,0.37714460492134094
ZJ016638,0.26533272862434387,0.15704010426998138,0.05863411724567413,0.06410346180200577,0.10018955916166306,0.04125778004527092,0.16825489699840546,0.1451873630285263
ZJ016639,0.01511962991207838,0.009949972853064537,0.003130572149530053,0.016975844278931618,0.0134412981569767,0.013185231015086174,0.04733084514737129,0.8808665871620178
ZJ016640,0.08057098835706711,0.05477425828576088,0.029057297855615616,0.03269924223423004,0.03142552450299263,0.014375162310898304,0.03585271164774895,0.7212448120117188
ZJ016641,0.1673252284526825,0.09352058917284012,0.10176552087068558,0.10988367348909378,0.10551963001489639,0.03720226511359215,0.10939320176839828,0.2753898799419403
ZJ016642,0.12981408834457397,0.058902937918901443,0.05926099792122841,0.23238080739974976,0.054482970386743546,0.04142268747091293,0.10163403302431107,0.3221014440059662
ZJ016643,0.33229300379753113,0.31572654843330383,0.08550967276096344,0.03133547306060791,0.09555766731500626,0.03575773537158966,0.03269733116030693,0.07112259417772293
ZJ016644,0.8645826578140259,0.010127727873623371,0.05164038762450218,0.013692107982933521,0.02330060489475727,0.003843521699309349,0.019663888961076736,0.013149164617061615
ZJ016645,0.9509621262550354,0.009624777361750603,0.002545297145843506,0.008567874319851398,0.010783430188894272,0.005587385036051273,0.004781295545399189,0.0071478295139968395
ZJ016646,0.004778407048434019,0.003957128617912531,0.0026021008379757404,0.008758596144616604,0.003926854580640793,0.006043624598532915,0.9612842798233032,0.008648984134197235
ZJ016647,0.07321538031101227,0.06887630373239517,0.6053547859191895,0.06441555917263031,0.04602709785103798,0.028754787519574165,0.02855689637362957,0.08479920029640198
ZJ016648,0.14895948767662048,0.08591051399707794,0.6250388026237488,0.012672084383666515,0.04172200709581375,0.01042705774307251,0.046612802892923355,0.02865724451839924
ZJ016649,0.029436595737934113,0.03419503569602966,0.040139906108379364,0.3594522774219513,0.038073956966400146,0.02276410534977913,0.07356975972652435,0.4023684561252594
ZJ016650,0.25409334897994995,0.09930634498596191,0.4607139229774475,0.030280113220214844,0.08356054127216339,0.012980098836123943,0.028453214094042778,0.030612407252192497
ZJ016651,0.07328245788812637,0.7645922899246216,0.0375259630382061,0.01113743707537651,0.03785761445760727,0.01683291792869568,0.03179966285824776,0.026971613988280296
ZJ016652,0.19947096705436707,0.13169457018375397,0.5101373791694641,0.013699574396014214,0.05274723842740059,0.0162176713347435,0.057653769850730896,0.01837891712784767
ZJ016653,0.6980816721916199,0.03070644661784172,0.0035792188718914986,0.015462161041796207,0.2169870287179947,0.011988561600446701,0.008878291584551334,0.014316552318632603
ZJ016654,0.2627015709877014,0.20807547867298126,0.32419249415397644,0.024008577689528465,0.08316297829151154,0.011287563480436802,0.053793393075466156,0.03277798369526863
ZJ016655,0.8243411779403687,0.05382748693227768,0.0018913686508312821,0.03110990859568119,0.03022719733417034,0.02165294624865055,0.01174185425043106,0.02520807459950447
ZJ016656,0.006816681940108538,0.9358192682266235,0.00482902629300952,0.01397448405623436,0.009952855296432972,0.010650441981852055,0.0073805260471999645,0.01057667937129736
ZJ016657,0.01793389767408371,0.07529935240745544,0.00564401363953948,0.01278174389153719,0.018747147172689438,0.015344462357461452,0.8239408731460571,0.030308539047837257
ZJ016658,0.31204953789711,0.23471824824810028,0.035099755972623825,0.10621807724237442,0.04317311942577362,0.055002450942993164,0.06639160215854645,0.14734716713428497
ZJ016659,0.0539073720574379,0.07338979840278625,0.05595295876264572,0.02403923310339451,0.13813717663288116,0.3412037193775177,0.15690144896507263,0.15646827220916748
ZJ016660,0.23574845492839813,0.14084787666797638,0.4192163944244385,0.025729093700647354,0.09616374224424362,0.014420702122151852,0.04258015379309654,0.02529364824295044
ZJ016661,0.15801694989204407,0.05432545393705368,0.6500824093818665,0.024578072130680084,0.02649821527302265,0.008525651879608631,0.028823792934417725,0.04914947226643562
ZJ016662,0.03825479373335838,0.038420215249061584,0.003582729259505868,0.021447613835334778,0.02191816456615925,0.7769817113876343,0.07355616986751556,0.025838559493422508
ZJ016663,0.012383071705698967,0.012045946903526783,0.004351153504103422,0.009084375575184822,0.016540730372071266,0.9188042283058167,0.014887153171002865,0.01190335862338543
ZJ016664,0.1365872025489807,0.04749619588255882,0.3651749789714813,0.07270463556051254,0.14895206689834595,0.03833363950252533,0.024199465289711952,0.16655182838439941
ZJ016665,0.2146097719669342,0.13173098862171173,0.38225141167640686,0.021070770919322968,0.08802100270986557,0.02293389104306698,0.10895626246929169,0.030425947159528732
ZJ016666,0.006983769126236439,0.008749168366193771,0.004054678604006767,0.037071652710437775,0.015258711762726307,0.012019585818052292,0.8263028860092163,0.08955959975719452
ZJ016667,0.7030577063560486,0.031335338950157166,0.02414720319211483,0.03197512403130531,0.06992824375629425,0.016861150041222572,0.08477810025215149,0.037917207926511765
ZJ016668,0.18092194199562073,0.13728943467140198,0.51506507396698,0.02900569513440132,0.06307483464479446,0.009746594354510307,0.03798945993185043,0.02690701372921467
ZJ016669,0.8240861892700195,0.018545502796769142,0.01094856858253479,0.016425421461462975,0.03005438856780529,0.041283831000328064,0.041526395827531815,0.017129721119999886
ZJ016670,0.014650983735918999,0.014464307576417923,0.0023323455825448036,0.021493742242455482,0.014381502754986286,0.008464635349810123,0.006638590712100267,0.9175739884376526
ZJ016671,0.10905718058347702,0.05925425887107849,0.6772160530090332,0.032555725425481796,0.03734912723302841,0.015486896969377995,0.03251533955335617,0.036565523594617844
ZJ016672,0.4199769198894501,0.027581876143813133,0.012614535167813301,0.04082461819052696,0.22433675825595856,0.04888427257537842,0.11038002371788025,0.1154010072350502
ZJ016673,0.7990269064903259,0.03667077794671059,0.013389798812568188,0.015909263864159584,0.06851455569267273,0.011928707361221313,0.031501319259405136,0.023058660328388214
ZJ016674,0.0032105627469718456,0.0030030645430088043,0.003207228612154722,0.005728380288928747,0.0038283353205770254,0.005689512472599745,0.968333899974823,0.0069990940392017365
ZJ016675,0.0045871310867369175,0.006221835035830736,0.0020945812575519085,0.0043507106602191925,0.003493951167911291,0.004499017260968685,0.9680305123329163,0.006722255144268274
ZJ016676,0.19899912178516388,0.16043858230113983,0.20839492976665497,0.020668603479862213,0.07706063240766525,0.01719227246940136,0.24404186010360718,0.07320403307676315
ZJ016677,0.13636654615402222,0.061135005205869675,0.13341601192951202,0.1394885778427124,0.10690738260746002,0.03707001730799675,0.10120227187871933,0.28441423177719116
ZJ016678,0.003716810140758753,0.002786107361316681,0.001836746116168797,0.00785097386687994,0.0033034137450158596,0.003475043224170804,0.9716312885284424,0.005399578250944614
ZJ016679,0.23420996963977814,0.20807145535945892,0.3855743408203125,0.017324481159448624,0.053712595254182816,0.02160513401031494,0.04697011783719063,0.03253192827105522
ZJ016680,0.2210570126771927,0.16067242622375488,0.11722289025783539,0.06829927861690521,0.10872198641300201,0.03989701718091965,0.1478428840637207,0.13628648221492767
ZJ016681,0.008213548921048641,0.0032184221781790257,0.0030897646211087704,0.007151991128921509,0.005939696449786425,0.005907853599637747,0.9591249823570251,0.00735376076772809
ZJ016682,0.004411890171468258,0.010338189080357552,0.00328939501196146,0.0057983193546533585,0.004637644626200199,0.005480032879859209,0.9583582878112793,0.0076862662099301815
ZJ016683,0.22123219072818756,0.15020447969436646,0.41118818521499634,0.026449693366885185,0.08608879894018173,0.028605811297893524,0.04748310148715973,0.028747735545039177
ZJ016684,0.1316777467727661,0.07230239361524582,0.08594658225774765,0.13161161541938782,0.08470366150140762,0.03385213017463684,0.12106017023324966,0.33884575963020325
ZJ016685,0.271759033203125,0.14372853934764862,0.3636857867240906,0.02969442680478096,0.07418917119503021,0.019530143588781357,0.06616705656051636,0.031245872378349304
ZJ016686,0.4846678674221039,0.21755683422088623,0.044981058686971664,0.015205505304038525,0.12670466303825378,0.02670014277100563,0.06942182779312134,0.014762114733457565
ZJ016687,0.46511900424957275,0.08390330523252487,0.2605809271335602,0.01810268685221672,0.057790711522102356,0.03322942927479744,0.041572198271751404,0.03970169648528099
ZJ016688,0.17819947004318237,0.12195944041013718,0.47027719020843506,0.022960389032959938,0.07035381346940994,0.03305985406041145,0.04796483740210533,0.05522497370839119
ZJ016689,0.17459021508693695,0.10230299830436707,0.5897446274757385,0.009893606416881084,0.06284552067518234,0.0072812908329069614,0.017777400091290474,0.03556432947516441
ZJ016690,0.08312314748764038,0.030241727828979492,0.5471370220184326,0.07099583745002747,0.059887293726205826,0.035303860902786255,0.03412706404924393,0.13918404281139374
ZJ016691,0.07577943801879883,0.00604333495721221,0.0014878751244395971,0.009856845252215862,0.00847781915217638,0.005276375915855169,0.8846331238746643,0.008445112966001034
ZJ016692,0.10036171972751617,0.09819142520427704,0.47712600231170654,0.034678004682064056,0.11247874796390533,0.04393567144870758,0.0690576508641243,0.0641707330942154
ZJ016693,0.008868073113262653,0.006391074042767286,0.0023594805970788,0.005760939791798592,0.00811203382909298,0.9533886313438416,0.007748872973024845,0.007370940409600735
ZJ016694,0.2147655338048935,0.1461028903722763,0.11278316378593445,0.07022040337324142,0.11399517953395844,0.04750979319214821,0.14854520559310913,0.14607782661914825
ZJ016695,0.004097918048501015,0.00564919738098979,0.0030226302333176136,0.007039093878120184,0.004046881105750799,0.00684835109859705,0.9551846385002136,0.014111409895122051
ZJ016696,0.19487157464027405,0.19463910162448883,0.3901885449886322,0.025887396186590195,0.0635615661740303,0.014053935185074806,0.08438050746917725,0.032417356967926025
ZJ016697,0.00839330069720745,0.9313873052597046,0.0055237095803022385,0.013108761981129646,0.011242135427892208,0.012638823129236698,0.009823638014495373,0.007882351987063885
ZJ016698,0.7033167481422424,0.013544239103794098,0.004734063986688852,0.013150417245924473,0.22942565381526947,0.015965091064572334,0.01087079755961895,0.008993031457066536
ZJ016699,0.32389357686042786,0.11562152206897736,0.0905417799949646,0.07565733790397644,0.11630710959434509,0.03120565041899681,0.0665256604552269,0.18024735152721405
ZJ016700,0.0078705670312047,0.009052536450326443,0.0038635721430182457,0.006768050137907267,0.010028657503426075,0.941197395324707,0.011945846490561962,0.009273320436477661
ZJ016701,0.021363364532589912,0.7769351601600647,0.006987010594457388,0.016228752210736275,0.022839494049549103,0.026735305786132812,0.07495054602622986,0.053960468620061874
ZJ016702,0.02088252082467079,0.0030423258431255817,0.0022695879451930523,0.007210636977106333,0.005543592385947704,0.005439909175038338,0.9464177489280701,0.00919362809509039
ZJ016703,0.011572440154850483,0.8824745416641235,0.006251179613173008,0.013540226966142654,0.012027490884065628,0.012400689534842968,0.04156409204006195,0.020169401541352272
ZJ016704,0.023744698613882065,0.01761951670050621,0.0024617367889732122,0.021960873156785965,0.013867860659956932,0.8788411021232605,0.02374432422220707,0.017759788781404495
ZJ016705,0.06224444508552551,0.07095054537057877,0.021662285551428795,0.06024404987692833,0.06498000770807266,0.02500378154218197,0.4139487147331238,0.2809661030769348
ZJ016706,0.04911491647362709,0.009780253283679485,0.003761588828638196,0.06251546740531921,0.03221430256962776,0.02012316882610321,0.087546706199646,0.734943687915802
ZJ016707,0.011765635572373867,0.1733989417552948,0.0041092862375080585,0.017556561157107353,0.01658450998365879,0.016874369233846664,0.5678212642669678,0.1918894350528717
ZJ016708,0.07431668788194656,0.08685608953237534,0.4768289625644684,0.06039900332689285,0.08058810234069824,0.03937281668186188,0.025486383587121964,0.15615184605121613
ZJ016709,0.4361661970615387,0.13118861615657806,0.19977480173110962,0.028905080631375313,0.10366714745759964,0.016405800357460976,0.05612046644091606,0.02777187153697014
ZJ016710,0.041997238993644714,0.3480975031852722,0.007343906909227371,0.08538921922445297,0.09390416741371155,0.05956363305449486,0.21403203904628754,0.149672269821167
ZJ016711,0.01408411469310522,0.01690094918012619,0.0049073160625994205,0.009441534988582134,0.017539380118250847,0.9140870571136475,0.010823936201632023,0.012215625494718552
ZJ016712,0.33576691150665283,0.08132823556661606,0.36460617184638977,0.020446525886654854,0.12681925296783447,0.013491963036358356,0.03474679961800575,0.022794166579842567
ZJ016713,0.16831934452056885,0.16582706570625305,0.37231355905532837,0.027996649965643883,0.1174350455403328,0.024525707587599754,0.04566443711519241,0.07791819423437119
ZJ016714,0.02183716371655464,0.01737271063029766,0.005982893519103527,0.14819228649139404,0.020511042326688766,0.6820518374443054,0.04042034596204758,0.06363170593976974
ZJ016715,0.24763676524162292,0.023863043636083603,0.012357332743704319,0.049671173095703125,0.5882799029350281,0.028639312833547592,0.020106125622987747,0.029446404427289963
ZJ016716,0.3447801172733307,0.1098058894276619,0.32096171379089355,0.028158199042081833,0.04596502333879471,0.024761902168393135,0.09441341459751129,0.03115384466946125
ZJ016717,0.008392575196921825,0.004185470752418041,0.004266608972102404,0.011154018342494965,0.00905582495033741,0.007469905540347099,0.8998682498931885,0.055607207119464874
ZJ016718,0.015185385942459106,0.014764630235731602,0.005613395012915134,0.011536809615790844,0.018758650869131088,0.9034966826438904,0.012574668042361736,0.018069690093398094
ZJ016719,0.23353756964206696,0.09864319860935211,0.5083162784576416,0.01605510711669922,0.07358948886394501,0.006634247489273548,0.03975452482700348,0.0234695877879858
ZJ016720,0.21231324970722198,0.1877671480178833,0.12236826866865158,0.06946104764938354,0.10814245045185089,0.03661062568426132,0.12497518211603165,0.13836197555065155
ZJ016721,0.014763576909899712,0.018295716494321823,0.004982491489499807,0.014940526336431503,0.010933710262179375,0.906624436378479,0.015675682574510574,0.013783890753984451
ZJ016722,0.01084117777645588,0.014740646816790104,0.002346864202991128,0.011654123663902283,0.025618817657232285,0.9074952006340027,0.012214070186018944,0.015089075081050396
ZJ016723,0.14000771939754486,0.04128261283040047,0.05944064259529114,0.23516343533992767,0.052216362208127975,0.03512171655893326,0.08409814536571503,0.3526694178581238
ZJ016724,0.3312297463417053,0.11904086172580719,0.3684581220149994,0.01652725599706173,0.061850886791944504,0.016730207949876785,0.060605451464653015,0.025557469576597214
ZJ016725,0.017316486686468124,0.013582116924226284,0.0020247234497219324,0.017967432737350464,0.010388337075710297,0.9079358577728271,0.017212985083460808,0.013572114519774914
ZJ016726,0.04394063353538513,0.26672860980033875,0.006340148393064737,0.02828938327729702,0.025889866054058075,0.020331690087914467,0.22573252022266388,0.3827471435070038
ZJ016727,0.08876477181911469,0.09017672389745712,0.13021913170814514,0.029035549610853195,0.11993200331926346,0.12335461378097534,0.32536768913269043,0.09314946830272675
ZJ016728,0.013057784177362919,0.009774904698133469,0.0025071969721466303,0.013534191064536572,0.012485683895647526,0.010778688825666904,0.013128307648003101,0.9247331619262695
ZJ016729,0.26007118821144104,0.1300811469554901,0.4123361110687256,0.019231492653489113,0.0659705176949501,0.013458380475640297,0.07174529135227203,0.027105841785669327
ZJ016730,0.1889442801475525,0.0970081314444542,0.43631431460380554,0.057033833116292953,0.10533837974071503,0.026236606761813164,0.021973812952637672,0.06715063750743866
ZJ016731,0.1559087038040161,0.06979293376207352,0.07008981704711914,0.13054165244102478,0.08273812383413315,0.03125472739338875,0.08270981907844543,0.3769642412662506
ZJ016732,0.32841262221336365,0.14626631140708923,0.3247947692871094,0.024490009993314743,0.08954659849405289,0.016849758103489876,0.049053989350795746,0.020585956051945686
ZJ016733,0.01671428233385086,0.9046884775161743,0.0017146574100479484,0.012271178886294365,0.0088843684643507,0.009207273833453655,0.029292896389961243,0.017226895317435265
ZJ016734,0.24197986721992493,0.014804473146796227,0.004836724139750004,0.043085359036922455,0.06302475184202194,0.01955288089811802,0.5403083562850952,0.0724075585603714
ZJ016735,0.011283062398433685,0.004028822295367718,0.001301134005188942,0.005780424457043409,0.004907944239675999,0.004626736976206303,0.9616756439208984,0.006396201904863119
ZJ016736,0.5708768963813782,0.22679302096366882,0.0037850236985832453,0.04199284315109253,0.08560112118721008,0.0265192873775959,0.02506726235151291,0.019364498555660248
ZJ016737,0.08905617892742157,0.11218223720788956,0.03672446683049202,0.06967777013778687,0.09199509024620056,0.027648840099573135,0.397783488035202,0.17493191361427307
ZJ016738,0.01408411469310522,0.01690094918012619,0.0049073160625994205,0.009441534988582134,0.017539380118250847,0.9140870571136475,0.010823936201632023,0.012215625494718552
ZJ016739,0.012832625769078732,0.02022169530391693,0.0018029141938313842,0.008856081403791904,0.008629732765257359,0.01602892205119133,0.9127428531646729,0.01888515055179596
ZJ016740,0.08527076244354248,0.10684262216091156,0.20987145602703094,0.07968346029520035,0.13811130821704865,0.02490340918302536,0.08299069106578827,0.2723262906074524
ZJ016741,0.4394148588180542,0.0748630166053772,0.022807946428656578,0.06107809394598007,0.07177428901195526,0.04026096314191818,0.15968352556228638,0.13011731207370758
ZJ016742,0.23504485189914703,0.17398984730243683,0.0770428329706192,0.06571600586175919,0.10829363763332367,0.036781586706638336,0.15451858937740326,0.14861270785331726
ZJ016743,0.04973285645246506,0.11102312803268433,0.002781316637992859,0.07315907627344131,0.025787247344851494,0.029924023896455765,0.6099821925163269,0.0976102203130722
ZJ016744,0.8799116015434265,0.018478786572813988,0.003069493221119046,0.043048884719610214,0.023081595078110695,0.008367976173758507,0.007952728308737278,0.016088886186480522
ZJ016745,0.07452144473791122,0.11108569800853729,0.018341584131121635,0.047764360904693604,0.03347630426287651,0.021137068048119545,0.053278278559446335,0.6403952240943909
ZJ016746,0.9541852474212646,0.00825286004692316,0.002244408242404461,0.00718468613922596,0.012695943005383015,0.0057404739782214165,0.004544066730886698,0.005152295343577862
ZJ016747,0.006492760498076677,0.00457038264721632,0.001895823166705668,0.005545616149902344,0.004077134653925896,0.004283128306269646,0.9658740162849426,0.00726123945787549
ZJ016748,0.16506311297416687,0.3993920087814331,0.044225554913282394,0.024299919605255127,0.07764260470867157,0.017709970474243164,0.1718597114086151,0.09980712085962296
ZJ016749,0.03491190820932388,0.06019346043467522,0.009907598607242107,0.06649693101644516,0.04391815513372421,0.024583403021097183,0.4199106991291046,0.3400779068470001
ZJ016750,0.1301235407590866,0.5385797619819641,0.04486648738384247,0.02495262213051319,0.05716312676668167,0.04233509674668312,0.06255529075860977,0.09942406415939331
ZJ016751,0.008021743968129158,0.9361222386360168,0.003789059352129698,0.009511645883321762,0.008145473897457123,0.00943039171397686,0.01470165140926838,0.010277830064296722
ZJ016752,0.008546344004571438,0.9356445074081421,0.004993152804672718,0.010443554259836674,0.011770620942115784,0.013073884882032871,0.005944321397691965,0.009583566337823868
ZJ016753,0.013193069025874138,0.9318609833717346,0.0027069656644016504,0.012354356236755848,0.007800303865224123,0.010897929780185223,0.009020776487886906,0.01216560322791338
ZJ016754,0.2250843197107315,0.027448147535324097,0.002378294477239251,0.4273647367954254,0.031822435557842255,0.026154642924666405,0.02756684459745884,0.23218059539794922
ZJ016755,0.017628785222768784,0.00377481197938323,0.0025208243168890476,0.007751483004540205,0.006752711720764637,0.010431819595396519,0.9331926703453064,0.017946874722838402
ZJ016756,0.20621182024478912,0.17180542647838593,0.3801409900188446,0.01920660212635994,0.09611443430185318,0.022092586383223534,0.07126649469137192,0.03316160663962364
ZJ016757,0.007881970144808292,0.9390268921852112,0.005209204275161028,0.011121721006929874,0.011483574286103249,0.011880043894052505,0.005560401827096939,0.007836178876459599
ZJ016758,0.010887161828577518,0.0034011751413345337,0.0012826112797483802,0.007378957699984312,0.005605296231806278,0.005982310976833105,0.960839033126831,0.004623521119356155
ZJ016759,0.1295323222875595,0.07020412385463715,0.1291658878326416,0.10358525812625885,0.09660495817661285,0.03603202849626541,0.10487651079893112,0.3299989104270935
ZJ016760,0.030885228887200356,0.6535669565200806,0.0038169040344655514,0.030506599694490433,0.026068860664963722,0.021941015496850014,0.14354833960533142,0.08966606110334396
ZJ016761,0.27762505412101746,0.09007315337657928,0.4935123324394226,0.014548641629517078,0.04341401904821396,0.007653424050658941,0.016957612708210945,0.05621572211384773
ZJ016762,0.25385478138923645,0.09695744514465332,0.38964909315109253,0.06515880674123764,0.06596982479095459,0.025058181956410408,0.021554382517933846,0.08179750293493271
ZJ016763,0.10094068199396133,0.13331973552703857,0.14606094360351562,0.024166801944375038,0.12502874433994293,0.1337021142244339,0.22534434497356415,0.111436627805233
ZJ016764,0.13445980846881866,0.08641855418682098,0.5383382439613342,0.0268783587962389,0.09545044600963593,0.021698787808418274,0.03955869749188423,0.05719711259007454
ZJ016765,0.18201611936092377,0.1235884353518486,0.484113484621048,0.02755448780953884,0.0861591100692749,0.02282547764480114,0.033661630004644394,0.04008124768733978
ZJ016766,0.2456628382205963,0.13058124482631683,0.3798196315765381,0.01720190979540348,0.0893220603466034,0.01992812007665634,0.09098882973194122,0.026495445519685745
ZJ016767,0.2881995439529419,0.10389893501996994,0.46351197361946106,0.017112772911787033,0.0628073588013649,0.00998669769614935,0.03303244337439537,0.02145032398402691
ZJ016768,0.1262904703617096,0.08316779136657715,0.3762442171573639,0.0537371002137661,0.08024926483631134,0.008635090664029121,0.1450098156929016,0.12666621804237366
ZJ016769,0.19433081150054932,0.13102367520332336,0.4746191203594208,0.026759162545204163,0.08104726672172546,0.018144315108656883,0.04406368359923363,0.030012058094143867
ZJ016770,0.22964970767498016,0.18038779497146606,0.1764070838689804,0.054353807121515274,0.11871709674596786,0.026316029950976372,0.12447681277990341,0.08969177305698395
ZJ016771,0.2369401454925537,0.13522940874099731,0.3117615878582001,0.06690990924835205,0.08592873066663742,0.030647465959191322,0.022893456742167473,0.10968926548957825
ZJ016772,0.010181878693401814,0.007937273941934109,0.008133265189826488,0.005477006547152996,0.00560369249433279,0.9439163208007812,0.006589129567146301,0.012161413207650185
ZJ016773,0.9607205390930176,0.006607700139284134,0.0016791598172858357,0.00621125940233469,0.006795213557779789,0.0054790969006717205,0.0066896784119307995,0.0058173914439976215
ZJ016774,0.21511529386043549,0.15398302674293518,0.45035991072654724,0.015416237525641918,0.060687679797410965,0.018101682886481285,0.06329045444726944,0.023045716807246208
ZJ016775,0.09122366458177567,0.4063265025615692,0.041068390011787415,0.0246716495603323,0.048760175704956055,0.020454920828342438,0.19664083421230316,0.1708538830280304
ZJ016776,0.009505458176136017,0.013482538051903248,0.003869258798658848,0.10452406108379364,0.01366368681192398,0.007812902331352234,0.028216464444994926,0.818925678730011
ZJ016777,0.004783660639077425,0.0028731487691402435,0.0029058263171464205,0.006684307940304279,0.004041560459882021,0.004870377480983734,0.9685686230659485,0.005272523500025272
ZJ016778,0.07611505687236786,0.09502778202295303,0.6151360273361206,0.057655733078718185,0.05165053531527519,0.010472220368683338,0.03302328288555145,0.060919392853975296
ZJ016779,0.010775436647236347,0.9317139983177185,0.004963900428265333,0.010496022179722786,0.00981600396335125,0.015667816624045372,0.008191775530576706,0.008375092409551144
ZJ016780,0.00489319022744894,0.0035212745424360037,0.0023247050121426582,0.005873648449778557,0.00324763054959476,0.005195128731429577,0.9696864485740662,0.005257953889667988
ZJ016781,0.2578633725643158,0.1457139402627945,0.27147993445396423,0.029315514490008354,0.10828550904989243,0.021211372688412666,0.10628555715084076,0.05984476953744888
ZJ016782,0.23750503361225128,0.03167486563324928,0.0027981651946902275,0.3103991150856018,0.017956938594579697,0.021384548395872116,0.023170555010437965,0.3551107943058014
ZJ016783,0.08952885866165161,0.11783667653799057,0.6005489826202393,0.021362949162721634,0.06215926259756088,0.006826822180300951,0.07258547097444534,0.029150953516364098
ZJ016784,0.09558407217264175,0.11379250138998032,0.07493240386247635,0.05776577070355415,0.13458804786205292,0.052137140184640884,0.1351165920495987,0.33608344197273254
ZJ016785,0.01706739328801632,0.023053333163261414,0.007556696888059378,0.025325825437903404,0.028103450313210487,0.02679167315363884,0.7635986804962158,0.10850290209054947
ZJ016786,0.18334253132343292,0.08154717087745667,0.37022513151168823,0.05072460696101189,0.03809380903840065,0.013481926172971725,0.033771201968193054,0.22881363332271576
ZJ016787,0.632845938205719,0.04160555079579353,0.005240761209279299,0.037295956164598465,0.05254465714097023,0.0847749263048172,0.09799708425998688,0.0476950965821743
ZJ016788,0.3436231017112732,0.050768230110406876,0.011709150858223438,0.06337952613830566,0.07466527074575424,0.06330302357673645,0.32525360584259033,0.06729812920093536
ZJ016789,0.03368483856320381,0.8210284113883972,0.005934201180934906,0.01138527411967516,0.028867041692137718,0.02469492144882679,0.060381125658750534,0.014024275355041027
ZJ016790,0.5697929859161377,0.01909448392689228,0.040092598646879196,0.05129280313849449,0.050344835966825485,0.008507996797561646,0.2203085869550705,0.04056569188833237
ZJ016791,0.05306197330355644,0.29578283429145813,0.012024071998894215,0.04312397912144661,0.03371628001332283,0.023905688896775246,0.25846314430236816,0.2799219787120819
ZJ016792,0.22827495634555817,0.13530035316944122,0.40299391746520996,0.018460148945450783,0.08485676348209381,0.02418515831232071,0.07875549048185349,0.027173180133104324
ZJ016793,0.22214753925800323,0.1277988851070404,0.37243711948394775,0.02030460722744465,0.126692533493042,0.019595075398683548,0.05922994390130043,0.05179429054260254
ZJ016794,0.9547805190086365,0.006184104364365339,0.0023324668873101473,0.008909009397029877,0.008676085621118546,0.005343068391084671,0.007813478820025921,0.005961337126791477
ZJ016795,0.01592164672911167,0.01760144717991352,0.006708120461553335,0.02965625561773777,0.018395304679870605,0.009867452085018158,0.010307381860911846,0.8915423154830933
ZJ016796,0.0035613016225397587,0.002590687945485115,0.0021444575395435095,0.008121076039969921,0.004033101722598076,0.0038352608680725098,0.9683220982551575,0.007391925901174545
ZJ016797,0.20990803837776184,0.014742876403033733,0.001149608287960291,0.017641322687268257,0.018060892820358276,0.010580497793853283,0.7031072378158569,0.024809455499053
ZJ016798,0.7369034290313721,0.045141492038965225,0.010794737376272678,0.03131253272294998,0.04099920764565468,0.06836865842342377,0.033312734216451645,0.033167243003845215
ZJ016799,0.004552502650767565,0.9344809055328369,0.0021862671710550785,0.014076082035899162,0.009461749345064163,0.010932983830571175,0.01393949519842863,0.01036996953189373
ZJ016800,0.0803239569067955,0.559539794921875,0.011793684214353561,0.021808769553899765,0.03261550888419151,0.019324561581015587,0.030452223494648933,0.24414151906967163
ZJ016801,0.9446693658828735,0.004593319725245237,0.0014810310676693916,0.00927065871655941,0.007521600462496281,0.009157166816294193,0.01036767940968275,0.012939229607582092
ZJ016802,0.02167566306889057,0.018925072625279427,0.002333202166482806,0.01634393446147442,0.015321491286158562,0.8761671185493469,0.030144745483994484,0.019088802859187126
ZJ016803,0.07831336557865143,0.6956940293312073,0.02079593762755394,0.02108151651918888,0.04726970195770264,0.04126250743865967,0.06366343051195145,0.031919531524181366
ZJ016804,0.12041157484054565,0.05167052522301674,0.123748779296875,0.12756891548633575,0.10230712592601776,0.042810820043087006,0.08973188698291779,0.3417504131793976
ZJ016805,0.00794237945228815,0.006364855449646711,0.0023204756435006857,0.9543652534484863,0.004304069560021162,0.008699183352291584,0.0069900634698569775,0.009013762697577477
ZJ016806,0.04982318729162216,0.012491035275161266,0.00667352182790637,0.013381040655076504,0.8834503293037415,0.008285186253488064,0.008443213067948818,0.017452465370297432
ZJ016807,0.2698821425437927,0.09560941159725189,0.4473561942577362,0.021114477887749672,0.09295778721570969,0.011572226881980896,0.04076005518436432,0.02074766717851162
ZJ016808,0.48343268036842346,0.10062852501869202,0.18576429784297943,0.02035997435450554,0.05500486120581627,0.03654445335268974,0.08999026566743851,0.028274962678551674
ZJ016809,0.01708380877971649,0.023476678878068924,0.006661004852503538,0.0317927785217762,0.019554976373910904,0.01619148440659046,0.028529107570648193,0.8567100763320923
ZJ016810,0.4483863413333893,0.03349250182509422,0.007283797953277826,0.02346804365515709,0.3848295509815216,0.056555911898612976,0.022908419370651245,0.02307542972266674
ZJ016811,0.09004508703947067,0.5475714206695557,0.0203848946839571,0.04780865088105202,0.061013344675302505,0.05189995467662811,0.1361534595489502,0.04512318968772888
ZJ016812,0.018896490335464478,0.013763686642050743,0.0020096460357308388,0.01777517795562744,0.011617271229624748,0.9006432890892029,0.021156394854187965,0.014137987047433853
ZJ016813,0.1400025337934494,0.15651319921016693,0.29277029633522034,0.034264568239450455,0.12063967436552048,0.010731453076004982,0.16869328916072845,0.07638505101203918
ZJ016814,0.4810980260372162,0.03858048468828201,0.12030701339244843,0.08051149547100067,0.054893914610147476,0.02386789210140705,0.03478303551673889,0.16595816612243652
ZJ016815,0.2466716170310974,0.11686083674430847,0.45066171884536743,0.01954817585647106,0.05567396059632301,0.011137115769088268,0.07132192701101303,0.02812465839087963
ZJ016816,0.22069858014583588,0.11393200606107712,0.500578761100769,0.022680897265672684,0.07186689972877502,0.013123107142746449,0.031821779906749725,0.0252979788929224
ZJ016817,0.004894413519650698,0.004667031578719616,0.003917887806892395,0.011124562472105026,0.006290058139711618,0.006341145373880863,0.9518406987190247,0.010924309492111206
ZJ016818,0.15922428667545319,0.056075334548950195,0.661295473575592,0.01915973797440529,0.04532808065414429,0.007771622855216265,0.020898256450891495,0.030247166752815247
ZJ016819,0.18167565762996674,0.19683974981307983,0.01957748830318451,0.08530395478010178,0.10525204241275787,0.048812385648489,0.13328386843204498,0.229254812002182
ZJ016820,0.08517641574144363,0.05458029359579086,0.0167675968259573,0.06735625118017197,0.10635886341333389,0.5686303377151489,0.05889890342950821,0.042231373488903046
ZJ016821,0.06388307362794876,0.023925326764583588,0.004591180477291346,0.03105917200446129,0.741759181022644,0.014307544566690922,0.019011057913303375,0.10146355628967285
ZJ016822,0.9616725444793701,0.005227481015026569,0.001517001073807478,0.005705776158720255,0.007342137861996889,0.004822509363293648,0.005802246741950512,0.007910358719527721
ZJ016823,0.009424631483852863,0.815946638584137,0.005157287698239088,0.009813014417886734,0.008623503148555756,0.01726052351295948,0.12113115191459656,0.012643251568078995
ZJ016824,0.762985348701477,0.014671538025140762,0.03914021700620651,0.06896611303091049,0.027301479130983353,0.015422879718244076,0.025672927498817444,0.04583952948451042
ZJ016825,0.2783903181552887,0.01828024908900261,0.0152962701395154,0.3186230957508087,0.07270602136850357,0.03336700424551964,0.13152287900447845,0.1318141371011734
ZJ016826,0.9579741358757019,0.00758715532720089,0.002276418963447213,0.007423455361276865,0.007057799957692623,0.005434580147266388,0.00630289176478982,0.005943555384874344
ZJ016827,0.19622668623924255,0.15808387100696564,0.4181694984436035,0.02616880275309086,0.09202951937913895,0.016532212495803833,0.0710994154214859,0.021689996123313904
ZJ016828,0.06628984957933426,0.04373966157436371,0.03381211683154106,0.0651969239115715,0.06695354729890823,0.05397321656346321,0.041785385459661484,0.6282493472099304
ZJ016829,0.2859206199645996,0.015703437849879265,0.0050161611288785934,0.01619047299027443,0.6143084168434143,0.01133513730019331,0.009514403529465199,0.04201134666800499
ZJ016830,0.062134016305208206,0.04993598163127899,0.7645505666732788,0.025500735267996788,0.030894875526428223,0.011969354934990406,0.02719040773808956,0.02782406471669674
ZJ016831,0.012166652828454971,0.011390894651412964,0.005333290435373783,0.008220490999519825,0.014503547921776772,0.9236726760864258,0.014458932913839817,0.010253476910293102
ZJ016832,0.3911575376987457,0.03603082150220871,0.012211503461003304,0.04832277074456215,0.16184714436531067,0.07242558151483536,0.19033505022525787,0.08766952157020569
ZJ016833,0.9664292931556702,0.005181078799068928,0.00155858532525599,0.00616524089127779,0.004807978868484497,0.004402602557092905,0.004946451634168625,0.0065088095143437386
ZJ016834,0.11864607036113739,0.13824601471424103,0.1286390721797943,0.06293346732854843,0.10928124934434891,0.0301962997764349,0.20720204710960388,0.20485572516918182
ZJ016835,0.2312992960214615,0.22630620002746582,0.3706611692905426,0.018863288685679436,0.04850225895643234,0.021787729114294052,0.047744810581207275,0.03483526036143303
ZJ016836,0.9037169218063354,0.011674216948449612,0.002577753970399499,0.01405492052435875,0.01020133774727583,0.007291686721146107,0.010209153406322002,0.04027407243847847
ZJ016837,0.16252458095550537,0.05533092841506004,0.6701709032058716,0.013711268082261086,0.042319945991039276,0.005193001125007868,0.030788319185376167,0.019961129873991013
ZJ016838,0.13488908112049103,0.2759377956390381,0.10987812280654907,0.04016941040754318,0.11784536391496658,0.05302813649177551,0.18986381590366364,0.0783882737159729
ZJ016839,0.35588809847831726,0.12422465533018112,0.305205762386322,0.028011219576001167,0.05230624973773956,0.019634701311588287,0.07760525494813919,0.037124041467905045
ZJ016840,0.8875351548194885,0.011926200240850449,0.002508321078494191,0.01814144104719162,0.029991764575242996,0.010281968861818314,0.03020939975976944,0.009405715391039848
ZJ016841,0.9615477323532104,0.006041137035936117,0.0023650415241718292,0.008015206083655357,0.004201143514364958,0.005086899735033512,0.005889656953513622,0.006853124592453241
ZJ016842,0.22517766058444977,0.10686473548412323,0.5115641355514526,0.018941860646009445,0.07369724661111832,0.010584929026663303,0.028193676844239235,0.02497568167746067
ZJ016843,0.11029352247714996,0.039393842220306396,0.6540005207061768,0.057065486907958984,0.04193229228258133,0.015990959480404854,0.01755198836326599,0.06377138942480087
ZJ016844,0.24066391587257385,0.24414165318012238,0.32881900668144226,0.019534513354301453,0.06908337026834488,0.023728685453534126,0.047001663595438004,0.0270271934568882
ZJ016845,0.11304450780153275,0.04464879259467125,0.5925230383872986,0.05535383149981499,0.05023285374045372,0.03733332082629204,0.016329100355505943,0.09053456783294678
ZJ016846,0.11386154592037201,0.09758602827787399,0.5143283605575562,0.02689306251704693,0.09395644068717957,0.028918584808707237,0.06509684026241302,0.05935912951827049
ZJ016847,0.7871799468994141,0.007646387908607721,0.001812258269637823,0.016184497624635696,0.012417457066476345,0.021490758284926414,0.13933712244033813,0.01393160317093134
ZJ016848,0.16997092962265015,0.10898979753255844,0.5884199142456055,0.01069770660251379,0.0622364766895771,0.007425121031701565,0.02192547731101513,0.030334608629345894
ZJ016849,0.006144472863525152,0.007487695664167404,0.002475910820066929,0.9576342701911926,0.005069223698228598,0.006077363155782223,0.00744357705116272,0.00766743253916502
ZJ016850,0.00549986120313406,0.006961300037801266,0.0023754870053380728,0.9544652700424194,0.004121736157685518,0.0048005725257098675,0.00974258966743946,0.012033199891448021
ZJ016851,0.16115336120128632,0.05984700471162796,0.523517906665802,0.032769445329904556,0.05709284171462059,0.04892944544553757,0.03724304586648941,0.07944700121879578
ZJ016852,0.10483776777982712,0.0481347031891346,0.6922909617424011,0.024560440331697464,0.05052557215094566,0.013087153434753418,0.018317075446248055,0.04824633151292801
ZJ016853,0.02100115455687046,0.01842997595667839,0.007328169886022806,0.012767349369823933,0.030667124316096306,0.8682153224945068,0.023390980437397957,0.018199820071458817
ZJ016854,0.2088458240032196,0.08684160560369492,0.5402439832687378,0.017992429435253143,0.07257671654224396,0.013591383583843708,0.03592640161514282,0.023981641978025436
ZJ016855,0.2106509953737259,0.15498657524585724,0.37486594915390015,0.019083760678768158,0.12087774276733398,0.022109689190983772,0.07138693332672119,0.02603834681212902
ZJ016856,0.26441672444343567,0.18825867772102356,0.3719291090965271,0.025039687752723694,0.06646008044481277,0.01574498414993286,0.032542694360017776,0.03560803830623627
ZJ016857,0.15002036094665527,0.05005230754613876,0.38136881589889526,0.11338666826486588,0.03240764141082764,0.01009349338710308,0.0465824231505394,0.21608828008174896
ZJ016858,0.1644717901945114,0.1321990191936493,0.09828357398509979,0.027774028480052948,0.07444576919078827,0.031146252527832985,0.31859302520751953,0.15308652818202972
ZJ016859,0.04107926785945892,0.01532221119850874,0.003656580811366439,0.018569698557257652,0.014759981073439121,0.01376723125576973,0.021264564245939255,0.8715804815292358
ZJ016860,0.007689362391829491,0.0077000209130346775,0.004366721026599407,0.005554480012506247,0.00827498733997345,0.9499927759170532,0.007091842591762543,0.009329780004918575
ZJ016861,0.5681523680686951,0.02328404411673546,0.012732765637338161,0.05822901800274849,0.04026450961828232,0.017972813919186592,0.04237024858593941,0.23699426651000977
ZJ016862,0.5254413485527039,0.13758644461631775,0.006830673199146986,0.024323901161551476,0.055103849619627,0.022155988961458206,0.17551493644714355,0.05304287374019623
ZJ016863,0.06071332097053528,0.7507134675979614,0.010878778994083405,0.018378566950559616,0.02610008977353573,0.014493019320070744,0.033065516501665115,0.08565723896026611
ZJ016864,0.1978604942560196,0.31081995368003845,0.32108670473098755,0.031153038144111633,0.0533418171107769,0.012133298441767693,0.047175295650959015,0.026429371908307076
ZJ016865,0.014457479119300842,0.0038332552649080753,0.0013414619024842978,0.012641523964703083,0.006763429380953312,0.004684631247073412,0.9430863857269287,0.01319182850420475
ZJ016866,0.011547649279236794,0.6885585784912109,0.0041100140661001205,0.09118153899908066,0.031236432492733,0.0354112945497036,0.034838587045669556,0.10311593115329742
ZJ016867,0.2538894712924957,0.15683118999004364,0.3630731403827667,0.023336170241236687,0.08018191903829575,0.02225825935602188,0.06959966570138931,0.03083021566271782
ZJ016868,0.29957833886146545,0.1566973477602005,0.39128679037094116,0.014899506233632565,0.053135961294174194,0.01244814321398735,0.04813353717327118,0.023820271715521812
ZJ016869,0.17199160158634186,0.11832626909017563,0.47377264499664307,0.015290631912648678,0.0789804458618164,0.015541652217507362,0.10360027849674225,0.022496430203318596
ZJ016870,0.01093698013573885,0.9045366644859314,0.005231520161032677,0.010563412681221962,0.009640167467296124,0.02210812270641327,0.017825433984398842,0.01915779896080494
ZJ016871,0.03635649383068085,0.9003655910491943,0.0023965947329998016,0.019788645207881927,0.00965836551040411,0.013329078443348408,0.0059232828207314014,0.012181876227259636
ZJ016872,0.09465041756629944,0.06707855314016342,0.03825325518846512,0.05686504393815994,0.1201184093952179,0.0975819006562233,0.22344696521759033,0.3020053803920746
ZJ016873,0.4122048318386078,0.04845000430941582,0.00788561999797821,0.03610227629542351,0.16505414247512817,0.02205401472747326,0.2659841477870941,0.042265042662620544
ZJ016874,0.5879628658294678,0.05114264786243439,0.015310467220842838,0.014416311867535114,0.1038036122918129,0.018232930451631546,0.1786942481994629,0.030436895787715912
ZJ016875,0.27517056465148926,0.10393965244293213,0.42831388115882874,0.02177352085709572,0.04457135498523712,0.009452530182898045,0.07981500774621964,0.03696351498365402
ZJ016876,0.22167426347732544,0.14772926270961761,0.3910583257675171,0.017530689015984535,0.056602947413921356,0.015087910927832127,0.12088798731565475,0.029428670182824135
ZJ016877,0.9655997157096863,0.006648562382906675,0.0017621817532926798,0.005796178709715605,0.005614142399281263,0.004183960612863302,0.005140318535268307,0.005254911258816719
ZJ016878,0.3759517967700958,0.049819570034742355,0.3379541039466858,0.07652491331100464,0.04587901383638382,0.0374392531812191,0.024706650525331497,0.051724623888731
ZJ016879,0.260743111371994,0.17329354584217072,0.24852880835533142,0.03632098063826561,0.08903855085372925,0.015711039304733276,0.04134182631969452,0.1350221037864685
ZJ016880,0.3353620171546936,0.036589812487363815,0.0060366555117070675,0.0481247678399086,0.3477838337421417,0.0789254829287529,0.11251101642847061,0.03466636314988136
ZJ016881,0.007218444719910622,0.9292661547660828,0.0042016529478132725,0.019360564649105072,0.007199266459792852,0.012864863499999046,0.006500944960862398,0.013388203456997871
ZJ016882,0.009747922420501709,0.8751741647720337,0.004910663235932589,0.012240796349942684,0.018388966098427773,0.013570527546107769,0.04869275540113449,0.017274310812354088
ZJ016883,0.03595433756709099,0.5938767790794373,0.006194918416440487,0.018240656703710556,0.02347182109951973,0.017294934019446373,0.17503595352172852,0.12993060052394867
ZJ016884,0.07320908457040787,0.027300341054797173,0.004305084701627493,0.029106225818395615,0.04284988343715668,0.01989695429801941,0.4624495506286621,0.34088292717933655
ZJ016885,0.04686276242136955,0.040544603019952774,0.002762874588370323,0.05652189254760742,0.025705615058541298,0.047416672110557556,0.6202150583267212,0.1599704772233963
ZJ016886,0.9631642699241638,0.00483707943931222,0.0014398517087101936,0.006289799232035875,0.004504901822656393,0.005992705933749676,0.00836393516510725,0.005407480522990227
ZJ016887,0.049863506108522415,0.048887304961681366,0.014512975700199604,0.14137262105941772,0.08109595626592636,0.4951745271682739,0.09906617552042007,0.0700269415974617
ZJ016888,0.11277351528406143,0.05384330824017525,0.39156419038772583,0.057691819965839386,0.1273108273744583,0.036863189190626144,0.0809241458773613,0.13902904093265533
ZJ016889,0.006618427112698555,0.923279345035553,0.0037544784136116505,0.011186099611222744,0.011433855630457401,0.009424223564565182,0.02207593061029911,0.012227563187479973
ZJ016890,0.305825412273407,0.04733167961239815,0.3816010653972626,0.07679235190153122,0.05510235205292702,0.034311603754758835,0.030414026230573654,0.06862155348062515
ZJ016891,0.2014329433441162,0.10938666760921478,0.533185601234436,0.016547156497836113,0.0625714510679245,0.016176395118236542,0.033683840185403824,0.02701600268483162
ZJ016892,0.41550108790397644,0.0996665209531784,0.31488272547721863,0.023560233414173126,0.07104825973510742,0.015589974820613861,0.028681477531790733,0.031069742515683174
ZJ016893,0.9505643844604492,0.008223836310207844,0.0016013445565477014,0.00830466765910387,0.007480076514184475,0.0071643744595348835,0.0051042973063886166,0.01155709195882082
ZJ016894,0.163099005818367,0.1128833070397377,0.054304078221321106,0.04529336839914322,0.07221841812133789,0.3265906274318695,0.05418260768055916,0.1714285910129547
ZJ016895,0.5212162733078003,0.05255572497844696,0.013008498586714268,0.041950687766075134,0.05503733828663826,0.22015094757080078,0.06076325848698616,0.03531728684902191
ZJ016896,0.6207534074783325,0.20760972797870636,0.0025600434746593237,0.024223703891038895,0.03562259301543236,0.03750132396817207,0.04821435362100601,0.023514876142144203
ZJ016897,0.0050537316128611565,0.014048597775399685,0.002364747691899538,0.007587334606796503,0.0061619216576218605,0.007922619581222534,0.9377381801605225,0.01912296563386917
ZJ016898,0.536253035068512,0.03352303057909012,0.022372500970959663,0.11999265104532242,0.14967040717601776,0.03929544612765312,0.01512250117957592,0.08377041667699814
ZJ016899,0.3174888491630554,0.16776281595230103,0.04027484729886055,0.016447653993964195,0.06147243082523346,0.055220138281583786,0.2744036614894867,0.06692953407764435
ZJ016900,0.12410411983728409,0.06276879459619522,0.48086294531822205,0.0956042930483818,0.06243719533085823,0.03171702101826668,0.03639597445726395,0.10610968619585037
ZJ016901,0.013349050655961037,0.013545981608331203,0.004704050719738007,0.008231298997998238,0.012991943396627903,0.9244307279586792,0.012053331360220909,0.010693589225411415
ZJ016902,0.9599205255508423,0.006739381235092878,0.0021888562478125095,0.0066351876594126225,0.010167610831558704,0.004412146285176277,0.0046365405432879925,0.005299781449139118
ZJ016903,0.8938726782798767,0.02335551753640175,0.017438070848584175,0.006128124427050352,0.019247421994805336,0.008203333243727684,0.023984555155038834,0.007770274765789509
ZJ016904,0.17742548882961273,0.016085682436823845,0.002075483789667487,0.5067218542098999,0.020674919709563255,0.026740804314613342,0.13776682317256927,0.11250894516706467
ZJ016905,0.12042815238237381,0.09092731773853302,0.5166348814964294,0.04703056439757347,0.1015942171216011,0.04596979171037674,0.024577997624874115,0.05283702537417412
ZJ016906,0.3574730157852173,0.09810914099216461,0.3865344524383545,0.016729505732655525,0.06168241798877716,0.008296242915093899,0.039038024842739105,0.03213724121451378
ZJ016907,0.9462056756019592,0.006969899870455265,0.0021276178304105997,0.006736543960869312,0.01886872760951519,0.005080754403024912,0.008734050206840038,0.005276758689433336
ZJ016908,0.0035251714289188385,0.0035310848616063595,0.0030771733727306128,0.008357479237020016,0.003872644156217575,0.004104022867977619,0.967344343662262,0.006188033614307642
ZJ016909,0.008644613437354565,0.009536853060126305,0.0032336870208382607,0.010065112262964249,0.01052888110280037,0.9367582201957703,0.00981817115098238,0.011414499953389168
ZJ016910,0.9105053544044495,0.006638802587985992,0.0015842434950172901,0.017155304551124573,0.012731023132801056,0.011721329763531685,0.021639754995703697,0.018024103716015816
ZJ016911,0.006473843939602375,0.93929123878479,0.0031976536847651005,0.00987041275948286,0.00781617034226656,0.009869720786809921,0.010082780383527279,0.013398213312029839
ZJ016912,0.24345311522483826,0.17622555792331696,0.3825540244579315,0.01908448524773121,0.06628534197807312,0.015078692696988583,0.07244861125946045,0.02487017586827278
ZJ016913,0.5195615887641907,0.02258542738854885,0.00627158721908927,0.019717661663889885,0.34165051579475403,0.011320170015096664,0.06909242272377014,0.009800574742257595
ZJ016914,0.10194472968578339,0.07462310791015625,0.17193739116191864,0.11395729333162308,0.059282708913087845,0.012411975301802158,0.05726682022213936,0.40857601165771484
ZJ016915,0.01880086585879326,0.02480216510593891,0.003230864414945245,0.01834384724497795,0.03585994988679886,0.8086583614349365,0.05827909708023071,0.032024819403886795
ZJ016916,0.126498281955719,0.03767019137740135,0.7176862359046936,0.02082507312297821,0.04120666906237602,0.010066993534564972,0.014816691167652607,0.031229788437485695
ZJ016917,0.23000597953796387,0.20703037083148956,0.09937405586242676,0.05266019329428673,0.11504083126783371,0.028030946850776672,0.16275830566883087,0.10509932041168213
ZJ016918,0.026693696156144142,0.010561891831457615,0.0023453226312994957,0.011133882217109203,0.010148368775844574,0.007549392059445381,0.006573192775249481,0.9249942302703857
ZJ016919,0.9368354082107544,0.006851086858659983,0.0015442909207195044,0.010010656900703907,0.00871228612959385,0.007088575512170792,0.00783395953476429,0.02112363651394844
ZJ016920,0.01137037854641676,0.009542129002511501,0.004674887750297785,0.006437618285417557,0.008070814423263073,0.9466693997383118,0.006325741298496723,0.006908970419317484
ZJ016921,0.2651555836200714,0.1046651154756546,0.42124319076538086,0.03242349252104759,0.06997916102409363,0.016444982960820198,0.02698536030948162,0.06310306489467621
ZJ016922,0.35678428411483765,0.13101275265216827,0.2967105805873871,0.01700090430676937,0.05898306146264076,0.030566338449716568,0.07624635845422745,0.032695647329092026
ZJ016923,0.35093724727630615,0.014789639972150326,0.007948143407702446,0.023768994957208633,0.529728889465332,0.022687451913952827,0.025599103420972824,0.024540476500988007
ZJ016924,0.10109612345695496,0.12208534777164459,0.5774388909339905,0.025420773774385452,0.05868262052536011,0.0074065569788217545,0.0780477225780487,0.029822006821632385
ZJ016925,0.026569705456495285,0.022462772205471992,0.009162787348031998,0.014696527272462845,0.0364505909383297,0.8410171866416931,0.027847792953252792,0.02179265208542347
ZJ016926,0.5785413384437561,0.0402250736951828,0.024661369621753693,0.062265537679195404,0.19794397056102753,0.03097727708518505,0.0409800261259079,0.024405408650636673
ZJ016927,0.005915029905736446,0.003948958590626717,0.0027792558539658785,0.0062086693942546844,0.004064976237714291,0.005273380782455206,0.9665428400039673,0.005266867112368345
ZJ016928,0.9123314023017883,0.017692310735583305,0.0012264741817489266,0.017338203266263008,0.006730106193572283,0.012943875044584274,0.01288555096834898,0.018852081149816513
ZJ016929,0.062130771577358246,0.6359819173812866,0.0067319609224796295,0.041805461049079895,0.08710215985774994,0.04103756323456764,0.09093794971704483,0.034272219985723495
ZJ016930,0.013717853464186192,0.0471055842936039,0.002858219901099801,0.020394455641508102,0.018543995916843414,0.015110206790268421,0.12692272663116455,0.7553470134735107
ZJ016931,0.12830066680908203,0.09489807486534119,0.24653054773807526,0.11369233578443527,0.04469454288482666,0.032174184918403625,0.039495065808296204,0.30021458864212036
ZJ016932,0.19141225516796112,0.04933588206768036,0.04703019931912422,0.14382405579090118,0.056125059723854065,0.03746337443590164,0.07554508000612259,0.3992641270160675
ZJ016933,0.008641689084470272,0.02775360830128193,0.0037107300013303757,0.012433527037501335,0.010166625492274761,0.009413864463567734,0.9061976075172424,0.021682336926460266
ZJ016934,0.2268177717924118,0.11192475259304047,0.16767024993896484,0.07940402626991272,0.08458053320646286,0.03576571121811867,0.05422751232981682,0.23960939049720764
ZJ016935,0.006023390218615532,0.9544153809547424,0.002406446496024728,0.011317151598632336,0.006686524488031864,0.008836142718791962,0.0052359276451170444,0.0050790091045200825
ZJ016936,0.021454937756061554,0.010493387468159199,0.0020045724231749773,0.02549438551068306,0.037471480667591095,0.011290129274129868,0.8361587524414062,0.05563238635659218
ZJ016937,0.014639428816735744,0.9082761406898499,0.008609839715063572,0.020931102335453033,0.015286811627447605,0.013869469054043293,0.00917766522616148,0.009209474548697472
ZJ016938,0.013548381626605988,0.016659660264849663,0.0020580205600708723,0.017978059127926826,0.011435416527092457,0.9165475368499756,0.010396085679531097,0.011376747861504555
ZJ016939,0.2803536355495453,0.15675535798072815,0.25986433029174805,0.02058662660419941,0.1388174295425415,0.046133819967508316,0.056453075259923935,0.04103575646877289
ZJ016940,0.037346251308918,0.009540420025587082,0.0050303637981414795,0.012100987136363983,0.9084804058074951,0.006520762573927641,0.0061784228309988976,0.014802422374486923
ZJ016941,0.09777683764696121,0.06123114749789238,0.24697598814964294,0.0930822566151619,0.07913409173488617,0.050574395805597305,0.05309101939201355,0.3181343376636505
ZJ016942,0.007786433678120375,0.008065832778811455,0.0021309268195182085,0.006859426852315664,0.008024848997592926,0.008146858774125576,0.9434929490089417,0.015492735430598259
ZJ016943,0.27981916069984436,0.08135819435119629,0.00530667882412672,0.01991615630686283,0.04937579110264778,0.030360741540789604,0.03470108285546303,0.4991621673107147
ZJ016944,0.11451228708028793,0.08766882121562958,0.4329080879688263,0.04924783483147621,0.08024441450834274,0.00832744874060154,0.10776707530021667,0.11932404339313507
ZJ016945,0.22499749064445496,0.13879738748073578,0.44163408875465393,0.016861295327544212,0.0796327218413353,0.013090820983052254,0.055530499666929245,0.02945568971335888
ZJ016946,0.01141584012657404,0.9279419183731079,0.0035197127144783735,0.008225771598517895,0.012724163010716438,0.011936909519135952,0.01514039933681488,0.009095197543501854
ZJ016947,0.3899107575416565,0.13446280360221863,0.2591727077960968,0.02291557379066944,0.04634501412510872,0.02017480693757534,0.09461916238069534,0.03239920735359192
ZJ016948,0.11294294893741608,0.050443582236766815,0.0641871765255928,0.055860016494989395,0.02812124975025654,0.02461683377623558,0.07349421083927155,0.5903339982032776
ZJ016949,0.1215175986289978,0.08156613260507584,0.4316365718841553,0.03920026123523712,0.14463937282562256,0.059375930577516556,0.06009235233068466,0.06197173520922661
ZJ016950,0.9526354670524597,0.006231933366507292,0.001858281553722918,0.00559254502877593,0.014708380214869976,0.005083974450826645,0.009318926371634007,0.0045705134980380535
ZJ016951,0.07259812206029892,0.05126696079969406,0.6681864261627197,0.03830663114786148,0.058310963213443756,0.020032919943332672,0.036138758063316345,0.05515921860933304
ZJ016952,0.17453034222126007,0.14152240753173828,0.3958457410335541,0.03362524136900902,0.1289462447166443,0.030171914026141167,0.0627172514796257,0.032640840858221054
ZJ016953,0.7462376356124878,0.014794504269957542,0.004146978259086609,0.013765646144747734,0.1696234792470932,0.012717545963823795,0.029164327308535576,0.009549896232783794
ZJ016954,0.13988327980041504,0.2415561079978943,0.3760213553905487,0.01627822406589985,0.045978374779224396,0.02171897701919079,0.12192169576883316,0.036641981452703476
ZJ016955,0.9436128735542297,0.01066738273948431,0.003267490305006504,0.01086720172315836,0.00839943252503872,0.006937836762517691,0.007115603424608707,0.00913221761584282
ZJ016956,0.31579768657684326,0.09957084059715271,0.394690603017807,0.020012954249978065,0.07362785190343857,0.009573942050337791,0.051150716841220856,0.03557548299431801
ZJ016957,0.14537262916564941,0.17675812542438507,0.46202677488327026,0.015420651063323021,0.10796462744474411,0.01893814466893673,0.05118860304355621,0.022330524399876595
ZJ016958,0.011997916735708714,0.009786206297576427,0.002364132320508361,0.008102457039058208,0.009713550098240376,0.9355918169021606,0.013159433379769325,0.009284529834985733
ZJ016959,0.10767874866724014,0.05614910274744034,0.5943623781204224,0.058970674872398376,0.05052446573972702,0.03848201036453247,0.018466750159859657,0.07536584138870239
ZJ016960,0.015257562510669231,0.007189772557467222,0.0019490576814860106,0.008609135635197163,0.004618429113179445,0.0065331184305250645,0.9480509757995605,0.007792001590132713
ZJ016961,0.18360866606235504,0.21969547867774963,0.38698723912239075,0.02437872625887394,0.08962489664554596,0.014914331026375294,0.06174047663807869,0.019050143659114838
ZJ016962,0.007637202274054289,0.009893395937979221,0.002421555807814002,0.9241103529930115,0.004556364845484495,0.029611868783831596,0.009615703485906124,0.012153567746281624
ZJ016963,0.14766688644886017,0.24413186311721802,0.44989773631095886,0.01979684643447399,0.05192673206329346,0.022818583995103836,0.04791044443845749,0.015850912779569626
ZJ016964,0.009892849251627922,0.9257906675338745,0.003625795478001237,0.011835143901407719,0.014444139786064625,0.015272923745214939,0.008163701742887497,0.01097474992275238
ZJ016965,0.22399668395519257,0.07892739772796631,0.5142754316329956,0.021992309018969536,0.03930487856268883,0.009943879209458828,0.03682669997215271,0.07473275810480118
ZJ016966,0.09086327254772186,0.048109062016010284,0.043746937066316605,0.16661667823791504,0.05943920835852623,0.035057395696640015,0.10612461715936661,0.45004284381866455
ZJ016967,0.1905239373445511,0.12344297766685486,0.30394986271858215,0.026864182204008102,0.05225660279393196,0.03493691608309746,0.14550012350082397,0.12252547591924667
ZJ016968,0.00463996734470129,0.003216220298781991,0.0015078888973221183,0.008874901570379734,0.004506486002355814,0.0034910894464701414,0.9660640954971313,0.007699424400925636
ZJ016969,0.9626712203025818,0.0069519756361842155,0.001960200257599354,0.007107646204531193,0.005113351624459028,0.0060672275722026825,0.004456477239727974,0.005671954248100519
ZJ016970,0.2411266714334488,0.24027776718139648,0.2459864765405655,0.025916442275047302,0.15006446838378906,0.02676321007311344,0.049953024834394455,0.019911905750632286
ZJ016971,0.031719278544187546,0.038341253995895386,0.008991066366434097,0.009642397053539753,0.013000338338315487,0.013496475294232368,0.8689784407615662,0.015830758959054947
ZJ016972,0.06868857145309448,0.02865985780954361,0.04759272560477257,0.0717255100607872,0.057490695267915726,0.009527341462671757,0.04019634798169136,0.6761188507080078
ZJ016973,0.004096444230526686,0.004119104705750942,0.0023172327782958746,0.007559578400105238,0.004625976551324129,0.004754929803311825,0.9661617875099182,0.006364859640598297
ZJ016974,0.16178463399410248,0.1491062492132187,0.5302028059959412,0.016733365133404732,0.03964291512966156,0.013637126423418522,0.06540483236312866,0.023488113656640053
ZJ016975,0.005072813481092453,0.00542909512296319,0.002968034939840436,0.006173401139676571,0.006208297796547413,0.005647462792694569,0.9580496549606323,0.010451179929077625
ZJ016976,0.012981335632503033,0.9197418689727783,0.004429136402904987,0.009519187733530998,0.012277933768928051,0.01286836713552475,0.017257777974009514,0.010924412868916988
ZJ016977,0.02279331535100937,0.01410409901291132,0.0026293182745575905,0.25204789638519287,0.01627936027944088,0.6395903825759888,0.02471531368792057,0.027840284630656242
ZJ016978,0.13474521040916443,0.21733686327934265,0.04539218917489052,0.032578084617853165,0.0338146910071373,0.034783389419317245,0.4534743130207062,0.047875259071588516
ZJ016979,0.2126890867948532,0.22187389433383942,0.25031742453575134,0.040071092545986176,0.12505985796451569,0.029382774606347084,0.07556308060884476,0.04504280164837837
ZJ016980,0.015501328743994236,0.9247298240661621,0.005156346596777439,0.01590302772819996,0.010218543000519276,0.011255672201514244,0.008254867978394032,0.008980387821793556
ZJ016981,0.09061121940612793,0.09358973056077957,0.3851856291294098,0.07497993856668472,0.08124048262834549,0.07075846940279007,0.028600892052054405,0.17503368854522705
ZJ016982,0.2982509434223175,0.11965145170688629,0.3725535571575165,0.0356014110147953,0.07795891165733337,0.01287503819912672,0.04351741075515747,0.039591290056705475
ZJ016983,0.10167182981967926,0.07198270410299301,0.6030916571617126,0.05978494510054588,0.029516072943806648,0.006611085031181574,0.021527307108044624,0.10581444203853607
ZJ016984,0.20254500210285187,0.06488119065761566,0.06774276494979858,0.11961177736520767,0.08615478128194809,0.02860802412033081,0.09896338731050491,0.3314930498600006
ZJ016985,0.20009666681289673,0.24998803436756134,0.3644829988479614,0.018669158220291138,0.05679551512002945,0.02563777193427086,0.05171975493431091,0.03261014446616173
ZJ016986,0.005868544802069664,0.008456122130155563,0.0029562683776021004,0.9544271230697632,0.004719406832009554,0.00557641452178359,0.009092193096876144,0.008903954178094864
ZJ016987,0.21626348793506622,0.18116915225982666,0.3121216297149658,0.03658969700336456,0.10447563230991364,0.03405376896262169,0.05411243811249733,0.06121419742703438
ZJ016988,0.17022296786308289,0.0947078987956047,0.12210068851709366,0.1401475965976715,0.10706647485494614,0.03172557055950165,0.10484092682600021,0.22918789088726044
ZJ016989,0.026375165209174156,0.024925371631979942,0.0029647883493453264,0.015739694237709045,0.014289394952356815,0.8630754947662354,0.03261943906545639,0.02001059427857399
ZJ016990,0.14434702694416046,0.1432124376296997,0.0917453020811081,0.060202278196811676,0.10390482097864151,0.02979300171136856,0.23417247831821442,0.1926226168870926
ZJ016991,0.00800918135792017,0.011874441988766193,0.006733802612870932,0.004189514555037022,0.006068305112421513,0.9488774538040161,0.006688265595585108,0.0075590480118989944
ZJ016992,0.003952605649828911,0.002725201193243265,0.0040246970020234585,0.00627692649140954,0.0037792790681123734,0.00509907491505146,0.9675692915916443,0.006572938058525324
ZJ016993,0.25346091389656067,0.03292325884103775,0.002010456984862685,0.011479156091809273,0.016419680789113045,0.017354173585772514,0.643829345703125,0.022523095831274986
ZJ016994,0.24351917207241058,0.1644245833158493,0.3319055736064911,0.030204210430383682,0.11632855981588364,0.021402638405561447,0.06397891789674759,0.028236398473381996
ZJ016995,0.29158806800842285,0.0944795161485672,0.25476503372192383,0.028093108907341957,0.04517757147550583,0.0309059489518404,0.18885506689548492,0.06613565236330032
ZJ016996,0.22547601163387299,0.096042700111866,0.0046897525899112225,0.05929736793041229,0.08863171935081482,0.07369382679462433,0.38483303785324097,0.06733562052249908
ZJ016997,0.31679731607437134,0.16682061553001404,0.33370012044906616,0.019977031275629997,0.05808042362332344,0.0145851019769907,0.064377062022686,0.02566235139966011
ZJ016998,0.570071816444397,0.04426538571715355,0.059539247304201126,0.0241038016974926,0.18227533996105194,0.01851426623761654,0.0827699527144432,0.018460212275385857
ZJ016999,0.013209509663283825,0.014552885666489601,0.003164757275953889,0.008871045894920826,0.01693412847816944,0.9105039834976196,0.019809313118457794,0.012954367324709892
ZJ017000,0.009923812933266163,0.9199286699295044,0.005477090831845999,0.01098904013633728,0.010428592562675476,0.008036165498197079,0.021486636251211166,0.013730027712881565
ZJ017001,0.06388858705759048,0.06470401585102081,0.7358291745185852,0.026929639279842377,0.031402796506881714,0.008884542621672153,0.02112063206732273,0.04724055528640747
ZJ017002,0.4494270384311676,0.022532189264893532,0.0049231890588998795,0.02012823522090912,0.4479433000087738,0.012088876217603683,0.011310982517898083,0.03164620324969292
ZJ017003,0.11655385047197342,0.03458746522665024,0.38248753547668457,0.048449452966451645,0.2670064866542816,0.03696959465742111,0.04437410086393356,0.06957153230905533
ZJ017004,0.9633157849311829,0.006116008386015892,0.001829317188821733,0.005599483381956816,0.009133363142609596,0.004841632209718227,0.004810733254998922,0.004353622440248728
ZJ017005,0.17059539258480072,0.2064257264137268,0.42160701751708984,0.027108142152428627,0.0790383368730545,0.015952913090586662,0.05367530882358551,0.025597110390663147
ZJ017006,0.20192641019821167,0.16604264080524445,0.11631395667791367,0.07110697776079178,0.12526488304138184,0.04024855047464371,0.12853755056858063,0.15055902302265167
ZJ017007,0.8854871988296509,0.006888759322464466,0.003963641822338104,0.0407668799161911,0.020942501723766327,0.009977261535823345,0.011597443372011185,0.020376257598400116
ZJ017008,0.914687991142273,0.011858578771352768,0.0029695341363549232,0.006980269216001034,0.007600673474371433,0.006864740513265133,0.036535896360874176,0.01250234991312027
ZJ017009,0.21158237755298615,0.09348493069410324,0.47572535276412964,0.0217974204570055,0.1186351478099823,0.017184028401970863,0.03474956378340721,0.026841161772608757
ZJ017010,0.018858077004551888,0.012119058519601822,0.002306305104866624,0.08257148414850235,0.02115124650299549,0.018765415996313095,0.02668212540447712,0.8175463080406189
ZJ017011,0.13019707798957825,0.2512519955635071,0.002945449436083436,0.04347091540694237,0.04899125546216965,0.027379529550671577,0.45571795105934143,0.04004582017660141
ZJ017012,0.9201422929763794,0.007090072147548199,0.0018174434080719948,0.012344179674983025,0.008079895749688148,0.022089585661888123,0.023067550733685493,0.005368885584175587
ZJ017013,0.08030958473682404,0.046603649854660034,0.6537617444992065,0.03493516892194748,0.046670909970998764,0.02065458707511425,0.042034342885017395,0.07503001391887665
ZJ017014,0.1199803352355957,0.1133972555398941,0.36949869990348816,0.048937007784843445,0.10924965888261795,0.027522964403033257,0.07938861846923828,0.1320253610610962
ZJ017015,0.12276521325111389,0.1918378621339798,0.09587054699659348,0.01995248720049858,0.07077993452548981,0.03001321107149124,0.38760828971862793,0.081172414124012
ZJ017016,0.09198668599128723,0.7310652136802673,0.004474216606467962,0.04377027601003647,0.04326193779706955,0.05028897896409035,0.019827378913760185,0.015325323678553104
ZJ017017,0.08411381393671036,0.06931412220001221,0.10535840690135956,0.1048140749335289,0.10495801270008087,0.03232140466570854,0.12930531799793243,0.36981478333473206
ZJ017018,0.9332244396209717,0.011400192975997925,0.0032220722641795874,0.009777272120118141,0.01202840730547905,0.008486981503665447,0.010560356080532074,0.011300354264676571
ZJ017019,0.18124514818191528,0.6151692867279053,0.035403478890657425,0.025379255414009094,0.05749058350920677,0.016553567722439766,0.04760648310184479,0.021152202039957047
ZJ017020,0.9625416398048401,0.007008791901171207,0.0016853150445967913,0.0072277141734957695,0.007121351081877947,0.003955400548875332,0.004449887201189995,0.006009826436638832
ZJ017021,0.003908505663275719,0.015784237533807755,0.002283659530803561,0.007035272195935249,0.006279662251472473,0.00903694611042738,0.9247211813926697,0.030950551852583885
ZJ017022,0.11786101758480072,0.08298616111278534,0.021427951753139496,0.03262629359960556,0.07552722841501236,0.03684686869382858,0.03728844225406647,0.5954360365867615
ZJ017023,0.2940700948238373,0.15680435299873352,0.3547278046607971,0.023865770548582077,0.04869793355464935,0.020678985863924026,0.06263851374387741,0.03851654753088951
ZJ017024,0.2533828616142273,0.1551998406648636,0.3519827723503113,0.029600027948617935,0.10901614278554916,0.01729041151702404,0.06017432361841202,0.02335362322628498
ZJ017025,0.2703535854816437,0.19809265434741974,0.16872519254684448,0.022531786933541298,0.047142092138528824,0.012937609106302261,0.25205522775650024,0.028161877766251564
ZJ017026,0.14444971084594727,0.23258861899375916,0.47771182656288147,0.01925441063940525,0.04604917764663696,0.021680276840925217,0.04273916408419609,0.015526799485087395
ZJ017027,0.20351305603981018,0.04925725236535072,0.5634541511535645,0.03871019184589386,0.051923561841249466,0.010029728524386883,0.027057543396949768,0.056054551154375076
ZJ017028,0.06331019848585129,0.556759774684906,0.08673747628927231,0.03331950306892395,0.07176676392555237,0.026550790295004845,0.10384858399629593,0.05770688131451607
ZJ017029,0.0779857188463211,0.0431474968791008,0.6884289979934692,0.049962662160396576,0.056496426463127136,0.006040230859071016,0.02189212292432785,0.056046318262815475
ZJ017030,0.4106813371181488,0.1697302907705307,0.12524668872356415,0.029215354472398758,0.06796401739120483,0.010643331333994865,0.10553949326276779,0.08097957074642181
ZJ017031,0.11962316185235977,0.0967618077993393,0.6555757522583008,0.015382339246571064,0.060106322169303894,0.0054476503282785416,0.02447138912975788,0.022631525993347168
ZJ017032,0.9157212972640991,0.007698889821767807,0.002028241055086255,0.01829315908253193,0.011143327690660954,0.007272889371961355,0.009756320156157017,0.028085947036743164
ZJ017033,0.03907574340701103,0.8777675032615662,0.008886683732271194,0.010942072607576847,0.023219171911478043,0.015078135766088963,0.009860237129032612,0.015170439146459103
ZJ017034,0.22871017456054688,0.02540774829685688,0.011091462336480618,0.18122851848602295,0.3336997628211975,0.11692678183317184,0.04543518275022507,0.05750031769275665
ZJ017035,0.9664154648780823,0.0045908428728580475,0.0014951820485293865,0.004753545857965946,0.00640803761780262,0.00451443437486887,0.006766825914382935,0.005055620335042477
ZJ017036,0.2234148532152176,0.07166372984647751,0.0028429545927792788,0.07666879892349243,0.04048677533864975,0.0938863530755043,0.2130099982023239,0.2780265808105469
ZJ017037,0.1544812172651291,0.19455961883068085,0.3204689025878906,0.03181005269289017,0.15076196193695068,0.020796993747353554,0.07491356134414673,0.05220772698521614
ZJ017038,0.044290803372859955,0.49301570653915405,0.002904353430494666,0.0523722767829895,0.01870987005531788,0.01977895386517048,0.01901441439986229,0.3499135971069336
ZJ017039,0.003952548839151859,0.002928123576566577,0.0034764930605888367,0.006176690571010113,0.00403593247756362,0.00460021710023284,0.9692420959472656,0.0055879526771605015
ZJ017040,0.12928777933120728,0.10262219607830048,0.4027799963951111,0.05740509182214737,0.08095835894346237,0.009494840167462826,0.09582547098398209,0.12162625044584274
ZJ017041,0.006953008007258177,0.021436020731925964,0.001625056262128055,0.009128415025770664,0.008987111039459705,0.007120965048670769,0.9328047633171082,0.011944604106247425
ZJ017042,0.07504606992006302,0.044814370572566986,0.6212964653968811,0.0530681312084198,0.05169535055756569,0.009225144051015377,0.009259709157049656,0.13559472560882568
ZJ017043,0.11963317543268204,0.1466488540172577,0.3806743919849396,0.022219590842723846,0.17303280532360077,0.06150968372821808,0.04773430898785591,0.04854723438620567
ZJ017044,0.22737593948841095,0.1490529179573059,0.30428600311279297,0.02952851727604866,0.10775993764400482,0.022580590099096298,0.08336429297924042,0.07605182379484177
ZJ017045,0.009117976762354374,0.9337249398231506,0.003948334604501724,0.016999254003167152,0.00854752492159605,0.010369988158345222,0.009246614761650562,0.008045470342040062
ZJ017046,0.09743662178516388,0.1816977858543396,0.04580332338809967,0.03323506936430931,0.07126746326684952,0.36406511068344116,0.06332138925790787,0.1431732326745987
ZJ017047,0.007750974502414465,0.007959631271660328,0.0021048386115580797,0.00821849424391985,0.009906762279570103,0.9492387771606445,0.00794480461627245,0.006875669118016958
ZJ017048,0.005844993516802788,0.023815656080842018,0.0025271172635257244,0.007491414900869131,0.004151736851781607,0.006862131878733635,0.9383230209350586,0.010983910411596298
ZJ017049,0.212088942527771,0.16007161140441895,0.08370684832334518,0.08333942294120789,0.100021593272686,0.045124564319849014,0.12411823123693466,0.19152872264385223
ZJ017050,0.13705071806907654,0.06834114342927933,0.6164553761482239,0.021392710506916046,0.05096837878227234,0.007219316903501749,0.008755282498896122,0.0898171067237854
ZJ017051,0.14522947371006012,0.08935555815696716,0.07661212235689163,0.13503022491931915,0.0808783769607544,0.036898333579301834,0.11075085401535034,0.32524508237838745
ZJ017052,0.3095012903213501,0.05558404698967934,0.5196201801300049,0.018456609919667244,0.03849025443196297,0.010457698255777359,0.023559678345918655,0.02433018945157528
ZJ017053,0.9026827216148376,0.008199075236916542,0.013428842648863792,0.015223128721117973,0.021034888923168182,0.013868994079530239,0.01824864372611046,0.007313720881938934
ZJ017054,0.11636688560247421,0.09644751995801926,0.5035375356674194,0.049812957644462585,0.07123006135225296,0.013997348956763744,0.04626167565584183,0.10234607756137848
ZJ017055,0.04730599746108055,0.030978025868535042,0.013284171000123024,0.023063722997903824,0.040857940912246704,0.793634831905365,0.023567762225866318,0.027307625859975815
ZJ017056,0.1668182909488678,0.22850164771080017,0.43867388367652893,0.020595023408532143,0.055531151592731476,0.024432266131043434,0.047883518040180206,0.017564227804541588
ZJ017057,0.004280562978237867,0.00441165454685688,0.0023038333747535944,0.007900238037109375,0.004998132586479187,0.004899359308183193,0.9594355821609497,0.011770685203373432
ZJ017058,0.02080899104475975,0.01647016778588295,0.00496360519900918,0.016934096813201904,0.040286749601364136,0.8515364527702332,0.02512674778699875,0.023873236030340195
ZJ017059,0.10341151058673859,0.06631586700677872,0.5278102159500122,0.0575781874358654,0.10969515144824982,0.02567395195364952,0.03268498554825783,0.07683012634515762
ZJ017060,0.1815769076347351,0.14183823764324188,0.4872194826602936,0.012546401470899582,0.10141068696975708,0.01325309555977583,0.04625476896762848,0.015900379046797752
ZJ017061,0.1385771781206131,0.060508616268634796,0.09946025162935257,0.1270560920238495,0.09962277859449387,0.036973919719457626,0.1043010726571083,0.33350005745887756
ZJ017062,0.009428956545889378,0.011004995554685593,0.0034783142618834972,0.0059458720497787,0.009480609558522701,0.9449170827865601,0.008903617970645428,0.006840534973889589
ZJ017063,0.06631270796060562,0.40951913595199585,0.0033998393919318914,0.08491620421409607,0.02958771213889122,0.03517521172761917,0.31459322571754456,0.056495923548936844
ZJ017064,0.15574699640274048,0.09883522987365723,0.13438846170902252,0.09644131362438202,0.13534392416477203,0.025136956945061684,0.09398549050092697,0.260121613740921
ZJ017065,0.1651068925857544,0.07455089688301086,0.43045487999916077,0.09353067725896835,0.08408721536397934,0.018866730853915215,0.04491264000535011,0.08849018067121506
ZJ017066,0.11641888320446014,0.03982580825686455,0.6683714985847473,0.05291985347867012,0.03234028071165085,0.009314884431660175,0.014517285861074924,0.06629151850938797
ZJ017067,0.05950537323951721,0.01880931295454502,0.011746050789952278,0.281687468290329,0.06764187663793564,0.09489688277244568,0.05739181488752365,0.40832120180130005
ZJ017068,0.33688056468963623,0.1111772432923317,0.19312867522239685,0.021507175639271736,0.09696843475103378,0.02490956522524357,0.19162602722644806,0.02380242384970188
ZJ017069,0.3690221309661865,0.028719905763864517,0.021160103380680084,0.18655309081077576,0.18408410251140594,0.028913363814353943,0.07498084008693695,0.10656645148992538
ZJ017070,0.9555856585502625,0.008817736059427261,0.0030063819140195847,0.00754928681999445,0.009254459291696548,0.004541072994470596,0.005240433383733034,0.006004973314702511
ZJ017071,0.09645941853523254,0.04845118895173073,0.00243155169300735,0.02188599668443203,0.026013758033514023,0.013544830493628979,0.6603342890739441,0.13087907433509827
ZJ017072,0.25724124908447266,0.14081554114818573,0.43972471356391907,0.014745079912245274,0.04147227108478546,0.016627637669444084,0.06909080594778061,0.020282715559005737
ZJ017073,0.004956272896379232,0.011673964560031891,0.0019934559240937233,0.004415723495185375,0.005051436368376017,0.00789206475019455,0.9499496221542358,0.014067442156374454
ZJ017074,0.11598607152700424,0.3135964274406433,0.05892461910843849,0.03268537297844887,0.05546760559082031,0.033748578280210495,0.2720580995082855,0.11753322929143906
ZJ017075,0.004875291604548693,0.005227888468652964,0.0028996749315410852,0.00883506704121828,0.0046645659022033215,0.006830127909779549,0.9589844346046448,0.007682886440306902
ZJ017076,0.0035315363202244043,0.005854641553014517,0.0029105504509061575,0.009929458610713482,0.005292966961860657,0.006642911583185196,0.958013117313385,0.007824762724339962
ZJ017077,0.010317573323845863,0.013131965883076191,0.0030507061164826155,0.009216680191457272,0.012535002082586288,0.9262479543685913,0.016600551083683968,0.0088996272534132
ZJ017078,0.012884519062936306,0.015845786780118942,0.003968192730098963,0.00879348162561655,0.012344161048531532,0.9214774370193481,0.013636662624776363,0.011049838736653328
ZJ017079,0.03291859105229378,0.0279094185680151,0.022234708070755005,0.032910872250795364,0.02674049884080887,0.010630923323333263,0.015378913842141628,0.831275999546051
ZJ017080,0.012231007218360901,0.007952392101287842,0.002807138953357935,0.0076372819021344185,0.009221909567713737,0.9432003498077393,0.008614090271294117,0.008335751481354237
ZJ017081,0.14314407110214233,0.03409285098314285,0.005188844166696072,0.022206099703907967,0.03279079869389534,0.71775883436203,0.02814328484237194,0.01667524315416813
ZJ017082,0.24058394134044647,0.14487212896347046,0.4264945685863495,0.014726649969816208,0.06792247295379639,0.013339230790734291,0.07110118120908737,0.020959898829460144
ZJ017083,0.008061252534389496,0.921723484992981,0.004677905235439539,0.017722899094223976,0.007969919592142105,0.015223970636725426,0.0079158004373312,0.016704833135008812
ZJ017084,0.00559254502877593,0.9480327367782593,0.003935113083571196,0.010538690723478794,0.009380091913044453,0.010950454510748386,0.004907552152872086,0.006662826985120773
ZJ017085,0.1661238670349121,0.268787145614624,0.2873726487159729,0.025738701224327087,0.11012110114097595,0.016567232087254524,0.05990881845355034,0.06538042426109314
ZJ017086,0.16715961694717407,0.21325375139713287,0.45764315128326416,0.02000405825674534,0.05878100544214249,0.02335989475250244,0.04247744008898735,0.01732105389237404
ZJ017087,0.8964475989341736,0.02304721064865589,0.0018267726991325617,0.016555987298488617,0.007436267100274563,0.012267027981579304,0.021600045263767242,0.020819036290049553
ZJ017088,0.015435205772519112,0.00957212969660759,0.00279517681337893,0.008022896945476532,0.009785603731870651,0.9274823069572449,0.018128221854567528,0.008778458461165428
ZJ017089,0.287219762802124,0.10768206417560577,0.4579157531261444,0.02126142382621765,0.05510707572102547,0.01060581672936678,0.04467272758483887,0.01553543470799923
ZJ017090,0.09870848059654236,0.04612192139029503,0.01524575985968113,0.04618309065699577,0.6097760200500488,0.046465132385492325,0.03267945721745491,0.10482015460729599
ZJ017091,0.008337556384503841,0.9339954257011414,0.0053833103738725185,0.012414106167852879,0.009756012819707394,0.014524276368319988,0.006723721046000719,0.008865563198924065
ZJ017092,0.13931134343147278,0.04255172982811928,0.6396113038063049,0.026846254244446754,0.05799657851457596,0.027258023619651794,0.02935750037431717,0.03706727549433708
ZJ017093,0.00657808780670166,0.009372711181640625,0.0024349503219127655,0.9520660042762756,0.005753831006586552,0.007922066375613213,0.008434885181486607,0.007437448482960463
ZJ017094,0.8440418839454651,0.011930554173886776,0.007953978143632412,0.042855918407440186,0.03462737426161766,0.01800146885216236,0.009098377078771591,0.03149041533470154
ZJ017095,0.24267099797725677,0.16189484298229218,0.34483620524406433,0.021782275289297104,0.09882897138595581,0.023723524063825607,0.08007518947124481,0.02618800848722458
ZJ017096,0.11282728612422943,0.07348881661891937,0.3751436173915863,0.10315172374248505,0.13302746415138245,0.018657157197594643,0.0771251991391182,0.10657867789268494
ZJ017097,0.1755894422531128,0.07766097038984299,0.10709260404109955,0.11505286395549774,0.10244101285934448,0.03500806912779808,0.12013605982065201,0.26701903343200684
ZJ017098,0.1336074024438858,0.05176670849323273,0.6719314455986023,0.02699812687933445,0.026918848976492882,0.014931677840650082,0.02730005607008934,0.04654570296406746
ZJ017099,0.20157474279403687,0.16199684143066406,0.47250035405158997,0.015834085643291473,0.05805192142724991,0.01221881341189146,0.04908188059926033,0.02874138206243515
ZJ017100,0.01668071188032627,0.013492872938513756,0.0018934098770841956,0.012479493394494057,0.010178144089877605,0.9164983034133911,0.015932435169816017,0.012844684533774853
ZJ017101,0.3730289936065674,0.14668531715869904,0.3214085102081299,0.01245428342372179,0.043330684304237366,0.019356263801455498,0.05949291214346886,0.024242950603365898
ZJ017102,0.035978831350803375,0.03307339549064636,0.01567070558667183,0.031322117894887924,0.030794061720371246,0.020142007619142532,0.06610237807035446,0.7669165730476379
ZJ017103,0.4633539319038391,0.018500514328479767,0.0029461500234901905,0.01856180839240551,0.0173500906676054,0.016880273818969727,0.4469985365867615,0.015408623032271862
ZJ017104,0.07115670293569565,0.05009858310222626,0.7516355514526367,0.030979886651039124,0.04256470501422882,0.009105242788791656,0.02495003119111061,0.019509341567754745
ZJ017105,0.23506388068199158,0.1730525642633438,0.332271546125412,0.01811252161860466,0.05115079507231712,0.014645874500274658,0.14708320796489716,0.028619540855288506
ZJ017106,0.14478608965873718,0.12578199803829193,0.528773844242096,0.023717761039733887,0.05443247780203819,0.023473776876926422,0.07761766016483307,0.02141636796295643
ZJ017107,0.9643330574035645,0.006432995665818453,0.0018483013845980167,0.006522209849208593,0.006040244363248348,0.0038478304632008076,0.00479050911962986,0.006184941157698631
ZJ017108,0.0177440345287323,0.019190602004528046,0.006524403113871813,0.010881365276873112,0.022796794772148132,0.876061737537384,0.030182957649230957,0.016618190333247185
ZJ017109,0.07713596522808075,0.12654460966587067,0.44314804673194885,0.021250326186418533,0.11096441745758057,0.06129302829504013,0.08638279885053635,0.07328087836503983
ZJ017110,0.9390721917152405,0.010395215824246407,0.0044281259179115295,0.006112599745392799,0.017084170132875443,0.004627355840057135,0.012455298565328121,0.005825076252222061
ZJ017111,0.028821349143981934,0.7712162137031555,0.003829085733741522,0.02793334610760212,0.022708263248205185,0.020959001034498215,0.06321447342634201,0.061318304389715195
ZJ017112,0.361032098531723,0.12227369099855423,0.003785256529226899,0.023392023518681526,0.023563705384731293,0.015622555278241634,0.4203396737575531,0.0299910269677639
ZJ017113,0.06448199599981308,0.669820249080658,0.02751103788614273,0.0474039651453495,0.03957739472389221,0.06629377603530884,0.03060672990977764,0.05430488660931587
ZJ017114,0.01027093268930912,0.9189711809158325,0.003158771898597479,0.01899823173880577,0.008406306616961956,0.014363081194460392,0.008592527359724045,0.01723887026309967
ZJ017115,0.03590364009141922,0.03178585693240166,0.003126503899693489,0.019684385508298874,0.01731814630329609,0.8353942632675171,0.033344119787216187,0.023443050682544708
ZJ017116,0.16830047965049744,0.26863545179367065,0.2962663769721985,0.027270227670669556,0.11119581758975983,0.01845685765147209,0.06927146017551422,0.04060332104563713
ZJ017117,0.1595918983221054,0.07381650060415268,0.21488991379737854,0.12977980077266693,0.10052820295095444,0.023821456357836723,0.1134202852845192,0.18415196239948273
ZJ017118,0.9351143836975098,0.011131376028060913,0.003035268047824502,0.006772495340555906,0.018045077100396156,0.006544678471982479,0.013733288273215294,0.005623429547995329
ZJ017119,0.06387757509946823,0.044508811086416245,0.7200736403465271,0.05304411053657532,0.05100983381271362,0.007253285497426987,0.024575702846050262,0.035657092928886414
ZJ017120,0.02436438389122486,0.03234637901186943,0.005107048433274031,0.027684073895215988,0.019048800691962242,0.013278632424771786,0.013038825243711472,0.8651319146156311
ZJ017121,0.06891532242298126,0.023442337289452553,0.005463766865432262,0.06466967612504959,0.03191186487674713,0.01783488690853119,0.04753594845533371,0.7402262091636658
ZJ017122,0.09186939150094986,0.05584447458386421,0.7123610973358154,0.03133654221892357,0.03341418504714966,0.012418394908308983,0.028853388503193855,0.03390254080295563
ZJ017123,0.011096843518316746,0.013663612306118011,0.0033155367709696293,0.010032660327851772,0.013142047449946404,0.9225921034812927,0.016773777082562447,0.00938349962234497
ZJ017124,0.24955867230892181,0.13247887790203094,0.41666731238365173,0.01926802471280098,0.08527158945798874,0.01122622936964035,0.040037162601947784,0.04549209401011467
ZJ017125,0.12039301544427872,0.03437415882945061,0.6219216585159302,0.044948458671569824,0.03706420212984085,0.016941266134381294,0.02091277949512005,0.10344444960355759
ZJ017126,0.5545986890792847,0.012035624124109745,0.007355732377618551,0.02466517686843872,0.31526729464530945,0.022950172424316406,0.03932015597820282,0.02380715310573578
ZJ017127,0.24735495448112488,0.12488854676485062,0.4258947968482971,0.012906347401440144,0.05928440019488335,0.024482402950525284,0.08191951364278793,0.023269066587090492
ZJ017128,0.1929168701171875,0.13834978640079498,0.4713382124900818,0.019519105553627014,0.10231046378612518,0.013674288056790829,0.04261217638850212,0.01927911676466465
ZJ017129,0.008523069322109222,0.009152804501354694,0.0022333955857902765,0.006672973744571209,0.009453576989471912,0.9455363154411316,0.009409763850271702,0.009018146432936192
ZJ017130,0.05021628737449646,0.03118879906833172,0.0022812180686742067,0.02103853039443493,0.016923487186431885,0.8077021837234497,0.045959219336509705,0.02469032257795334
ZJ017131,0.04578584432601929,0.032684504985809326,0.004923742264509201,0.03987206518650055,0.06842104345560074,0.0465426929295063,0.7066946625709534,0.05507534742355347
ZJ017132,0.051605887711048126,0.3524273931980133,0.004380085505545139,0.046694912016391754,0.03836766257882118,0.02955658733844757,0.34317174553871155,0.13379572331905365
ZJ017133,0.9554630517959595,0.005722882226109505,0.002038600854575634,0.007347874343395233,0.008463661186397076,0.00699180644005537,0.006697386037558317,0.007274745963513851
ZJ017134,0.01784820854663849,0.012259245850145817,0.002116478281095624,0.014407246373593807,0.01223723404109478,0.9229395985603333,0.008127085864543915,0.010064912959933281
ZJ017135,0.006065530236810446,0.006559653207659721,0.00205246708355844,0.9575443267822266,0.004220908507704735,0.009712478145956993,0.0063853999599814415,0.007459232583642006
ZJ017136,0.029230037704110146,0.03937101364135742,0.008013895712792873,0.18301580846309662,0.07409992814064026,0.5041959285736084,0.08940207213163376,0.0726713016629219
ZJ017137,0.017771702259778976,0.01385823916643858,0.005837953183799982,0.007334752939641476,0.014166981913149357,0.919981062412262,0.010721191763877869,0.010328080505132675
ZJ017138,0.05029015988111496,0.04370404779911041,0.0070615713484585285,0.020092735067009926,0.03173457831144333,0.022130286321043968,0.04905671998858452,0.7759299278259277
ZJ017139,0.17307829856872559,0.10783049464225769,0.47692635655403137,0.027990026399493217,0.10513714700937271,0.026438798755407333,0.04363379627466202,0.03896516561508179
ZJ017140,0.15090696513652802,0.17165803909301758,0.3597608506679535,0.0194085780531168,0.14847837388515472,0.024291859939694405,0.07435206323862076,0.0511433407664299
ZJ017141,0.009332077577710152,0.9501917362213135,0.0022052167914807796,0.008202382363379002,0.0067155081778764725,0.008289189077913761,0.007017762400209904,0.008046126924455166
ZJ017142,0.019082747399806976,0.029883630573749542,0.01640154980123043,0.022251682355999947,0.02804291807115078,0.022888097912073135,0.03197285160422325,0.829476535320282
ZJ017143,0.009355670772492886,0.01032213680446148,0.0025727632455527782,0.02073345147073269,0.01079112384468317,0.012622233480215073,0.012413976714015007,0.9211886525154114
ZJ017144,0.27771568298339844,0.0743788480758667,0.5022472739219666,0.019625145941972733,0.054950058460235596,0.012708835303783417,0.04109802097082138,0.017276132479310036
ZJ017145,0.010916686616837978,0.9222395420074463,0.007483427878469229,0.013488218188285828,0.010032577440142632,0.016505643725395203,0.010050038807094097,0.009283840656280518
ZJ017146,0.3967314064502716,0.09451322257518768,0.09800869226455688,0.03412042185664177,0.1605091392993927,0.03412040323019028,0.13977733254432678,0.04221935197710991
ZJ017147,0.2046392560005188,0.12717311084270477,0.482358455657959,0.0182647742331028,0.07103539258241653,0.009937688708305359,0.061912283301353455,0.024679087102413177
ZJ017148,0.08189044147729874,0.14594155550003052,0.017505262047052383,0.025620296597480774,0.025578483939170837,0.040214259177446365,0.6290566921234131,0.0341930091381073
ZJ017149,0.1911412924528122,0.1607944667339325,0.28997018933296204,0.045489516109228134,0.17818069458007812,0.016533801332116127,0.07889090478420258,0.03899917006492615
ZJ017150,0.10273159295320511,0.08430127054452896,0.13224656879901886,0.11203896999359131,0.10768121480941772,0.03845794498920441,0.12705177068710327,0.29549071192741394
ZJ017151,0.12442046403884888,0.1535821259021759,0.2749362885951996,0.028777053579688072,0.1046205461025238,0.01837415061891079,0.18012166023254395,0.11516764014959335
ZJ017152,0.16834191977977753,0.1470305174589157,0.42348816990852356,0.02472030371427536,0.08893390744924545,0.02445109561085701,0.0746687725186348,0.04836532101035118
ZJ017153,0.9441387057304382,0.003951689228415489,0.0024214128497987986,0.01226885337382555,0.007008057087659836,0.004611272364854813,0.011538278311491013,0.014061789959669113
ZJ017154,0.009559924714267254,0.02246285229921341,0.0035853544250130653,0.00966378953307867,0.014056810177862644,0.008683492429554462,0.8987470269203186,0.033240702003240585
ZJ017155,0.12863479554653168,0.10200829058885574,0.596747100353241,0.015626635402441025,0.06970269232988358,0.016552170738577843,0.049952372908592224,0.02077590860426426
ZJ017156,0.0034196022897958755,0.0029752037953585386,0.0031870657112449408,0.00583958625793457,0.0036856515798717737,0.005803278181701899,0.9674893617630005,0.007600337266921997
ZJ017157,0.9410971999168396,0.007270514965057373,0.001954703824594617,0.011186734773218632,0.007492558564990759,0.00600970396772027,0.00927327573299408,0.01571541279554367
ZJ017158,0.013569272123277187,0.7266009449958801,0.004378603305667639,0.012509951367974281,0.0199305210262537,0.02539134956896305,0.17178791761398315,0.02583138458430767
ZJ017159,0.30287250876426697,0.26760753989219666,0.27078789472579956,0.017337899655103683,0.06146808713674545,0.012947752140462399,0.039970558136701584,0.02700769156217575
ZJ017160,0.0031458716839551926,0.005161162931472063,0.002463374752551317,0.005603594705462456,0.00502164289355278,0.006091285031288862,0.9611956477165222,0.01131741888821125
ZJ017161,0.17151232063770294,0.18574585020542145,0.04890577495098114,0.05697415769100189,0.1635202318429947,0.1787761002779007,0.1451110690832138,0.049454569816589355
ZJ017162,0.13557715713977814,0.030636418610811234,0.6182214021682739,0.04758748039603233,0.0346546545624733,0.02134229987859726,0.018183235079050064,0.09379734843969345
ZJ017163,0.008470515720546246,0.012210252694785595,0.003628811566159129,0.00985982920974493,0.011125474236905575,0.012355119921267033,0.015445845201611519,0.9269040822982788
ZJ017164,0.009876290336251259,0.007178229745477438,0.0024108807556331158,0.9500237703323364,0.0035362434573471546,0.005855243187397718,0.007669157814234495,0.013450232334434986
ZJ017165,0.010316174477338791,0.006843182723969221,0.0024376604706048965,0.005768698640167713,0.005207238253206015,0.005298913922160864,0.9590817093849182,0.005046403035521507
ZJ017166,0.3840080499649048,0.05702345818281174,0.013533489778637886,0.029098203405737877,0.13941995799541473,0.12046648561954498,0.1397584080696106,0.11669190973043442
ZJ017167,0.14263108372688293,0.09397365152835846,0.12144766002893448,0.1239636167883873,0.08293157070875168,0.037268128246068954,0.09853257238864899,0.2992517054080963
ZJ017168,0.12154512107372284,0.052781280130147934,0.14205263555049896,0.1270112693309784,0.10716433823108673,0.03571617230772972,0.09349215775728226,0.32023704051971436
ZJ017169,0.052854716777801514,0.04783396050333977,0.010771701112389565,0.19626936316490173,0.08578973263502121,0.39962875843048096,0.108300119638443,0.09855162352323532
ZJ017170,0.12994590401649475,0.07986444234848022,0.03854173794388771,0.0654117539525032,0.09448458254337311,0.04891597852110863,0.13169385492801666,0.4111417829990387
ZJ017171,0.24165694415569305,0.1619875431060791,0.3934120535850525,0.022701872512698174,0.0900220274925232,0.015544264577329159,0.05147375911474228,0.023201534524559975
ZJ017172,0.009251579642295837,0.9081303477287292,0.003921173978596926,0.02284056879580021,0.010534913279116154,0.012471350841224194,0.010714472271502018,0.02213563211262226
ZJ017173,0.17841452360153198,0.03344588726758957,0.3168955445289612,0.0921410545706749,0.14385609328746796,0.027330253273248672,0.04358033090829849,0.16433638334274292
ZJ017174,0.15423691272735596,0.024767205119132996,0.01373493392020464,0.03471095487475395,0.6963487863540649,0.03270120918750763,0.020268408581614494,0.02323162741959095
ZJ017175,0.14277707040309906,0.03799915313720703,0.5245905518531799,0.08571252226829529,0.049944985657930374,0.019464395940303802,0.025101594626903534,0.11440976709127426
ZJ017176,0.15318390727043152,0.05027606338262558,0.6528550982475281,0.027313416823744774,0.03133924677968025,0.009726524353027344,0.03505156934261322,0.04025411978363991
ZJ017177,0.018396152183413506,0.021182378754019737,0.003802128601819277,0.010972699150443077,0.027892310172319412,0.8838431239128113,0.013388962484896183,0.020522302016615868
ZJ017178,0.18957702815532684,0.13668204843997955,0.45684370398521423,0.015579668805003166,0.05413714051246643,0.016838563606142998,0.10375991463661194,0.026581959798932076
ZJ017179,0.23234722018241882,0.13775035738945007,0.4535562992095947,0.019463161006569862,0.062334612011909485,0.015683216974139214,0.05388609692454338,0.02497904933989048
ZJ017180,0.14761970937252045,0.22056828439235687,0.4693540930747986,0.02195877768099308,0.05321628972887993,0.02572447806596756,0.044341783970594406,0.017216555774211884
ZJ017181,0.957747757434845,0.0056504905223846436,0.0018192153656855226,0.007043499033898115,0.007286062929779291,0.005525961983948946,0.008403167128562927,0.006523838732391596
ZJ017182,0.09813379496335983,0.06555726379156113,0.03077399544417858,0.06242212653160095,0.09365655481815338,0.5597884058952332,0.05130809172987938,0.03835973143577576
ZJ017183,0.950842559337616,0.009094170294702053,0.002687046304345131,0.008721689693629742,0.007838771678507328,0.006206785328686237,0.006519261747598648,0.008089671842753887
ZJ017184,0.7581509351730347,0.03293917700648308,0.018335388973355293,0.027575699612498283,0.06357479840517044,0.025130312889814377,0.03602789714932442,0.038265861570835114
ZJ017185,0.20146681368350983,0.10295891761779785,0.44386056065559387,0.028840186074376106,0.10784900933504105,0.02099568210542202,0.041589971631765366,0.05243876948952675
ZJ017186,0.03598225489258766,0.03564037010073662,0.025738907977938652,0.059804271906614304,0.04710705205798149,0.029687579721212387,0.05975021421909332,0.7062893509864807
ZJ017187,0.39986303448677063,0.1253310889005661,0.24933244287967682,0.023023877292871475,0.05028356984257698,0.022771703079342842,0.09275941550731659,0.03663482889533043
ZJ017188,0.11793848872184753,0.1840774565935135,0.11753247678279877,0.0618196465075016,0.062434807419776917,0.035226963460445404,0.056197695434093475,0.3647724688053131
ZJ017189,0.008867161348462105,0.9355350732803345,0.006769690662622452,0.012805602513253689,0.008912850171327591,0.014642124064266682,0.007014599163085222,0.005452864337712526
ZJ017190,0.9643703103065491,0.005615340080112219,0.0017444712575525045,0.0060899811796844006,0.0061510768719017506,0.004558056592941284,0.006359346676617861,0.005111435893923044
ZJ017191,0.9434525966644287,0.010239971801638603,0.002891788026317954,0.011047453619539738,0.010878315195441246,0.005709872581064701,0.0076086632907390594,0.008171307854354382
ZJ017192,0.10160204023122787,0.463005006313324,0.10749451071023941,0.019165243953466415,0.03245699405670166,0.023043198511004448,0.1762576848268509,0.0769752711057663
ZJ017193,0.011102651245892048,0.016843661665916443,0.0042076739482581615,0.013567720539867878,0.017094897106289864,0.014619373716413975,0.012090996839106083,0.9104729294776917
ZJ017194,0.01070806011557579,0.016858551651239395,0.029138298705220222,0.007847288623452187,0.01021977886557579,0.9005768895149231,0.009253965690732002,0.015397211536765099
ZJ017195,0.15182194113731384,0.09701742976903915,0.09923312813043594,0.13685204088687897,0.08713731914758682,0.039008136838674545,0.10533533990383148,0.28359463810920715
ZJ017196,0.09414149075746536,0.09064850211143494,0.3866194784641266,0.08944406360387802,0.04481539875268936,0.00967493001371622,0.021232400089502335,0.26342371106147766
ZJ017197,0.17143264412879944,0.24566958844661713,0.15110018849372864,0.05683483928442001,0.14410386979579926,0.03035133332014084,0.14137576520442963,0.059131819754838943
ZJ017198,0.1726616621017456,0.1654028445482254,0.4777309000492096,0.01645582541823387,0.04928666725754738,0.019834231585264206,0.07653898000717163,0.02208888903260231
ZJ017199,0.021271081641316414,0.0075131626799702644,0.0018335520289838314,0.8801437020301819,0.010703816078603268,0.03909533470869064,0.018932074308395386,0.02050742693245411
ZJ017200,0.09399823099374771,0.027599597349762917,0.7123207449913025,0.03500013053417206,0.019666358828544617,0.007704866584390402,0.01420567836612463,0.0895044282078743
ZJ017201,0.06756173819303513,0.020037805661559105,0.004552031867206097,0.039798248559236526,0.08607237786054611,0.014738913625478745,0.057793259620666504,0.7094456553459167
ZJ017202,0.20822572708129883,0.17410977184772491,0.12683795392513275,0.0683608278632164,0.11807762831449509,0.04109426587820053,0.1310213953256607,0.13227243721485138
ZJ017203,0.019324548542499542,0.02281215228140354,0.007122039329260588,0.043632250279188156,0.02768969163298607,0.18670691549777985,0.6503689289093018,0.04234351962804794
ZJ017204,0.29341867566108704,0.16963019967079163,0.3608056604862213,0.02044120617210865,0.07140221446752548,0.015504654496908188,0.04458189755678177,0.024215461686253548
ZJ017205,0.2983973026275635,0.1207306832075119,0.3944028913974762,0.015555115416646004,0.06584370136260986,0.018217526376247406,0.06214847043156624,0.02470432035624981
ZJ017206,0.21190950274467468,0.1435580551624298,0.4551900327205658,0.017741749063134193,0.06756918132305145,0.013351463712751865,0.06323068588972092,0.027449311688542366
ZJ017207,0.18169666826725006,0.14580942690372467,0.4991203546524048,0.016741737723350525,0.0661688819527626,0.011305224150419235,0.043233420699834824,0.035924237221479416
ZJ017208,0.07425910234451294,0.08701290935277939,0.45647528767585754,0.07400050759315491,0.07636629045009613,0.04948699474334717,0.025698121637105942,0.15670087933540344
ZJ017209,0.008001192472875118,0.014902504161000252,0.004694568458944559,0.006333458237349987,0.010541972704231739,0.9401357769966125,0.008602513931691647,0.006787956692278385
ZJ017210,0.2224077731370926,0.2723313570022583,0.28546908497810364,0.019130917266011238,0.08583564311265945,0.02155999094247818,0.05881860479712486,0.03444664925336838
ZJ017211,0.18087436258792877,0.11789396405220032,0.4040765166282654,0.06116092950105667,0.10836349427700043,0.031629350036382675,0.021097557619214058,0.07490380108356476
ZJ017212,0.13311631977558136,0.17757567763328552,0.422422856092453,0.021103674545884132,0.0625343918800354,0.03133692964911461,0.11632605642080307,0.03558408096432686
ZJ017213,0.08021694421768188,0.05351904407143593,0.6504029631614685,0.04533051699399948,0.04982675611972809,0.01147279143333435,0.0210002101957798,0.08823078125715256
ZJ017214,0.007030641660094261,0.00854502897709608,0.0010874149156734347,0.9568367600440979,0.0042178877629339695,0.006622017361223698,0.006736984476447105,0.008923160843551159
ZJ017215,0.9593425989151001,0.007366569712758064,0.0014242454199120402,0.007807556539773941,0.008080990053713322,0.00600275956094265,0.005157992243766785,0.0048172869719564915
ZJ017216,0.05393865332007408,0.3297449052333832,0.01566375605762005,0.02393205277621746,0.03727392107248306,0.03500326722860336,0.06772860884666443,0.4367148280143738
ZJ017217,0.42317259311676025,0.03159898519515991,0.0022013047710061073,0.28987279534339905,0.023150112479925156,0.012627342715859413,0.022544652223587036,0.19483217597007751
ZJ017218,0.1494867503643036,0.13049834966659546,0.3581662178039551,0.04497900232672691,0.13493217527866364,0.021359987556934357,0.09653221815824509,0.06404544413089752
ZJ017219,0.19288630783557892,0.24512726068496704,0.07341058552265167,0.030592763796448708,0.058271028101444244,0.01707540452480316,0.2769378125667572,0.1056988462805748
ZJ017220,0.011246142908930779,0.8791003227233887,0.0036378956865519285,0.010443945415318012,0.010460847057402134,0.013671068474650383,0.04813307896256447,0.023306705057621002
ZJ017221,0.7133190631866455,0.02905784361064434,0.005385777913033962,0.024755295366048813,0.030875708907842636,0.010649247094988823,0.12885481119155884,0.05710229650139809
ZJ017222,0.11202637106180191,0.043690621852874756,0.6550382375717163,0.051245469599962234,0.036752186715602875,0.01437382958829403,0.018618972972035408,0.06825428456068039
ZJ017223,0.16395947337150574,0.14331145584583282,0.4836002290248871,0.02346978895366192,0.08250506967306137,0.02388893812894821,0.0422104187309742,0.03705455735325813
ZJ017224,0.015207435935735703,0.01805744878947735,0.004342108033597469,0.019744854420423508,0.02361270971596241,0.023740211501717567,0.8369001746177673,0.05839497968554497
ZJ017225,0.12077944725751877,0.07571833580732346,0.07844711095094681,0.11209211498498917,0.09818357229232788,0.02974412776529789,0.12138297408819199,0.3636523187160492
ZJ017226,0.1665005087852478,0.2108588069677353,0.07881443202495575,0.06013793870806694,0.12403075397014618,0.03106832318007946,0.12168470770120621,0.20690450072288513
ZJ017227,0.011091537773609161,0.013351193629205227,0.005059650633484125,0.008106875233352184,0.0117817847058177,0.9332705140113831,0.009729553945362568,0.007608872838318348
ZJ017228,0.01260085217654705,0.913835346698761,0.0030717789195477962,0.010894977487623692,0.006901128683239222,0.010372638702392578,0.031702738255262375,0.010620679706335068
ZJ017229,0.1329934448003769,0.03491506353020668,0.011936911381781101,0.05674164742231369,0.4768359661102295,0.1087309941649437,0.06475332379341125,0.11309265345335007
ZJ017230,0.008054051548242569,0.014010118320584297,0.004880565218627453,0.006811482831835747,0.010650868527591228,0.940752387046814,0.008205180056393147,0.006635334342718124
ZJ017231,0.14394061267375946,0.15520386397838593,0.3255133628845215,0.034241192042827606,0.12267223000526428,0.04941850155591965,0.10620617866516113,0.06280403584241867
ZJ017232,0.4095776677131653,0.03567242994904518,0.018717529252171516,0.02417803928256035,0.3721632957458496,0.052521418780088425,0.03589600324630737,0.05127362161874771
ZJ017233,0.010018824599683285,0.010415783151984215,0.003865631762892008,0.007647730875760317,0.006251043174415827,0.9416622519493103,0.007464585360139608,0.012674120254814625
ZJ017234,0.16840793192386627,0.07710867375135422,0.0832572653889656,0.12692011892795563,0.09431912750005722,0.03696933016180992,0.08660963922739029,0.32640787959098816
ZJ017235,0.22170095145702362,0.22408337891101837,0.194413423538208,0.032575685530900955,0.13269875943660736,0.01802157238125801,0.11097376048564911,0.06553248316049576
ZJ017236,0.14153558015823364,0.049173660576343536,0.4499480426311493,0.03869296610355377,0.031798385083675385,0.010038821958005428,0.02602740004658699,0.25278517603874207
ZJ017237,0.1444849818944931,0.03193669021129608,0.013687960803508759,0.018080683425068855,0.511723518371582,0.05412425100803375,0.19293074309825897,0.03303111717104912
ZJ017238,0.17255200445652008,0.021267201751470566,0.1014510840177536,0.25380852818489075,0.08709321171045303,0.06752068549394608,0.040895976126194,0.2554113268852234
ZJ017239,0.16343697905540466,0.2359401434659958,0.43974125385284424,0.020462529733777046,0.05738699436187744,0.021872464567422867,0.0453343503177166,0.015825247392058372
ZJ017240,0.26681509613990784,0.21310007572174072,0.13200660049915314,0.040528081357479095,0.10414279997348785,0.01851266250014305,0.14251109957695007,0.08238355815410614
ZJ017241,0.0060023898258805275,0.007056834641844034,0.0011702736373990774,0.008195918053388596,0.005430024582892656,0.006814580410718918,0.9471178650856018,0.01821206510066986
ZJ017242,0.3138919174671173,0.09758587181568146,0.33916130661964417,0.027534743770956993,0.05557677894830704,0.016026705503463745,0.12337623536586761,0.026846440508961678
ZJ017243,0.0025579100474715233,0.0030337097123265266,0.0022434634156525135,0.005928659811615944,0.0032732957042753696,0.004533050581812859,0.9712899923324585,0.007139846216887236
ZJ017244,0.30201321840286255,0.13732069730758667,0.36961105465888977,0.017115024849772453,0.05069951340556145,0.016357824206352234,0.07167323678731918,0.03520940616726875
ZJ017245,0.2122267484664917,0.08606530725955963,0.5376169681549072,0.03997345268726349,0.039549995213747025,0.013256894424557686,0.013929312117397785,0.05738132447004318
ZJ017246,0.1169005036354065,0.006350641138851643,0.003864313242956996,0.009097103960812092,0.007244251202791929,0.01102076843380928,0.836391031742096,0.009131484664976597
ZJ017247,0.5334820747375488,0.0310728270560503,0.020308267325162888,0.024395696818828583,0.1395977884531021,0.024674460291862488,0.19920077919960022,0.027268152683973312
ZJ017248,0.05787281692028046,0.03540962189435959,0.8170279264450073,0.01905517466366291,0.01843269169330597,0.006824570242315531,0.022774217650294304,0.022602954879403114
ZJ017249,0.07712242007255554,0.043484218418598175,0.011616088449954987,0.0490020290017128,0.7454600930213928,0.02272619679570198,0.026725199073553085,0.023863743990659714
ZJ017250,0.2415371984243393,0.17330172657966614,0.3499850630760193,0.027716107666492462,0.07756491005420685,0.014255421236157417,0.03719761595129967,0.07844197005033493
ZJ017251,0.8381478786468506,0.04239568114280701,0.0019020077306777239,0.014339427463710308,0.014715811237692833,0.01372520811855793,0.06633951514959335,0.008434460498392582
ZJ017252,0.043599676340818405,0.07283972948789597,0.013833352364599705,0.09992087632417679,0.0518738217651844,0.026273665949702263,0.3810954988002777,0.3105633854866028
ZJ017253,0.10031494498252869,0.1302935630083084,0.5073134303092957,0.015740642324090004,0.05381809547543526,0.017881255596876144,0.1445521116256714,0.030086010694503784
ZJ017254,0.962831974029541,0.00518133444711566,0.0018726377747952938,0.010215342044830322,0.005202201195061207,0.004989250097423792,0.004852778278291225,0.004854416940361261
ZJ017255,0.19839853048324585,0.11526647955179214,0.39270132780075073,0.027883220463991165,0.1285085827112198,0.01956234872341156,0.048552751541137695,0.06912678480148315
ZJ017256,0.015025648288428783,0.00820021703839302,0.0027723414823412895,0.010661626234650612,0.034736186265945435,0.010019582696259022,0.8934906125068665,0.02509383112192154
ZJ017257,0.5879827737808228,0.06444478034973145,0.016244808211922646,0.04154583066701889,0.11266454309225082,0.11110896617174149,0.03774338215589523,0.028264902532100677
ZJ017258,0.18109193444252014,0.1509309709072113,0.48346415162086487,0.019720012322068214,0.06125856935977936,0.012040045112371445,0.06490586698055267,0.02658843621611595
ZJ017259,0.0926799401640892,0.059965021908283234,0.694728672504425,0.03384508565068245,0.041896965354681015,0.012930408120155334,0.03223153576254845,0.03172235190868378
ZJ017260,0.25731202960014343,0.11447117477655411,0.4159107208251953,0.02154688350856304,0.08784899115562439,0.01778346300125122,0.04157627746462822,0.04355045035481453
ZJ017261,0.16584987938404083,0.1493937224149704,0.4271883964538574,0.03068794310092926,0.08797616511583328,0.028841672465205193,0.0755072832107544,0.034554947167634964
ZJ017262,0.005011097062379122,0.010543106123805046,0.004686090629547834,0.0187038816511631,0.022198831662535667,0.010473307222127914,0.504081666469574,0.42430201172828674
ZJ017263,0.08614838123321533,0.06684482842683792,0.6513113975524902,0.021479496732354164,0.07786381244659424,0.010982377454638481,0.05679165944457054,0.028578083962202072
ZJ017264,0.010053100064396858,0.9456853270530701,0.002871281234547496,0.00989593006670475,0.008860170841217041,0.00836150348186493,0.005987480748444796,0.008285218849778175
ZJ017265,0.0749824121594429,0.7913160920143127,0.018906477838754654,0.015226527117192745,0.022077931091189384,0.010211382992565632,0.019215187057852745,0.04806395620107651
ZJ017266,0.9579019546508789,0.00650674756616354,0.0022349536884576082,0.010744431987404823,0.005811667535454035,0.006279737688601017,0.005294048693031073,0.00522649148479104
ZJ017267,0.0330350361764431,0.02271980419754982,0.010260128416121006,0.017705973237752914,0.04434894025325775,0.8077237606048584,0.03725859895348549,0.026947757229208946
ZJ017268,0.1377527415752411,0.0755782425403595,0.06037024408578873,0.10766728222370148,0.09324098378419876,0.03251100331544876,0.1156102642416954,0.3772692382335663
ZJ017269,0.010972661897540092,0.009634050540626049,0.00231949333101511,0.059293583035469055,0.011682693846523762,0.016174545511603355,0.014036262407898903,0.8758867383003235
ZJ017270,0.24088424444198608,0.13071411848068237,0.3894270360469818,0.035187553614377975,0.09057504683732986,0.015739137306809425,0.036095231771469116,0.061377596110105515
ZJ017271,0.012701846659183502,0.916869044303894,0.007131265476346016,0.020864859223365784,0.01298055611550808,0.013411692343652248,0.00680531794205308,0.009235438890755177
ZJ017272,0.11074711382389069,0.023750247433781624,0.005157640669494867,0.024567896500229836,0.7855169177055359,0.010770128108561039,0.010702526196837425,0.028787560760974884
ZJ017273,0.07233767956495285,0.025846661999821663,0.0033554299734532833,0.03141428902745247,0.03239526227116585,0.04988764598965645,0.7530996203422546,0.031663451343774796
ZJ017274,0.17360319197177887,0.40076372027397156,0.1665755808353424,0.024985140189528465,0.09879697114229202,0.020825935527682304,0.057245779782533646,0.0572037436068058
ZJ017275,0.17574745416641235,0.13774769008159637,0.41448894143104553,0.023770418018102646,0.07168496400117874,0.017579149454832077,0.0654221773147583,0.09355925768613815
ZJ017276,0.0108183017000556,0.010855927132070065,0.001486087217926979,0.025038188323378563,0.00815399270504713,0.9236778020858765,0.009258507750928402,0.010711192153394222
ZJ017277,0.13004131615161896,0.04238058626651764,0.439169317483902,0.11551306396722794,0.03393346816301346,0.010281297378242016,0.043655723333358765,0.18502528965473175
ZJ017278,0.07271228730678558,0.050178296864032745,0.27757665514945984,0.0799393504858017,0.07194669544696808,0.03655334189534187,0.07252504676580429,0.3385683298110962
ZJ017279,0.33411839604377747,0.16986294090747833,0.2772834300994873,0.018454832956194878,0.050084326416254044,0.027632055804133415,0.08955330401659012,0.03301074728369713
ZJ017280,0.22819136083126068,0.0659555122256279,0.49126532673835754,0.02605302445590496,0.040856100618839264,0.04355475306510925,0.03168816119432449,0.07243576645851135
ZJ017281,0.010200959630310535,0.006043203640729189,0.003399028442800045,0.011583960615098476,0.009386695921421051,0.012531115673482418,0.9352139234542847,0.011641144752502441
ZJ017282,0.3960430920124054,0.06917514652013779,0.37234094738960266,0.022469595074653625,0.04808374121785164,0.008560064248740673,0.05255090445280075,0.0307764895260334
ZJ017283,0.04971598461270332,0.10007712990045547,0.019987955689430237,0.02896452322602272,0.04706018790602684,0.062491945922374725,0.5184540748596191,0.17324821650981903
ZJ017284,0.3123953342437744,0.023483246564865112,0.16576437652111053,0.1592608541250229,0.03047558106482029,0.022879643365740776,0.028326647356152534,0.2574142813682556
ZJ017285,0.10940640419721603,0.17192409932613373,0.07683220505714417,0.08506007492542267,0.0932018980383873,0.0331575833261013,0.15880954265594482,0.2716081440448761
ZJ017286,0.09865055233240128,0.05641341954469681,0.0021559935994446278,0.05662175640463829,0.02120913565158844,0.023360107094049454,0.6620422005653381,0.07954685389995575
ZJ017287,0.0076645538210868835,0.8559063673019409,0.0024979538284242153,0.011743961833417416,0.00838897842913866,0.022960232570767403,0.03718509525060654,0.05365278571844101
ZJ017288,0.9502089619636536,0.008359924890100956,0.002250650664791465,0.009095159359276295,0.007171021308749914,0.005162428133189678,0.007602776400744915,0.010149084031581879
ZJ017289,0.16814157366752625,0.1547050029039383,0.3876652717590332,0.032157186418771744,0.12719565629959106,0.03315038979053497,0.06209421157836914,0.034890707582235336
ZJ017290,0.1470748782157898,0.07397158443927765,0.08108951896429062,0.14092357456684113,0.09607982635498047,0.03224087134003639,0.11971158534288406,0.3089081645011902
ZJ017291,0.2584060728549957,0.10600831359624863,0.5054149031639099,0.016122866421937943,0.052326858043670654,0.01195201650261879,0.03475867211818695,0.015010331757366657
ZJ017292,0.06934907287359238,0.03423840552568436,0.6309179663658142,0.06350725144147873,0.06081617996096611,0.01725374162197113,0.01874815672636032,0.10516929626464844
ZJ017293,0.19705696403980255,0.17389434576034546,0.08536317944526672,0.06299338489770889,0.09833522886037827,0.0382087416946888,0.17217810451984406,0.17196998000144958
ZJ017294,0.05166321247816086,0.5406014919281006,0.02505650371313095,0.024025311693549156,0.044271424412727356,0.03245497867465019,0.15786972641944885,0.124057337641716
ZJ017295,0.2200579047203064,0.14410510659217834,0.4208033084869385,0.017200028523802757,0.10201659053564072,0.012644660659134388,0.04576822370290756,0.037404220551252365
ZJ017296,0.012349655851721764,0.00983985885977745,0.0024930208455771208,0.028053896501660347,0.01237313263118267,0.9011051058769226,0.014426866546273232,0.019358456134796143
ZJ017297,0.1464432030916214,0.22793973982334137,0.32216259837150574,0.023891685530543327,0.07846997678279877,0.03240413963794708,0.1109774187207222,0.05771126225590706
ZJ017298,0.01211307942867279,0.9124634861946106,0.009730491787195206,0.022530794143676758,0.012446233071386814,0.01416592113673687,0.007987518794834614,0.008562490344047546
ZJ017299,0.1797613501548767,0.16891980171203613,0.44343358278274536,0.020000798627734184,0.06813815236091614,0.025349514558911324,0.04773743078112602,0.04665936529636383
ZJ017300,0.03268079087138176,0.787872850894928,0.005785160232335329,0.027168363332748413,0.017071982845664024,0.017540736123919487,0.01266177836805582,0.09921836107969284
ZJ017301,0.2710646986961365,0.11766625195741653,0.42068883776664734,0.01872969977557659,0.05886553227901459,0.014479001984000206,0.06873457878828049,0.029771380126476288
ZJ017302,0.03539847955107689,0.017505228519439697,0.004862768109887838,0.04565802961587906,0.01748213917016983,0.04705144837498665,0.7619402408599854,0.07010164111852646
ZJ017303,0.11218128353357315,0.12294342368841171,0.4546924829483032,0.025601331144571304,0.058069732040166855,0.027277352288365364,0.17738987505435944,0.021844562143087387
ZJ017304,0.02452942728996277,0.019899882376194,0.0022530879359692335,0.02032816782593727,0.015772191807627678,0.8605791330337524,0.037284936755895615,0.019353190436959267
ZJ017305,0.19726119935512543,0.18686924874782562,0.47384271025657654,0.018502257764339447,0.05345839262008667,0.0076789711602032185,0.039107516407966614,0.023279720917344093
ZJ017306,0.08514615148305893,0.09365274757146835,0.5263040065765381,0.04928305372595787,0.07259710133075714,0.025482527911663055,0.029927529394626617,0.11760689318180084
ZJ017307,0.887493371963501,0.013940403237938881,0.0034790572244673967,0.01922256126999855,0.018674587830901146,0.025545351207256317,0.02370443567633629,0.007940188981592655
ZJ017308,0.05271349847316742,0.06146157532930374,0.7371998429298401,0.026856649667024612,0.049143701791763306,0.022443650290369987,0.017607413232326508,0.0325736328959465
ZJ017309,0.9272619485855103,0.015082198195159435,0.0032625566236674786,0.011938000097870827,0.012835710309445858,0.006049168296158314,0.007021027617156506,0.016549410298466682
ZJ017310,0.16961391270160675,0.15642985701560974,0.2644214630126953,0.03624185174703598,0.10083109140396118,0.15277768671512604,0.04402210935950279,0.0756620243191719
ZJ017311,0.08579451590776443,0.04436087608337402,0.6170297265052795,0.03766578808426857,0.053495895117521286,0.009951556101441383,0.009544387459754944,0.14215724170207977
ZJ017312,0.007578044664114714,0.013659878633916378,0.0028778722044080496,0.013114645145833492,0.01184062846004963,0.012636316008865833,0.011722619645297527,0.9265699982643127
ZJ017313,0.7800998091697693,0.014221244491636753,0.0025803190656006336,0.014086581766605377,0.011363793164491653,0.010763471946120262,0.15450984239578247,0.012374934740364552
ZJ017314,0.0916130468249321,0.014911568723618984,0.007602684199810028,0.016092391684651375,0.0309870857745409,0.014046917669475079,0.7915431261062622,0.033203162252902985
ZJ017315,0.18170283734798431,0.027889061719179153,0.017894234508275986,0.038880057632923126,0.0856371819972992,0.044691748917102814,0.48360002040863037,0.11970487236976624
ZJ017316,0.23286205530166626,0.19818004965782166,0.08981804549694061,0.05712353438138962,0.10058438032865524,0.029935793951153755,0.15905235707759857,0.1324438601732254
ZJ017317,0.030286690220236778,0.05445185676217079,0.006006401497870684,0.03183482959866524,0.02546718344092369,0.0165391955524683,0.01833559386432171,0.8170782327651978
ZJ017318,0.08398701250553131,0.007915280759334564,0.008514615707099438,0.009311291389167309,0.007413194980472326,0.01048270333558321,0.8612129092216492,0.011163015849888325
ZJ017319,0.014903269708156586,0.012812495231628418,0.004298523534089327,0.016748392954468727,0.01400486659258604,0.9109300374984741,0.015501529909670353,0.010800913907587528
ZJ017320,0.13311676681041718,0.1828683316707611,0.4629541039466858,0.020127655938267708,0.09587113559246063,0.017236636951565742,0.04651641473174095,0.04130895063281059
ZJ017321,0.021917404606938362,0.020570384338498116,0.01041292492300272,0.029407940804958344,0.6447666883468628,0.069784976541996,0.15751726925373077,0.04562239721417427
ZJ017322,0.9644020199775696,0.006416231859475374,0.001753976452164352,0.005973050836473703,0.006018009036779404,0.004871818237006664,0.005681100767105818,0.004883843008428812
ZJ017323,0.13209214806556702,0.1459515243768692,0.18442027270793915,0.023740995675325394,0.0780969187617302,0.3041938543319702,0.04980243742465973,0.08170183002948761
ZJ017324,0.021531827747821808,0.027812590822577477,0.005045400932431221,0.015654612332582474,0.044740721583366394,0.8447080254554749,0.01397753693163395,0.026529256254434586
ZJ017325,0.6327995657920837,0.0252684336155653,0.009140407666563988,0.02588334120810032,0.2659633159637451,0.016623448580503464,0.013808160088956356,0.010513338260352612
ZJ017326,0.013683434575796127,0.0043114894069731236,0.0014991838252171874,0.006206244695931673,0.00378224509768188,0.0038934091571718454,0.9611829519271851,0.005440973676741123
ZJ017327,0.10428521037101746,0.2911526560783386,0.04046244919300079,0.023428671061992645,0.089016392827034,0.027586691081523895,0.293517142534256,0.1305508017539978
ZJ017328,0.9553362727165222,0.0067171212285757065,0.001881863921880722,0.007767250295728445,0.006381520535796881,0.006824313197284937,0.006493191700428724,0.008598375134170055
ZJ017329,0.6829450130462646,0.014493423514068127,0.004160868935286999,0.07925676554441452,0.05330611392855644,0.01933019794523716,0.0437956303358078,0.10271194577217102
ZJ017330,0.023204302415251732,0.05841513350605965,0.004550206009298563,0.7670276761054993,0.015087837353348732,0.04529524967074394,0.015451580286026001,0.07096801698207855
ZJ017331,0.013657279312610626,0.013211166486144066,0.006054820027202368,0.007989147678017616,0.015823708847165108,0.9206965565681458,0.01305052824318409,0.009516793303191662
ZJ017332,0.013952545821666718,0.9101570248603821,0.006048280745744705,0.016322355717420578,0.014294303022325039,0.01105415914207697,0.008015315048396587,0.020156072452664375
ZJ017333,0.5379456281661987,0.08534368127584457,0.17227599024772644,0.017098264768719673,0.060129813849925995,0.015647102147340775,0.09000413864850998,0.021555442363023758
ZJ017334,0.024677632376551628,0.014834628440439701,0.007344615645706654,0.011694484390318394,0.018990356475114822,0.8903383612632751,0.017294391989707947,0.014825555495917797
ZJ017335,0.17045564949512482,0.2162877768278122,0.1492892950773239,0.040801603347063065,0.16660825908184052,0.020077604800462723,0.1724604368209839,0.06401941925287247
ZJ017336,0.16358309984207153,0.16265392303466797,0.1072927787899971,0.07052051275968552,0.11890780180692673,0.03564085438847542,0.1633758842945099,0.17802515625953674
ZJ017337,0.006097191013395786,0.012812400236725807,0.005690906196832657,0.011886566877365112,0.010372770950198174,0.016072994098067284,0.9002681970596313,0.036799099296331406
ZJ017338,0.314438134431839,0.15963232517242432,0.33267226815223694,0.035713549703359604,0.060781750828027725,0.018328838050365448,0.063180111348629,0.01525302417576313
ZJ017339,0.3841549754142761,0.06290283799171448,0.027742458507418633,0.060238953679800034,0.12428084015846252,0.038592103868722916,0.16011977195739746,0.14196805655956268
ZJ017340,0.011522108688950539,0.9301409125328064,0.005496798548847437,0.014531268738210201,0.012320543639361858,0.011821525171399117,0.0066297915764153,0.007537058554589748
ZJ017341,0.08554745465517044,0.03184002637863159,0.7652297616004944,0.030462156981229782,0.03434423357248306,0.009182581678032875,0.016909275203943253,0.026484444737434387
ZJ017342,0.12347674369812012,0.074626125395298,0.4496168792247772,0.04783158004283905,0.07571772485971451,0.01005231961607933,0.1163412407040596,0.10233745723962784
ZJ017343,0.003641565330326557,0.004049311857670546,0.002701462944969535,0.0056315320543944836,0.004574357531964779,0.005036329850554466,0.9688436985015869,0.005521752405911684
ZJ017344,0.015201879665255547,0.8401106595993042,0.0028980360366404057,0.014265489764511585,0.01410808227956295,0.024104773998260498,0.04475376382470131,0.044557347893714905
ZJ017345,0.0059658982791006565,0.0035537953954190016,0.0036165767814964056,0.006842647213488817,0.003941986709833145,0.00599087355658412,0.9620202779769897,0.00806783139705658
ZJ017346,0.0037908207159489393,0.0028586972039192915,0.0030363791156560183,0.006405880209058523,0.007390990853309631,0.005115368403494358,0.9636076092720032,0.007794308941811323
ZJ017347,0.22661995887756348,0.17781634628772736,0.2970859408378601,0.03943828493356705,0.10202248394489288,0.03220701962709427,0.054483458399772644,0.07032661139965057
ZJ017348,0.01941053383052349,0.8524497151374817,0.0064203147776424885,0.028747955337166786,0.04151006042957306,0.018729817122220993,0.016130780801177025,0.0166008397936821
ZJ017349,0.012021448463201523,0.01328347995877266,0.0034788281191140413,0.008869916200637817,0.015004522167146206,0.9213974475860596,0.015382874757051468,0.010561426170170307
ZJ017350,0.27796557545661926,0.11809457093477249,0.33867546916007996,0.02146838791668415,0.12501303851604462,0.018490148708224297,0.07204947620630264,0.028243329375982285
ZJ017351,0.10775049030780792,0.050631407648324966,0.44286251068115234,0.05148666352033615,0.10327211022377014,0.03848843276500702,0.06726180762052536,0.13824652135372162
ZJ017352,0.08475986123085022,0.050919126719236374,0.7189834117889404,0.030567672103643417,0.041558898985385895,0.01093677245080471,0.03106004372239113,0.031214255839586258
ZJ017353,0.9248905181884766,0.01026338804513216,0.0023703277111053467,0.01115855947136879,0.008904200047254562,0.009570712223649025,0.01852373778820038,0.01431854348629713
ZJ017354,0.012540088035166264,0.015033976174890995,0.003156517166644335,0.01575632020831108,0.012425443157553673,0.013849373906850815,0.013161269947886467,0.9140769839286804
ZJ017355,0.1261208951473236,0.026905708014965057,0.6035698652267456,0.04933171346783638,0.039427172392606735,0.021584365516901016,0.021958859637379646,0.1111014261841774
ZJ017356,0.27996328473091125,0.10203639417886734,0.4178510010242462,0.016502514481544495,0.09864860028028488,0.009843602776527405,0.051468100398778915,0.023686448112130165
ZJ017357,0.25897133350372314,0.1640804260969162,0.36676526069641113,0.020368250086903572,0.08353812247514725,0.011476925574243069,0.07182613760232925,0.022973548620939255
ZJ017358,0.24332880973815918,0.06427633762359619,0.5846758484840393,0.01132913213223219,0.0468442402780056,0.011010879650712013,0.02609543316066265,0.012439299374818802
ZJ017359,0.20557670295238495,0.13466894626617432,0.45434626936912537,0.02754235826432705,0.08840452134609222,0.021022185683250427,0.035553932189941406,0.03288515657186508
ZJ017360,0.014160634949803352,0.9123919010162354,0.008435494266450405,0.017796628177165985,0.014992701821029186,0.01426076889038086,0.008239547722041607,0.009722248651087284
ZJ017361,0.20550034940242767,0.05538494884967804,0.4005834758281708,0.050079405307769775,0.05708199739456177,0.018938971683382988,0.046167030930519104,0.16626383364200592
ZJ017362,0.07967258989810944,0.11119581013917923,0.030755218118429184,0.03981924057006836,0.09848851710557938,0.10061461478471756,0.4685693681240082,0.07088463753461838
ZJ017363,0.2153555154800415,0.07998377829790115,0.25242364406585693,0.033134642988443375,0.06624491512775421,0.10874465107917786,0.14289943873882294,0.10121344774961472
ZJ017364,0.701626718044281,0.034217968583106995,0.00748048210516572,0.024452323094010353,0.0388539582490921,0.017611458897590637,0.022762823849916458,0.15299421548843384
ZJ017365,0.1719365417957306,0.24108874797821045,0.4376627206802368,0.018117792904376984,0.05026453360915184,0.020824803039431572,0.04477880895137787,0.015326066873967648
ZJ017366,0.1245487704873085,0.2595956027507782,0.11496512591838837,0.024278495460748672,0.024225063621997833,0.018702294677495956,0.37484410405158997,0.058840520679950714
ZJ017367,0.042901117354631424,0.030589791014790535,0.042967889457941055,0.08810634166002274,0.06382273882627487,0.03751435875892639,0.05002313107252121,0.6440746188163757
ZJ017368,0.014159856364130974,0.013427624478936195,0.002065556589514017,0.05147705227136612,0.015076990239322186,0.8724915981292725,0.017117789015173912,0.014183629304170609
ZJ017369,0.011342301964759827,0.008533845655620098,0.00670779449865222,0.00583398062735796,0.0066369278356432915,0.9397962093353271,0.008294486440718174,0.01285449881106615
ZJ017370,0.6425461173057556,0.06092105433344841,0.011714859865605831,0.013827312737703323,0.05796479806303978,0.016299698501825333,0.13865722715854645,0.058068905025720596
ZJ017371,0.1860426813364029,0.2538137137889862,0.18994267284870148,0.01653648540377617,0.10024692118167877,0.024515563622117043,0.18133608996868134,0.04756588488817215
ZJ017372,0.020751584321260452,0.015997711569070816,0.005225802306085825,0.04512343928217888,0.023001844063401222,0.8372730612754822,0.027121927589178085,0.025504671037197113
ZJ017373,0.1391182392835617,0.05318063497543335,0.5631412267684937,0.06365500390529633,0.035132139921188354,0.022123314440250397,0.01899484544992447,0.10465457290410995
ZJ017374,0.004620905965566635,0.003812540089711547,0.001655650557950139,0.005760339088737965,0.00398179842159152,0.003930395934730768,0.9682227969169617,0.008015630766749382
ZJ017375,0.01030141394585371,0.011700175702571869,0.0022293757647275925,0.016213741153478622,0.015184814110398293,0.9257760047912598,0.010679624043405056,0.00791489239782095
ZJ017376,0.2416759729385376,0.14001695811748505,0.44796544313430786,0.017880942672491074,0.05022168904542923,0.01957077533006668,0.045763049274683,0.03690521791577339
ZJ017377,0.2366555631160736,0.1143062561750412,0.47328251600265503,0.027343884110450745,0.0760761946439743,0.009415867738425732,0.03200143575668335,0.030918220058083534
ZJ017378,0.029520289972424507,0.7797568440437317,0.010810541920363903,0.022475427016615868,0.027140019461512566,0.04308218136429787,0.03980907052755356,0.0474056601524353
ZJ017379,0.0048965695314109325,0.005814007483422756,0.003173609497025609,0.00938823726028204,0.005193998571485281,0.006286336109042168,0.9587973356246948,0.006449931301176548
ZJ017380,0.16570620238780975,0.09925444424152374,0.6357161998748779,0.01916353777050972,0.026910964399576187,0.00936544593423605,0.01373450830578804,0.03014872781932354
ZJ017381,0.1513296663761139,0.18277649581432343,0.17736554145812988,0.047900035977363586,0.1287723332643509,0.02900702878832817,0.15265943109989166,0.1301894187927246
ZJ017382,0.05933443456888199,0.03598564490675926,0.7884424924850464,0.028365014120936394,0.027670474722981453,0.0061480337753891945,0.018839824944734573,0.035214006900787354
ZJ017383,0.08148927241563797,0.024607183411717415,0.017917700111865997,0.051680851727724075,0.03313644230365753,0.014322631992399693,0.03196340426802635,0.7448825240135193
ZJ017384,0.009395967237651348,0.9356628060340881,0.0065549989230930805,0.011743973940610886,0.011330080218613148,0.01195121556520462,0.0064081777818500996,0.006952737458050251
ZJ017385,0.1788966953754425,0.14405608177185059,0.45450469851493835,0.023929430171847343,0.0833469033241272,0.012115104123950005,0.05956185609102249,0.04358919709920883
ZJ017386,0.44167158007621765,0.07081256061792374,0.005239797290414572,0.055686697363853455,0.15392139554023743,0.03824352100491524,0.19013755023479462,0.04428686201572418
ZJ017387,0.004414382856339216,0.017332570627331734,0.0018745118286460638,0.006938687525689602,0.005076542031019926,0.009513992816209793,0.9452197551727295,0.009629511274397373
ZJ017388,0.9190221428871155,0.019947180524468422,0.005963483825325966,0.009902695193886757,0.01616589166224003,0.008572757244110107,0.015655359253287315,0.004770600236952305
ZJ017389,0.2543800175189972,0.07586187869310379,0.5031835436820984,0.015819033607840538,0.07241389900445938,0.011417344212532043,0.04284866526722908,0.024075664579868317
ZJ017390,0.004593282472342253,0.004026230424642563,0.002179304137825966,0.008372935466468334,0.004652382340282202,0.00935396645218134,0.9548869132995605,0.01193500030785799
ZJ017391,0.16325096786022186,0.21094942092895508,0.15881097316741943,0.05509579926729202,0.14791005849838257,0.030074922367930412,0.08960408717393875,0.1443038284778595
ZJ017392,0.12441463768482208,0.07162368297576904,0.6175971031188965,0.039853740483522415,0.04345712438225746,0.02118810825049877,0.03738318756222725,0.04448236525058746
ZJ017393,0.009852210059762001,0.008805003017187119,0.0022233636118471622,0.00785824190825224,0.009773326106369495,0.9382813572883606,0.012446240521967411,0.010760316625237465
ZJ017394,0.04175097495317459,0.06016730144619942,0.009718989953398705,0.06121733412146568,0.04146362468600273,0.03333441540598869,0.22277005016803741,0.529577374458313
ZJ017395,0.06501911580562592,0.03380490466952324,0.002311666263267398,0.02399027906358242,0.01715175248682499,0.7797511219978333,0.0519336462020874,0.026037564501166344
ZJ017396,0.09079696238040924,0.05807355418801308,0.3958800435066223,0.07475496828556061,0.06628355383872986,0.03507588058710098,0.07921815663576126,0.1999167799949646
ZJ017397,0.005359113682061434,0.003395073115825653,0.0018093123799189925,0.006432132329791784,0.003801458515226841,0.00552594056352973,0.9669910669326782,0.006685839965939522
ZJ017398,0.11327178031206131,0.10320362448692322,0.05891398340463638,0.05488205328583717,0.12384522706270218,0.05086157098412514,0.14641433954238892,0.3486074209213257
ZJ017399,0.9187612533569336,0.009237105026841164,0.0019891539122909307,0.014098839834332466,0.010272910818457603,0.01087822113186121,0.013966061174869537,0.020796464756131172
ZJ017400,0.1422799825668335,0.044593386352062225,0.0021343433763831854,0.7036683559417725,0.01100850012153387,0.013910620473325253,0.02780088596045971,0.054603949189186096
ZJ017401,0.0032946541905403137,0.003991397563368082,0.0042174747213721275,0.007114711683243513,0.00582030089572072,0.00659725908190012,0.9583022594451904,0.010661900974810123
ZJ017402,0.3179560601711273,0.11773651838302612,0.005429048091173172,0.03826077654957771,0.040012359619140625,0.04595745727419853,0.3368821144104004,0.09776563197374344
ZJ017403,0.9608507752418518,0.007409617304801941,0.0019372324459254742,0.0069089606404304504,0.006814992520958185,0.004972225055098534,0.005703323520720005,0.005402806680649519
ZJ017404,0.23258978128433228,0.16027097404003143,0.049884941428899765,0.06772398203611374,0.09314844012260437,0.04738478362560272,0.17322830855846405,0.17576879262924194
ZJ017405,0.2267790138721466,0.16651830077171326,0.41640719771385193,0.020774776116013527,0.06381923705339432,0.014165403321385384,0.055262576788663864,0.03627348318696022
ZJ017406,0.3465401530265808,0.05187644064426422,0.16670286655426025,0.024573136121034622,0.02972445636987686,0.013902762904763222,0.0672418549656868,0.29943832755088806
ZJ017407,0.008673105388879776,0.00970560684800148,0.002761960495263338,0.020190000534057617,0.011659814976155758,0.012879563495516777,0.02899765409529209,0.9051324129104614
ZJ017408,0.037627361714839935,0.7963559627532959,0.007641692645847797,0.022406574338674545,0.02844073809683323,0.06028403714299202,0.01874714344739914,0.0284966342151165
ZJ017409,0.2795213460922241,0.033827461302280426,0.0063568055629730225,0.026906317099928856,0.5562657713890076,0.022129688411951065,0.023733245208859444,0.05125945061445236
ZJ017410,0.015755508095026016,0.9081545472145081,0.003782600397244096,0.012355831451714039,0.017982695251703262,0.01332093309611082,0.01601489819586277,0.012633061036467552
ZJ017411,0.8228685259819031,0.015870850533246994,0.0016060221241787076,0.06500951200723648,0.014818273484706879,0.007437060587108135,0.014258586801588535,0.05813112109899521
ZJ017412,0.30912357568740845,0.0900946706533432,0.44279617071151733,0.018666984513401985,0.06360632926225662,0.01437741331756115,0.03091825731098652,0.030416565015912056
ZJ017413,0.14493192732334137,0.26980429887771606,0.4270811378955841,0.021021738648414612,0.04739268496632576,0.02704511396586895,0.04644380509853363,0.016279347240924835
ZJ017414,0.13480332493782043,0.03909934312105179,0.046844977885484695,0.1984397917985916,0.04338696971535683,0.03677539527416229,0.09968318790197372,0.4009670317173004
ZJ017415,0.20231932401657104,0.16009362041950226,0.4449705183506012,0.016778914257884026,0.07320283353328705,0.016245801001787186,0.06437712162733078,0.022011857479810715
ZJ017416,0.14970125257968903,0.02890726365149021,0.08109501004219055,0.1754416972398758,0.0696832537651062,0.01895805448293686,0.05248077213764191,0.4237326979637146
ZJ017417,0.2509092390537262,0.13154242932796478,0.38841086626052856,0.021604707464575768,0.06900058686733246,0.0138935511931777,0.09114542603492737,0.03349321708083153
ZJ017418,0.5507687330245972,0.05975082144141197,0.12836332619190216,0.0202729944139719,0.16338498890399933,0.018279455602169037,0.04106026142835617,0.0181194506585598
ZJ017419,0.03710668906569481,0.08228006958961487,0.014921821653842926,0.08099255710840225,0.08569308370351791,0.03429221734404564,0.36355629563331604,0.30115729570388794
ZJ017420,0.21022863686084747,0.13057361543178558,0.07672712951898575,0.061617765575647354,0.11469318717718124,0.035498932003974915,0.22277091443538666,0.14788977801799774
ZJ017421,0.013746190816164017,0.015626942738890648,0.0029368374962359667,0.03503963351249695,0.02084377594292164,0.01264742948114872,0.036829013377428055,0.8623301386833191
ZJ017422,0.2158137559890747,0.10930124670267105,0.5032843947410583,0.028315752744674683,0.07413507252931595,0.00756281241774559,0.03151465207338333,0.030072329565882683
ZJ017423,0.032106831669807434,0.013836336322128773,0.0037902668118476868,0.013116500340402126,0.01968863606452942,0.012684440240263939,0.010548630729317665,0.8942283987998962
ZJ017424,0.17418502271175385,0.05063362792134285,0.44897300004959106,0.054962676018476486,0.06282544881105423,0.01770830899477005,0.03158240392804146,0.15912963449954987
ZJ017425,0.02414921298623085,0.020174739882349968,0.0025899189058691263,0.016378015279769897,0.014537712559103966,0.870552122592926,0.033220089972019196,0.01839814893901348
ZJ017426,0.1720467358827591,0.20331645011901855,0.4270212650299072,0.020676488056778908,0.06585590541362762,0.014973686076700687,0.0692736804485321,0.02683575637638569
ZJ017427,0.005079759284853935,0.005460304673761129,0.002528516808524728,0.004722351208329201,0.0033319415524601936,0.006851908750832081,0.9628388285636902,0.00918637216091156
ZJ017428,0.10595645755529404,0.09176041930913925,0.5115928053855896,0.03446771577000618,0.0965983122587204,0.036249224096536636,0.06461678445339203,0.058758288621902466
ZJ017429,0.370674192905426,0.1199021190404892,0.3537427484989166,0.014615945518016815,0.0416647307574749,0.02055438980460167,0.051764585077762604,0.027081264182925224
ZJ017430,0.10146836936473846,0.034863539040088654,0.020333880558609962,0.015612572431564331,0.0460563562810421,0.012445629574358463,0.7562664747238159,0.012953223660588264
ZJ017431,0.021450979635119438,0.020505735650658607,0.004482022952288389,0.021550919860601425,0.02706468664109707,0.8218916058540344,0.0504726879298687,0.03258128836750984
ZJ017432,0.07034441083669662,0.06580443680286407,0.011092588305473328,0.046572793275117874,0.03297320008277893,0.024910807609558105,0.019956327974796295,0.7283454537391663
ZJ017433,0.003494210774078965,0.0036941079888492823,0.0027835106011480093,0.0066095320507884026,0.003949347417801619,0.005574519746005535,0.9644100069999695,0.00948487501591444
ZJ017434,0.0059884521178901196,0.024770155549049377,0.0023990583140403032,0.007532237097620964,0.0046762144193053246,0.007741146255284548,0.9325751066207886,0.014317591674625874
ZJ017435,0.15014149248600006,0.05784188210964203,0.5030873417854309,0.0684666857123375,0.08389196544885635,0.022551557049155235,0.02560868300497532,0.08841036260128021
ZJ017436,0.0716862678527832,0.08632812649011612,0.590855062007904,0.057314757257699966,0.08684170246124268,0.014709213748574257,0.025950977578759193,0.06631388515233994
ZJ017437,0.957955002784729,0.006948945578187704,0.0013114780886098742,0.006340974010527134,0.005272994749248028,0.004860641900449991,0.009278555400669575,0.008031406439840794
ZJ017438,0.1112840324640274,0.05262627452611923,0.6754879951477051,0.04040810465812683,0.046805985271930695,0.009822819381952286,0.01727515086531639,0.04628963768482208
ZJ017439,0.02341538481414318,0.25321251153945923,0.007852989248931408,0.06181810051202774,0.03812776878476143,0.03560807183384895,0.13099700212478638,0.44896820187568665
ZJ017440,0.9592851400375366,0.00837960559874773,0.0019451095722615719,0.007048087194561958,0.006794012617319822,0.005467538721859455,0.005914322566241026,0.005166259128600359
ZJ017441,0.1610020101070404,0.23806047439575195,0.4397684931755066,0.019097762182354927,0.057741422206163406,0.02256615273654461,0.04409373551607132,0.017669957131147385
ZJ017442,0.0076354132033884525,0.010945035144686699,0.00799246784299612,0.0043534887954592705,0.006649597082287073,0.94819176197052,0.006509735714644194,0.007722529117017984
ZJ017443,0.14360778033733368,0.17303772270679474,0.4654923677444458,0.01888284832239151,0.0839838907122612,0.01724555715918541,0.07761924713850021,0.020130624994635582
ZJ017444,0.01320750080049038,0.019190309569239616,0.00452421186491847,0.010638121515512466,0.013284798711538315,0.9094335436820984,0.017700690776109695,0.012020842172205448
ZJ017445,0.22589360177516937,0.02084505185484886,0.013525249436497688,0.060570184141397476,0.10878276079893112,0.05372360348701477,0.30760031938552856,0.2090591937303543
ZJ017446,0.1422695517539978,0.20033417642116547,0.30532902479171753,0.08241458237171173,0.08746200799942017,0.07654732465744019,0.056894078850746155,0.048749200999736786
ZJ017447,0.9552342295646667,0.008091534487903118,0.002464788034558296,0.0101650170981884,0.006201468873769045,0.005395624786615372,0.006588657386600971,0.005858609918504953
ZJ017448,0.5718163251876831,0.05917733907699585,0.1876021921634674,0.04249425604939461,0.04266997054219246,0.01852298714220524,0.04246727377176285,0.035249751061201096
ZJ017449,0.1405424326658249,0.11845671385526657,0.5111196637153625,0.021253405138850212,0.06310507655143738,0.02176557295024395,0.10286559164524078,0.020891571417450905
ZJ017450,0.006702239625155926,0.9464648365974426,0.0020214475225657225,0.013902144506573677,0.006753601599484682,0.006303966976702213,0.007115576416254044,0.010736056603491306
ZJ017451,0.05850379168987274,0.5952572822570801,0.023796603083610535,0.034322116523981094,0.042837854474782944,0.05649041756987572,0.1385069340467453,0.05028499662876129
ZJ017452,0.08772007375955582,0.07002141326665878,0.6794232130050659,0.03433387354016304,0.032166529446840286,0.022178633138537407,0.03312959149479866,0.04102669283747673
ZJ017453,0.1291603147983551,0.11708717793226242,0.2501273453235626,0.05446115881204605,0.07000866532325745,0.01834043674170971,0.047747090458869934,0.31306779384613037
ZJ017454,0.9548537731170654,0.006958772893995047,0.0012997364392504096,0.008936221711337566,0.006368636153638363,0.004312832374125719,0.00793345458805561,0.009336542338132858
ZJ017455,0.16107408702373505,0.10792464762926102,0.2987350821495056,0.02002919279038906,0.161602184176445,0.06105251610279083,0.07510672509670258,0.11447557061910629
ZJ017456,0.2125883549451828,0.048883192241191864,0.5895085334777832,0.029812408611178398,0.04594016075134277,0.007759547792375088,0.033186737447977066,0.0323210135102272
ZJ017457,0.2377193719148636,0.07011625915765762,0.5764852166175842,0.011464022099971771,0.05365784466266632,0.009153400547802448,0.02879636362195015,0.012607574462890625
ZJ017458,0.04195079207420349,0.04594986513257027,0.006449060048907995,0.3583061397075653,0.042691901326179504,0.026255138218402863,0.1103750690817833,0.368022084236145
ZJ017459,0.03066457062959671,0.6365074515342712,0.003512098453938961,0.03871788829565048,0.018992673605680466,0.02675492875277996,0.13303926587104797,0.11181121319532394
ZJ017460,0.09781704843044281,0.07682294398546219,0.6034855246543884,0.06037125736474991,0.03144485875964165,0.007060768082737923,0.020990148186683655,0.1020074114203453
ZJ017461,0.4700506627559662,0.10086192190647125,0.25504323840141296,0.016982698813080788,0.05136505141854286,0.026906048879027367,0.0463833324611187,0.03240707516670227
ZJ017462,0.015734504908323288,0.010458583012223244,0.0021953792311251163,0.10213492065668106,0.010678140446543694,0.8175531029701233,0.016132811084389687,0.025112558156251907
ZJ017463,0.10614942759275436,0.0856659784913063,0.07879295200109482,0.029952002689242363,0.06099598854780197,0.021144000813364983,0.5541727542877197,0.06312694400548935
ZJ017464,0.1481063961982727,0.13393719494342804,0.1995907723903656,0.05293896049261093,0.11076750606298447,0.02459581010043621,0.15507633984088898,0.1749870330095291
ZJ017465,0.009458372369408607,0.9348558187484741,0.0033148175571113825,0.010923079214990139,0.007068121340125799,0.013205386698246002,0.01002573687583208,0.01114862971007824
ZJ017466,0.9659826755523682,0.005537435412406921,0.0016544235404580832,0.006384511012583971,0.006446037441492081,0.004875974263995886,0.0042516556568443775,0.00486737908795476
ZJ017467,0.2517440617084503,0.051399968564510345,0.5113435983657837,0.048509564250707626,0.03768501803278923,0.022349070757627487,0.029762353748083115,0.047206345945596695
ZJ017468,0.0153538528829813,0.013655108399689198,0.0025246755685657263,0.009249625727534294,0.011629273183643818,0.9162550568580627,0.020624475553631783,0.010707924142479897
ZJ017469,0.15953034162521362,0.09889008104801178,0.11223750561475754,0.11299589276313782,0.10950415581464767,0.031583238393068314,0.10840627551078796,0.26685255765914917
ZJ017470,0.10504422336816788,0.21658067405223846,0.45907482504844666,0.02042132057249546,0.10906616598367691,0.015245596878230572,0.046192411333322525,0.028374820947647095
ZJ017471,0.5533677339553833,0.1394140124320984,0.1198493242263794,0.03278300538659096,0.07998563349246979,0.020872419700026512,0.02732858620584011,0.026399269700050354
ZJ017472,0.47496357560157776,0.283456027507782,0.045459382236003876,0.019606612622737885,0.08346953243017197,0.040292635560035706,0.035199813544750214,0.017552457749843597
ZJ017473,0.005309674423187971,0.005863138008862734,0.004497566260397434,0.007979782298207283,0.007321472279727459,0.00969503354281187,0.9423420429229736,0.016991298645734787
ZJ017474,0.004868548363447189,0.003545484272763133,0.0026774986181408167,0.007348225452005863,0.005897719878703356,0.00527849281206727,0.9651031494140625,0.005280816927552223
ZJ017475,0.06042645499110222,0.7972641587257385,0.0031764886807650328,0.028095943853259087,0.017823833972215652,0.012553530745208263,0.056568823754787445,0.02409077249467373
ZJ017476,0.00301999575458467,0.002780836308375001,0.003090799320489168,0.005762035027146339,0.003974986728280783,0.005173452664166689,0.968521773815155,0.007676190696656704
ZJ017477,0.06541124731302261,0.021102862432599068,0.01033259928226471,0.030395660549402237,0.016210738569498062,0.009823133237659931,0.019587380811572075,0.8271363377571106
ZJ017478,0.3111335039138794,0.15065917372703552,0.35888558626174927,0.021655168384313583,0.05233583599328995,0.015910634770989418,0.06287883222103119,0.026541251689195633
ZJ017479,0.007136200089007616,0.9127731323242188,0.0053153131157159805,0.010580934584140778,0.010386626236140728,0.011955760419368744,0.027906114235520363,0.013945897109806538
ZJ017480,0.005674784071743488,0.0034077970776706934,0.0019900845363736153,0.005472260527312756,0.004947789013385773,0.0049840305000543594,0.9650210738182068,0.008502079173922539
ZJ017481,0.1683541089296341,0.2526925206184387,0.4181494116783142,0.02129940874874592,0.05261192470788956,0.02695055492222309,0.04449258744716644,0.01544949971139431
ZJ017482,0.25409039855003357,0.15405429899692535,0.33246806263923645,0.014586043544113636,0.14280952513217926,0.02056736871600151,0.04493715614080429,0.03648720681667328
ZJ017483,0.18861335515975952,0.29396671056747437,0.003537009470164776,0.06588098406791687,0.030823729932308197,0.03142767772078514,0.31210246682167053,0.07364796847105026
ZJ017484,0.1755281388759613,0.07676920294761658,0.6251590251922607,0.012233921326696873,0.06013747304677963,0.010027878917753696,0.027989951893687248,0.012154405936598778
ZJ017485,0.08660849928855896,0.09170138090848923,0.0021696467883884907,0.07460563629865646,0.027844469994306564,0.04288695007562637,0.5907214283943176,0.08346202224493027
ZJ017486,0.2754839360713959,0.11735284328460693,0.08344084769487381,0.07700803130865097,0.12630751729011536,0.035136960446834564,0.07030706852674484,0.21496278047561646
ZJ017487,0.15664784610271454,0.07684505730867386,0.13248388469219208,0.10291901230812073,0.11553353071212769,0.029407232999801636,0.11708170175552368,0.2690817713737488
ZJ017488,0.9418498277664185,0.009024648927152157,0.0017755900043994188,0.011361710727214813,0.009537470526993275,0.007266038563102484,0.010144523344933987,0.009040184319019318
ZJ017489,0.3350904881954193,0.0701945349574089,0.27442029118537903,0.0289293359965086,0.041114795953035355,0.014715148136019707,0.052804939448833466,0.18273045122623444
ZJ017490,0.07149358838796616,0.0806615948677063,0.5231041312217712,0.06904678046703339,0.061909645795822144,0.03664170578122139,0.03778655454516411,0.11935599148273468
ZJ017491,0.38242605328559875,0.16253498196601868,0.021749183535575867,0.06368140131235123,0.10995037108659744,0.046536315232515335,0.12060647457838058,0.09251523017883301
ZJ017492,0.2759736478328705,0.14447249472141266,0.42509233951568604,0.016078243032097816,0.06384912878274918,0.014445909298956394,0.03390632942318916,0.026181906461715698
ZJ017493,0.10691472887992859,0.11490316689014435,0.009373124688863754,0.062600277364254,0.06449418514966965,0.04636732116341591,0.3508301377296448,0.24451710283756256
ZJ017494,0.006454992573708296,0.928098201751709,0.0032280473969876766,0.008886863477528095,0.0072670248337090015,0.013195514678955078,0.015241442248225212,0.017627885565161705
ZJ017495,0.007600726559758186,0.9348416328430176,0.005202001426368952,0.009655782952904701,0.009043055586516857,0.007769627030938864,0.013862884603440762,0.012024279683828354
ZJ017496,0.22329333424568176,0.20583294332027435,0.36134618520736694,0.01954876258969307,0.0585377998650074,0.022928671911358833,0.0694819912314415,0.03903035447001457
ZJ017497,0.030865704640746117,0.04296243190765381,0.009005515836179256,0.3767886161804199,0.0440322570502758,0.3187001347541809,0.05515875294804573,0.12248657643795013
ZJ017498,0.9622388482093811,0.005847549997270107,0.0013048554537817836,0.005928523372858763,0.01045210286974907,0.0046850875951349735,0.004445481114089489,0.00509754428640008
ZJ017499,0.16782744228839874,0.18095868825912476,0.34385910630226135,0.03963998332619667,0.13241046667099,0.014041784219443798,0.06593243032693863,0.055330101400613785
ZJ017500,0.08674564212560654,0.08213624358177185,0.14707593619823456,0.0966559424996376,0.07396233826875687,0.04146930202841759,0.056599024683237076,0.41535550355911255
ZJ017501,0.8756221532821655,0.011500640772283077,0.002793428488075733,0.01901545375585556,0.046189162880182266,0.01116552297025919,0.022855542600154877,0.010858126915991306
ZJ017502,0.007971664890646935,0.005311541724950075,0.0027121691964566708,0.012131752446293831,0.006095418706536293,0.0060597932897508144,0.9386746883392334,0.021042916923761368
ZJ017503,0.17957770824432373,0.10329329967498779,0.5523757338523865,0.022329196333885193,0.06673608720302582,0.01101240236312151,0.03971684351563454,0.02495870739221573
ZJ017504,0.003780106781050563,0.003907633479684591,0.003231317736208439,0.0059295655228197575,0.0046998742036521435,0.005327483639121056,0.9674656391143799,0.005658475682139397
ZJ017505,0.19509030878543854,0.14595842361450195,0.4331757724285126,0.01639234460890293,0.08279883116483688,0.011944384314119816,0.08051331341266632,0.034126557409763336
ZJ017506,0.1809181272983551,0.08288239687681198,0.07635664194822311,0.15110614895820618,0.08169011771678925,0.04141589254140854,0.08707432448863983,0.2985563576221466
ZJ017507,0.138167604804039,0.07537195831537247,0.6415085792541504,0.01627499982714653,0.05166858434677124,0.011967122554779053,0.0389632023870945,0.026077909395098686
ZJ017508,0.13941189646720886,0.032618094235658646,0.5734602808952332,0.059794697910547256,0.04223300516605377,0.0194447860121727,0.023231621831655502,0.10980568081140518
ZJ017509,0.011114414781332016,0.010146645829081535,0.0021992053370922804,0.031130483373999596,0.012895639054477215,0.9021283388137817,0.01722605526447296,0.013159372843801975
ZJ017510,0.09524324536323547,0.18367524445056915,0.551056444644928,0.01997406966984272,0.06520039588212967,0.023693330585956573,0.033617038279771805,0.027540236711502075
ZJ017511,0.9511697888374329,0.007224329747259617,0.0012646602699533105,0.006228860933333635,0.013980457559227943,0.0059079015627503395,0.00908377580344677,0.0051402440294623375
ZJ017512,0.005418428685516119,0.0038283499889075756,0.0027679905761033297,0.007693497929722071,0.0035549227613955736,0.006477323826402426,0.962035059928894,0.008224424906075
ZJ017513,0.013786548748612404,0.013890590518712997,0.0032907414715737104,0.009698924608528614,0.017630560323596,0.9142885208129883,0.01620635762810707,0.011207802221179008
ZJ017514,0.12969064712524414,0.24302171170711517,0.38788294792175293,0.019443454220891,0.11252981424331665,0.02031419612467289,0.06114457547664642,0.025972599163651466
ZJ017515,0.02355305664241314,0.04581658914685249,0.01556046400219202,0.036843132227659225,0.046830613166093826,0.02317936345934868,0.5010349154472351,0.30718186497688293
ZJ017516,0.010424994863569736,0.011985788121819496,0.0027720294892787933,0.017352649942040443,0.01105905044823885,0.011328036896884441,0.010304074734449387,0.9247733354568481
ZJ017517,0.0031310906633734703,0.00349966948851943,0.0023425070103257895,0.00839095190167427,0.0038732397370040417,0.005393759813159704,0.9557660818099976,0.017602646723389626
ZJ017518,0.3026529550552368,0.16635997593402863,0.30780738592147827,0.018048718571662903,0.07703394442796707,0.016174986958503723,0.07799194008111954,0.033930063247680664
ZJ017519,0.010199431329965591,0.009109794162213802,0.002904551336541772,0.01788126491010189,0.014275271445512772,0.019487351179122925,0.7529207468032837,0.173221617937088
ZJ017520,0.19922710955142975,0.1152084544301033,0.31123101711273193,0.05629073083400726,0.12769514322280884,0.026790834963321686,0.026849869638681412,0.1367068588733673
ZJ017521,0.14979706704616547,0.04664992913603783,0.565889298915863,0.07078700512647629,0.04340711981058121,0.016566768288612366,0.018730800598859787,0.08817198127508163
ZJ017522,0.08086804300546646,0.027208948507905006,0.05759595334529877,0.02025619149208069,0.028095858171582222,0.019745294004678726,0.7204371094703674,0.045792724937200546
ZJ017523,0.06729057431221008,0.03785586729645729,0.0689423680305481,0.07987788319587708,0.08935664594173431,0.051514577120542526,0.05715259909629822,0.54800945520401
ZJ017524,0.014839212410151958,0.0037545389495790005,0.0015230904100462794,0.007014753296971321,0.0055166310630738735,0.005616166163235903,0.9564369320869446,0.005298541858792305
ZJ017525,0.40325629711151123,0.034450266510248184,0.0029576104134321213,0.011218620464205742,0.014670165255665779,0.01386958733201027,0.44969630241394043,0.0698811411857605
ZJ017526,0.18351973593235016,0.07609174400568008,0.5867915153503418,0.01632249541580677,0.0650864988565445,0.012354802340269089,0.03718426451086998,0.0226488895714283
ZJ017527,0.005082621704787016,0.942854642868042,0.0038221844006329775,0.017747504636645317,0.007638407405465841,0.009283304214477539,0.005560367833822966,0.008010970428586006
ZJ017528,0.00423513725399971,0.004794341046363115,0.0027785636484622955,0.0060264174826443195,0.0047771441750228405,0.005118115339428186,0.9646061658859253,0.0076640937477350235
ZJ017529,0.23211587965488434,0.31500566005706787,0.23505914211273193,0.0217103511095047,0.08191975951194763,0.02730575203895569,0.06291628628969193,0.023967130109667778
ZJ017530,0.9437165856361389,0.010181112214922905,0.0016558136558160186,0.014269950799643993,0.007469851989299059,0.00497816875576973,0.0070567005313932896,0.010671790689229965
ZJ017531,0.007885045371949673,0.008640719577670097,0.005643316078931093,0.004426390398293734,0.007589538581669331,0.9526308178901672,0.005561729893088341,0.007622383069247007
ZJ017532,0.19959722459316254,0.10200303047895432,0.5605085492134094,0.014382148161530495,0.04360382631421089,0.008984850719571114,0.043563906103372574,0.027356518432497978
ZJ017533,0.15050064027309418,0.132422536611557,0.4940098822116852,0.03233221173286438,0.07349591702222824,0.024088893085718155,0.05664997547864914,0.03649987280368805
ZJ017534,0.025946876034140587,0.861729621887207,0.009109962731599808,0.009262358769774437,0.01924964413046837,0.010121447034180164,0.02687029168009758,0.0377097986638546
ZJ017535,0.011164459399878979,0.9157968759536743,0.005141477566212416,0.014004931785166264,0.014786427840590477,0.015018263831734657,0.010630113072693348,0.013457330875098705
ZJ017536,0.1984708309173584,0.06861350685358047,0.5764141082763672,0.023882830515503883,0.06592725217342377,0.012940985150635242,0.032490599900484085,0.021259892731904984
ZJ017537,0.06365768611431122,0.062389712780714035,0.726077139377594,0.03100537322461605,0.031678058207035065,0.019321640953421593,0.028897134587168694,0.0369732566177845
ZJ017538,0.2107839435338974,0.15908418595790863,0.10051684081554413,0.07164741307497025,0.119430772960186,0.04191339388489723,0.15525834262371063,0.14136508107185364
ZJ017539,0.004592427052557468,0.0040456815622746944,0.0017648309003561735,0.00922440830618143,0.006298958323895931,0.0044300854206085205,0.9617633819580078,0.00788023043423891
ZJ017540,0.16784872114658356,0.1975715160369873,0.32555294036865234,0.02283088117837906,0.10403621196746826,0.032874781638383865,0.10873391479253769,0.04055109620094299
ZJ017541,0.2666609287261963,0.118980772793293,0.4308168590068817,0.030486833304166794,0.08184447884559631,0.00750953471288085,0.030086858198046684,0.03361374884843826
ZJ017542,0.309171587228775,0.14336737990379333,0.3497448265552521,0.022395014762878418,0.06295954436063766,0.01498482096940279,0.07481799274682999,0.02255881205201149
ZJ017543,0.14642484486103058,0.1313953548669815,0.03947829827666283,0.06266717612743378,0.11465469002723694,0.03267563134431839,0.18065224587917328,0.2920518219470978
ZJ017544,0.1381206214427948,0.07719636708498001,0.6266723871231079,0.015490912832319736,0.07379124313592911,0.007823974825441837,0.02059454284608364,0.04031002148985863
ZJ017545,0.2762637436389923,0.1342574805021286,0.37054094672203064,0.018431948497891426,0.0650336816906929,0.018577905371785164,0.08720037341117859,0.029694033786654472
ZJ017546,0.1411740481853485,0.06018638610839844,0.38931137323379517,0.05601206421852112,0.07558132708072662,0.022042972967028618,0.052491918206214905,0.20319989323616028
ZJ017547,0.006487817969173193,0.0052905636839568615,0.0026265601627528667,0.005437228828668594,0.004611847922205925,0.010594036430120468,0.9548150897026062,0.010136892087757587
ZJ017548,0.1607382893562317,0.14798976480960846,0.4599023461341858,0.026980943977832794,0.1052013635635376,0.01888284459710121,0.04812033101916313,0.03218408674001694
ZJ017549,0.017116859555244446,0.01826547458767891,0.006337614264339209,0.010349834337830544,0.02129529044032097,0.8813255429267883,0.028736820444464684,0.016572576016187668
ZJ017550,0.04861396923661232,0.0568934790790081,0.7572143077850342,0.028426436707377434,0.054946113377809525,0.009861631318926811,0.01834072358906269,0.025703391060233116
ZJ017551,0.28481194376945496,0.05645328387618065,0.3917590081691742,0.04228335618972778,0.060138456523418427,0.012803351506590843,0.050986748188734055,0.10076380521059036
ZJ017552,0.0035371403209865093,0.005515537690371275,0.002573606790974736,0.008144132792949677,0.003119813045486808,0.005737139377743006,0.9617503881454468,0.009622296318411827
ZJ017553,0.12885627150535583,0.07990191131830215,0.4257507026195526,0.048247359693050385,0.055235475301742554,0.023411661386489868,0.07845181226730347,0.16014477610588074
ZJ017554,0.014398186467587948,0.876763641834259,0.008565750904381275,0.03590641915798187,0.017412854358553886,0.017497321590781212,0.011310274712741375,0.018145611509680748
ZJ017555,0.28739264607429504,0.14884404838085175,0.3545605540275574,0.027333064004778862,0.1000467985868454,0.014981351792812347,0.04712033271789551,0.019721200689673424
ZJ017556,0.015194009989500046,0.012182178907096386,0.0016552882734686136,0.010434621945023537,0.011150321923196316,0.9260551929473877,0.01249011978507042,0.010838277637958527
ZJ017557,0.12305400520563126,0.10991185158491135,0.4587092101573944,0.025896871462464333,0.0727485790848732,0.021457288414239883,0.025681205093860626,0.16254103183746338
ZJ017558,0.011850809678435326,0.006351710297167301,0.00255690049380064,0.025796758010983467,0.014749739319086075,0.04598071798682213,0.8356431722640991,0.05707026273012161
ZJ017559,0.09961152821779251,0.056402090936899185,0.6338661313056946,0.04938074201345444,0.04678402468562126,0.02330050803720951,0.016546696424484253,0.07410825788974762
ZJ017560,0.008127326145768166,0.015268434770405293,0.006360913161188364,0.04002109915018082,0.02711500972509384,0.018096990883350372,0.8237009048461914,0.06130920350551605
ZJ017561,0.18606528639793396,0.1153021976351738,0.12127852439880371,0.11019265651702881,0.10682553052902222,0.03160160034894943,0.1071505919098854,0.22158357501029968
ZJ017562,0.1549709588289261,0.08556292206048965,0.4579664468765259,0.0771985873579979,0.07405228167772293,0.024979524314403534,0.023206567391753197,0.10206262767314911
ZJ017563,0.023157218471169472,0.020499367266893387,0.008716603741049767,0.013858774676918983,0.03574197739362717,0.8511745929718018,0.026264218613505363,0.020587222650647163
ZJ017564,0.15072883665561676,0.1603454351425171,0.38615861535072327,0.035453617572784424,0.12583884596824646,0.03470209985971451,0.06859889626502991,0.03817366436123848
ZJ017565,0.09300997108221054,0.059206582605838776,0.7265774011611938,0.02572684921324253,0.02594485506415367,0.010016473941504955,0.02784566581249237,0.03167211264371872
ZJ017566,0.07328164577484131,0.04330483078956604,0.6514225602149963,0.03897615894675255,0.04300277680158615,0.010302604176104069,0.049698758870363235,0.09001068770885468
ZJ017567,0.008108665235340595,0.011815587989985943,0.0039213974960148335,0.0069305384531617165,0.011176381260156631,0.9429866075515747,0.007944276556372643,0.007116579916328192
ZJ017568,0.004417522344738245,0.0036072549410164356,0.0029691504314541817,0.005186037160456181,0.00318776722997427,0.0052603911608457565,0.9660574197769165,0.009314547292888165
ZJ017569,0.09630603343248367,0.10246150195598602,0.1336860954761505,0.09524605423212051,0.11910048127174377,0.026767823845148087,0.08026550710201263,0.3461665213108063
ZJ017570,0.028209427371621132,0.024009153246879578,0.010855917818844318,0.015159825794398785,0.04415469616651535,0.822256863117218,0.031034672632813454,0.024319367483258247
ZJ017571,0.3562425971031189,0.08582866191864014,0.0030473677907139063,0.05649507790803909,0.02861998789012432,0.02848200686275959,0.37707459926605225,0.06420977413654327
ZJ017572,0.11116759479045868,0.06622633337974548,0.2491876780986786,0.1267794519662857,0.10356970131397247,0.019045397639274597,0.10878724604845047,0.21523654460906982
ZJ017573,0.19172118604183197,0.1613951325416565,0.49872466921806335,0.013181853108108044,0.05185355991125107,0.010080031119287014,0.05827660486102104,0.014766992069780827
ZJ017574,0.01222432404756546,0.9280443787574768,0.005167820956557989,0.017729226499795914,0.009256149642169476,0.013176767155528069,0.005285779945552349,0.009115527383983135
ZJ017575,0.05166225880384445,0.6915353536605835,0.008336414583027363,0.03363054245710373,0.02922486513853073,0.03347877040505409,0.09227297455072403,0.059858910739421844
ZJ017576,0.08047332614660263,0.04637226462364197,0.7031158208847046,0.036390095949172974,0.04634525626897812,0.016650617122650146,0.020978432148694992,0.04967418313026428
ZJ017577,0.04290274903178215,0.007572473026812077,0.0017068036831915379,0.021903706714510918,0.02016921155154705,0.01173702348023653,0.8741397857666016,0.01986825093626976
ZJ017578,0.004769967868924141,0.0033800771925598383,0.0028447203803807497,0.005561780650168657,0.004209101665765047,0.006937776692211628,0.9643188714981079,0.007977652363479137
ZJ017579,0.19363193213939667,0.2212091088294983,0.2264281064271927,0.020518576726317406,0.05698654428124428,0.017414728179574013,0.18511712551116943,0.07869385927915573
ZJ017580,0.7949076294898987,0.017315858975052834,0.01162880752235651,0.009529993869364262,0.045315682888031006,0.006780281197279692,0.09924176335334778,0.015279964543879032
ZJ017581,0.022521361708641052,0.034075796604156494,0.0063229394145309925,0.032432179898023605,0.032636791467666626,0.01401042565703392,0.4742254316806793,0.3837750256061554
ZJ017582,0.019091272726655006,0.01691300980746746,0.0021800005342811346,0.051228031516075134,0.020091651007533073,0.8588787913322449,0.012767133302986622,0.018850216642022133
ZJ017583,0.2618519067764282,0.22767576575279236,0.24047620594501495,0.022791849449276924,0.09976621717214584,0.019833151251077652,0.10436322540044785,0.023241689428687096
ZJ017584,0.006739896256476641,0.009657816961407661,0.002488052472472191,0.01340994518250227,0.01226486824452877,0.025034189224243164,0.9074094891548157,0.022995728999376297
ZJ017585,0.004106663167476654,0.0033274581655859947,0.0031725014559924603,0.007329748943448067,0.004011521115899086,0.005147683434188366,0.9655129313468933,0.007391475606709719
ZJ017586,0.023261046037077904,0.8393929600715637,0.004649157170206308,0.011451972648501396,0.024701271206140518,0.027636978775262833,0.05375732481479645,0.015149219892919064
ZJ017587,0.1820244938135147,0.14622367918491364,0.10929045081138611,0.06525799632072449,0.13923749327659607,0.048672597855329514,0.1414027214050293,0.1678905487060547
ZJ017588,0.0055471137166023254,0.006827447097748518,0.002256582025438547,0.01676521636545658,0.010133936069905758,0.011599102057516575,0.9078065156936646,0.03906413912773132
ZJ017589,0.028819769620895386,0.7100228667259216,0.0037887932267040014,0.026674097403883934,0.016560252755880356,0.015233068726956844,0.027107087895274162,0.1717941164970398
ZJ017590,0.03941095992922783,0.896106481552124,0.018938785418868065,0.007282959762960672,0.017973991110920906,0.005692889913916588,0.009193441830575466,0.005400490947067738
ZJ017591,0.10795967280864716,0.05032753199338913,0.05404664948582649,0.3249160945415497,0.10728321224451065,0.09229746460914612,0.08559203147888184,0.17757733166217804
ZJ017592,0.19032849371433258,0.11461812257766724,0.37201762199401855,0.029773665592074394,0.14298853278160095,0.014276883564889431,0.0975523442029953,0.03844432532787323
ZJ017593,0.07216564565896988,0.08668641000986099,0.13544315099716187,0.02480991743505001,0.06865142285823822,0.09098705649375916,0.42203253507614136,0.09922386705875397
ZJ017594,0.15913183987140656,0.13179917633533478,0.49992382526397705,0.02671688236296177,0.0718781128525734,0.019780654460191727,0.06014607474207878,0.030623367056250572
ZJ017595,0.15906518697738647,0.1912720501422882,0.47240132093429565,0.018795713782310486,0.07290267944335938,0.01638978347182274,0.04338013008236885,0.02579311653971672
ZJ017596,0.027183491736650467,0.019503315910696983,0.0086146155372262,0.014961657114326954,0.03616085276007652,0.8362533450126648,0.033097732812166214,0.024225033819675446
ZJ017597,0.2636648714542389,0.13024114072322845,0.4478297531604767,0.018754711374640465,0.06250511854887009,0.008846468292176723,0.044281650334596634,0.023876342922449112
ZJ017598,0.03147703409194946,0.025803575292229652,0.0026076543144881725,0.02229263074696064,0.01730804145336151,0.847995936870575,0.0301269069314003,0.022388160228729248
ZJ017599,0.015542803332209587,0.011199652217328548,0.003187428927049041,0.006107319612056017,0.011320292018353939,0.9260326027870178,0.017309973016381264,0.00929991714656353
ZJ017600,0.23541109263896942,0.181214839220047,0.08130443841218948,0.058180976659059525,0.09746495634317398,0.03458774834871292,0.15504145622253418,0.15679451823234558
ZJ017601,0.22318945825099945,0.0732070580124855,0.578146755695343,0.013268107548356056,0.05243173614144325,0.006628479342907667,0.03267204388976097,0.02045636624097824
ZJ017602,0.04681874066591263,0.013027366250753403,0.0015478399582207203,0.03374620899558067,0.011734451167285442,0.021411269903182983,0.8495578169822693,0.02215627394616604
ZJ017603,0.1447305679321289,0.12483500689268112,0.4149821698665619,0.02544175274670124,0.13086648285388947,0.06523407995700836,0.06001507490873337,0.03389488160610199
ZJ017604,0.18447980284690857,0.20425167679786682,0.4527124762535095,0.015905600041151047,0.07180014252662659,0.009898938238620758,0.04381810873746872,0.01713324896991253
ZJ017605,0.8735080361366272,0.010986672714352608,0.001711442251689732,0.013009535148739815,0.010776837356388569,0.015712875872850418,0.04631873220205307,0.027975790202617645
ZJ017606,0.003978309221565723,0.0062178755179047585,0.003831401700153947,0.00707043195143342,0.006191431079059839,0.00839016679674387,0.953529953956604,0.010790457017719746
ZJ017607,0.173292875289917,0.10933087021112442,0.5649332404136658,0.029788967221975327,0.05711226537823677,0.006613817997276783,0.029267948120832443,0.029660021886229515
ZJ017608,0.00781919900327921,0.9245858192443848,0.0027086930349469185,0.011986369267106056,0.010711347684264183,0.013828670606017113,0.011714731343090534,0.016645153984427452
ZJ017609,0.12534765899181366,0.1987755447626114,0.398576945066452,0.03177322447299957,0.11156415939331055,0.021982789039611816,0.06883227080106735,0.04314747825264931
ZJ017610,0.07484441995620728,0.059104204177856445,0.5926935076713562,0.03153545409440994,0.10508518666028976,0.02469582110643387,0.041165050119161606,0.070876345038414
ZJ017611,0.8251951336860657,0.01185138151049614,0.0036549323704093695,0.017761455848813057,0.03906681761145592,0.010178149677813053,0.020635318011045456,0.07165680080652237
ZJ017612,0.8182302117347717,0.01640889048576355,0.00338925002142787,0.011268183588981628,0.12128186225891113,0.007951710373163223,0.009285097941756248,0.012184875085949898
ZJ017613,0.30545446276664734,0.10966315865516663,0.07932528853416443,0.07544220983982086,0.1182841956615448,0.03300496190786362,0.07035015523433685,0.20847560465335846
ZJ017614,0.9567898511886597,0.008907814510166645,0.0017874904442578554,0.007525658700615168,0.006217117886990309,0.006084272637963295,0.00672182347625494,0.005965971387922764
ZJ017615,0.12179408222436905,0.10164207220077515,0.6229287385940552,0.01618574932217598,0.06126217916607857,0.00987850222736597,0.03988618776202202,0.02642250806093216
ZJ017616,0.004079944919794798,0.004498603288084269,0.002430965192615986,0.005362347234040499,0.0037087791133672,0.005061211064457893,0.9686884880065918,0.0061696902848780155
ZJ017617,0.007072081323713064,0.9500390291213989,0.0038918787613511086,0.012594304047524929,0.007132994942367077,0.0071628461591899395,0.005940629635006189,0.0061662145890295506
ZJ017618,0.14424873888492584,0.0816745012998581,0.13220615684986115,0.14884385466575623,0.11960571259260178,0.038079749792814255,0.10812906175851822,0.22721225023269653
ZJ017619,0.0235271118581295,0.024756332859396935,0.01685252971947193,0.039975058287382126,0.029060781002044678,0.027872415259480476,0.04861389473080635,0.7893418073654175
ZJ017620,0.005189044401049614,0.004527998622506857,0.002282281406223774,0.0066740005277097225,0.00363290891982615,0.004446718376129866,0.9675754308700562,0.005671553313732147
ZJ017621,0.22875849902629852,0.22515280544757843,0.34898391366004944,0.01818397454917431,0.06202010437846184,0.011224822141230106,0.06110606715083122,0.04456981271505356
ZJ017622,0.009193508885800838,0.8895754218101501,0.002318047685548663,0.010187842883169651,0.007130665238946676,0.01411760039627552,0.04074375331401825,0.026733161881566048
ZJ017623,0.2917834520339966,0.10248269885778427,0.3081245422363281,0.030245056375861168,0.0871538296341896,0.025274137035012245,0.06188933178782463,0.09304694086313248
ZJ017624,0.3270552456378937,0.11963587999343872,0.3296557366847992,0.026952141895890236,0.06118462607264519,0.01973259635269642,0.07978962361812592,0.03599417954683304
ZJ017625,0.2921731770038605,0.1664735972881317,0.3102317750453949,0.017306417226791382,0.048141464591026306,0.01763634756207466,0.096279576420784,0.051757652312517166
ZJ017626,0.08773234486579895,0.05235567316412926,0.004153209738433361,0.042581312358379364,0.03606230765581131,0.05376715585589409,0.5976186990737915,0.12572936713695526
ZJ017627,0.15796859562397003,0.18075236678123474,0.35244202613830566,0.0217121634632349,0.08133208006620407,0.022801127284765244,0.10633432865142822,0.07665732502937317
ZJ017628,0.2895081341266632,0.18400278687477112,0.24619121849536896,0.026197930797934532,0.10197465866804123,0.018109148368239403,0.08478914201259613,0.04922692850232124
ZJ017629,0.1471092849969864,0.038542937487363815,0.006432719528675079,0.0633542537689209,0.05836976692080498,0.02765532024204731,0.13987499475479126,0.5186606645584106
ZJ017630,0.004240517504513264,0.004005152732133865,0.0024093424435704947,0.005808595567941666,0.003623990109190345,0.004735494032502174,0.9682941436767578,0.006882839370518923
ZJ017631,0.11842423677444458,0.04693355783820152,0.597869336605072,0.06195773184299469,0.04621824622154236,0.024746214970946312,0.01626897044479847,0.08758173137903214
ZJ017632,0.007831433787941933,0.9335678815841675,0.00406243558973074,0.01586449332535267,0.009732287377119064,0.011512890458106995,0.008257145062088966,0.009171530604362488
ZJ017633,0.018753450363874435,0.006367925088852644,0.002079382538795471,0.007727733813226223,0.005948245991021395,0.00521876523271203,0.9398317337036133,0.014072699472308159
ZJ017634,0.2298334240913391,0.13065364956855774,0.4317915439605713,0.027809474617242813,0.08595984429121017,0.020621037110686302,0.03947247192263603,0.033858560025691986
ZJ017635,0.013428506441414356,0.01256004348397255,0.0036870893090963364,0.009798744693398476,0.010756444185972214,0.9239581823348999,0.015410937368869781,0.010400013066828251
ZJ017636,0.0672503188252449,0.059005189687013626,0.0455961748957634,0.10005209594964981,0.06860680878162384,0.037157293409109116,0.07522552460432053,0.5471066236495972
ZJ017637,0.9230260848999023,0.014590255916118622,0.0038529664743691683,0.011136367917060852,0.014584996737539768,0.010321191512048244,0.012670868076384068,0.009817272424697876
ZJ017638,0.1813710629940033,0.1714269518852234,0.006339639890938997,0.01813492923974991,0.03165379539132118,0.01499689370393753,0.5408366322517395,0.035240013152360916
ZJ017639,0.9462021589279175,0.005083815660327673,0.0014797477051615715,0.007631958462297916,0.004980144556611776,0.008034488186240196,0.01910308748483658,0.007484635338187218
ZJ017640,0.16780677437782288,0.20150010287761688,0.41729941964149475,0.017822347581386566,0.06117014214396477,0.024625690653920174,0.07555261999368668,0.03422290459275246
ZJ017641,0.008552497252821922,0.9401137828826904,0.005115693900734186,0.010654184967279434,0.010305051691830158,0.011631134897470474,0.006106868386268616,0.007520823273807764
ZJ017642,0.014087475836277008,0.01607413962483406,0.003779563121497631,0.018257224932312965,0.013133625499904156,0.015087164007127285,0.013970890082418919,0.9056098461151123
ZJ017643,0.18909569084644318,0.03241381049156189,0.028211550787091255,0.13374784588813782,0.08041859418153763,0.03642789274454117,0.09194296598434448,0.40774163603782654
ZJ017644,0.1926896721124649,0.06286537647247314,0.08517404645681381,0.1663839966058731,0.09602572023868561,0.03256317228078842,0.09400063753128052,0.2702973484992981
ZJ017645,0.2985130548477173,0.1145617738366127,0.4261966943740845,0.018985750153660774,0.06958496570587158,0.013135110959410667,0.03197827935218811,0.027044406160712242
ZJ017646,0.011926911771297455,0.8061429858207703,0.003421284956857562,0.01349061168730259,0.014561456628143787,0.021288350224494934,0.10954418033361435,0.019624117761850357
ZJ017647,0.08549010753631592,0.06883911788463593,0.592373788356781,0.033121973276138306,0.0801507830619812,0.028170019388198853,0.04461602121591568,0.06723814457654953
ZJ017648,0.16303755342960358,0.055591363459825516,0.09470067918300629,0.1241123229265213,0.07362682372331619,0.03745965659618378,0.09112539887428284,0.3603462278842926
ZJ017649,0.16462373733520508,0.040507663041353226,0.023291995748877525,0.2573397755622864,0.07235463708639145,0.09107470512390137,0.08770386129617691,0.2631036341190338
ZJ017650,0.5034173727035522,0.06887347251176834,0.16316525638103485,0.02240697853267193,0.16038314998149872,0.015159519389271736,0.04561147093772888,0.020982766523957253
ZJ017651,0.014436294324696064,0.8871786594390869,0.008047795854508877,0.01689217798411846,0.015871256589889526,0.022486049681901932,0.013283872976899147,0.02180393971502781
ZJ017652,0.025391895323991776,0.8596366047859192,0.0022356382105499506,0.03613743931055069,0.013799788430333138,0.01681533269584179,0.03073115460574627,0.0152522511780262
ZJ017653,0.5191907286643982,0.1476742923259735,0.08317122608423233,0.019622802734375,0.05805965140461922,0.02278571017086506,0.1307903230190277,0.01870516687631607
ZJ017654,0.01591542549431324,0.014259177260100842,0.003775980556383729,0.00791992899030447,0.018024304881691933,0.9136645197868347,0.013273944146931171,0.013166753575205803
ZJ017655,0.08675659447908401,0.062322940677404404,0.6538402438163757,0.04677218198776245,0.041850496083498,0.008165191859006882,0.028218939900398254,0.07207339257001877
ZJ017656,0.011846445500850677,0.015040961094200611,0.0035886268597096205,0.00925405602902174,0.015863319858908653,0.9156043529510498,0.019411418586969376,0.00939083006232977
ZJ017657,0.09912074357271194,0.20171894133090973,0.50147944688797,0.01779264211654663,0.09004218131303787,0.014035302214324474,0.047605376690626144,0.02820534072816372
ZJ017658,0.26458942890167236,0.09721269458532333,0.46922481060028076,0.02252410165965557,0.07314856350421906,0.012778527103364468,0.030140304937958717,0.030381489545106888
ZJ017659,0.18059970438480377,0.12092547863721848,0.5275928974151611,0.036083564162254333,0.04381389170885086,0.013110960833728313,0.03366772085428238,0.04420581832528114
ZJ017660,0.9463921189308167,0.011049339547753334,0.002623423235490918,0.008687165565788746,0.007841311395168304,0.006381077691912651,0.00660622026771307,0.010419386439025402
ZJ017661,0.06034869700670242,0.06129436194896698,0.5957280993461609,0.04754702001810074,0.0743950679898262,0.03625509887933731,0.03783373162150383,0.0865979939699173
ZJ017662,0.06279253214597702,0.02874036133289337,0.00828452967107296,0.06514886766672134,0.05467566102743149,0.23815815150737762,0.46890971064567566,0.07329024374485016
ZJ017663,0.1688382625579834,0.19021855294704437,0.13786084949970245,0.060231175273656845,0.11979106813669205,0.036544203758239746,0.1776239275932312,0.10889188945293427
ZJ017664,0.006055500824004412,0.005884038284420967,0.002007488626986742,0.006127061787992716,0.005894771311432123,0.006647933274507523,0.9575890898704529,0.009794089011847973
ZJ017665,0.2305135577917099,0.276154100894928,0.2467895746231079,0.017834749072790146,0.07109130173921585,0.019374985247850418,0.09493666887283325,0.04330507293343544
ZJ017666,0.012236376293003559,0.0031242656987160444,0.0016351805534213781,0.00914044864475727,0.00646541453897953,0.004733094945549965,0.9545453786849976,0.00811974611133337
ZJ017667,0.029194338247179985,0.0264911986887455,0.016785597428679466,0.017398236319422722,0.02409585937857628,0.822960615158081,0.021886439993977547,0.04118775203824043
ZJ017668,0.05301008000969887,0.689678966999054,0.002926755463704467,0.04531484842300415,0.01763463392853737,0.022828102111816406,0.1309937685728073,0.03761279582977295
ZJ017669,0.036160144954919815,0.7717134952545166,0.009868312627077103,0.013767766766250134,0.02034483291208744,0.01238174643367529,0.09196057915687561,0.04380318149924278
ZJ017670,0.18053023517131805,0.08895029127597809,0.46105945110321045,0.04653299227356911,0.08639007806777954,0.021436195820569992,0.023979781195521355,0.09112095832824707
ZJ017671,0.9334955215454102,0.009801074862480164,0.001505749300122261,0.007681126240640879,0.0069929976016283035,0.009269285947084427,0.02298734523355961,0.008266817778348923
ZJ017672,0.1393977850675583,0.09728704392910004,0.4465581476688385,0.055354706943035126,0.06578508764505386,0.010675176978111267,0.08214671909809113,0.10279526561498642
ZJ017673,0.14945612847805023,0.09802097827196121,0.4702911674976349,0.0667562186717987,0.08910196274518967,0.021744828671216965,0.02881522662937641,0.07581344991922379
ZJ017674,0.03212111443281174,0.02502388134598732,0.025358935818076134,0.024320093914866447,0.057035110890865326,0.7869876623153687,0.024317579343914986,0.024835601449012756
ZJ017675,0.9685264229774475,0.005448338109999895,0.0015255276812240481,0.005467195063829422,0.005411671940237284,0.004040862433612347,0.005143127869814634,0.004436715506017208
ZJ017676,0.021116768941283226,0.13376687467098236,0.004852391313761473,0.35952451825141907,0.03888517618179321,0.14570650458335876,0.10195397585630417,0.19419382512569427
ZJ017677,0.45064428448677063,0.07710285484790802,0.2933761179447174,0.017951736226677895,0.07739558815956116,0.007616528309881687,0.049118392169475555,0.026794467121362686
ZJ017678,0.011390700936317444,0.9229460954666138,0.00334160216152668,0.016495482996106148,0.010693350806832314,0.013947929255664349,0.012014678679406643,0.009170250967144966
ZJ017679,0.2771107256412506,0.23204030096530914,0.27809566259384155,0.019487038254737854,0.07677925378084183,0.012354684993624687,0.07563522458076477,0.028497135266661644
ZJ017680,0.2508234977722168,0.12504467368125916,0.4311646819114685,0.015838081017136574,0.055896542966365814,0.016489854082465172,0.08127839863300323,0.02346423827111721
ZJ017681,0.008170905523002148,0.9359948635101318,0.0035925800912082195,0.012754860334098339,0.011237869039177895,0.008299036882817745,0.008967624045908451,0.010982203297317028
ZJ017682,0.1761682629585266,0.11049454659223557,0.5155602097511292,0.02586038038134575,0.08729716390371323,0.012196049094200134,0.038915835320949554,0.03350753337144852
ZJ017683,0.01160935964435339,0.01489641796797514,0.003801702754572034,0.033834654837846756,0.030089134350419044,0.014094320125877857,0.09697563946247101,0.7946987748146057
ZJ017684,0.8386149406433105,0.02110079862177372,0.030415404587984085,0.00951709970831871,0.026916515082120895,0.006919846870005131,0.049687426537275314,0.016828041523694992
ZJ017685,0.15610355138778687,0.08398675173521042,0.5967528223991394,0.031217537820339203,0.04682876542210579,0.013509661890566349,0.0370161309838295,0.03458481654524803
ZJ017686,0.10540825873613358,0.21995535492897034,0.18535074591636658,0.01939277909696102,0.1424354612827301,0.21146135032176971,0.07666973769664764,0.039326321333646774
ZJ017687,0.08938996493816376,0.12236157804727554,0.438637912273407,0.02199154533445835,0.119646817445755,0.09106440097093582,0.05377565696835518,0.06313208490610123
ZJ017688,0.1075386255979538,0.09715283662080765,0.20790013670921326,0.11499101668596268,0.11824265122413635,0.031638119369745255,0.09056662768125534,0.231969952583313
ZJ017689,0.0070945187471807,0.9274863004684448,0.002497138222679496,0.01169008668512106,0.0069308215752244,0.011568970046937466,0.018523598089814186,0.014208563603460789
ZJ017690,0.20675210654735565,0.05812184512615204,0.5559238791465759,0.04510026425123215,0.05436009541153908,0.009008152410387993,0.03513943776488304,0.03559424355626106
ZJ017691,0.21367982029914856,0.1073223426938057,0.0842311680316925,0.025707287713885307,0.06329773366451263,0.026160385459661484,0.40610164403915405,0.07349953800439835
ZJ017692,0.06944611668586731,0.013923653401434422,0.004254970699548721,0.11262843757867813,0.02535932883620262,0.024471886456012726,0.12953665852546692,0.6203789114952087
ZJ017693,0.03335703909397125,0.02370818518102169,0.010656081140041351,0.017483340576291084,0.043607745319604874,0.8094675540924072,0.03482591360807419,0.026894180104136467
ZJ017694,0.3969850540161133,0.12966962158679962,0.2323591560125351,0.027631239965558052,0.05674615129828453,0.02410280890762806,0.09782952070236206,0.03467646613717079
ZJ017695,0.14696386456489563,0.2332337200641632,0.46664705872535706,0.0195346437394619,0.048587460070848465,0.021975720301270485,0.047232143580913544,0.015825476497411728
ZJ017696,0.014010191895067692,0.011589148081839085,0.003396505257114768,0.008868391625583172,0.013073520734906197,0.9279646873474121,0.009232900105416775,0.011864705942571163
ZJ017697,0.0063376822508871555,0.004124077502638102,0.0026406897231936455,0.008803104981780052,0.003923685289919376,0.006293515674769878,0.9587812423706055,0.009096076712012291
ZJ017698,0.234291210770607,0.006487996783107519,0.0035173650830984116,0.010268552228808403,0.012145948596298695,0.02071440778672695,0.7019848823547363,0.010589622892439365
ZJ017699,0.23823589086532593,0.15014107525348663,0.43044811487197876,0.019763881340622902,0.07288963347673416,0.008552495390176773,0.04303504154086113,0.03693387657403946
ZJ017700,0.07818493992090225,0.06416574865579605,0.6230973601341248,0.03690718859434128,0.09156852215528488,0.015018119476735592,0.025465166196227074,0.06559307128190994
ZJ017701,0.006667245179414749,0.007313665933907032,0.0038003316149115562,0.014678931795060635,0.009069771505892277,0.008154935203492641,0.9067133069038391,0.04360182210803032
ZJ017702,0.05371791496872902,0.04356248676776886,0.4963322579860687,0.07822065055370331,0.05170971155166626,0.059436455368995667,0.034764647483825684,0.18225587904453278
ZJ017703,0.20369163155555725,0.1407315582036972,0.5028026700019836,0.01617703028023243,0.053327776491642,0.016052015125751495,0.04581248015165329,0.021404841914772987
ZJ017704,0.20571474730968475,0.14797496795654297,0.4245773255825043,0.026071950793266296,0.1043471023440361,0.013901377096772194,0.05167939141392708,0.025733159855008125
ZJ017705,0.2054734081029892,0.14605721831321716,0.48013293743133545,0.022527232766151428,0.06521449238061905,0.016071166843175888,0.047705166041851044,0.016818340867757797
ZJ017706,0.0070007434114813805,0.8540347814559937,0.0037491866387426853,0.021396754309535027,0.012235220521688461,0.018961885944008827,0.061854008585214615,0.020767418667674065
ZJ017707,0.2098778933286667,0.1828136295080185,0.2867937684059143,0.04948285222053528,0.08990351855754852,0.030104583129286766,0.043741434812545776,0.10728224366903305
ZJ017708,0.16166433691978455,0.11084038764238358,0.07875977456569672,0.05651852861046791,0.1291680932044983,0.049436960369348526,0.12781572341918945,0.2857961654663086
ZJ017709,0.07635604590177536,0.016656041145324707,0.003850294044241309,0.033602554351091385,0.02195201814174652,0.01568370684981346,0.02995317243039608,0.8019461631774902
ZJ017710,0.014699279330670834,0.9031035304069519,0.0065377624705433846,0.017230074852705002,0.015322071500122547,0.011508832685649395,0.009387753903865814,0.022210773080587387
ZJ017711,0.23750141263008118,0.07592011988162994,0.01082365121692419,0.08239418268203735,0.08093082159757614,0.04884524643421173,0.2914091646671295,0.17217543721199036
ZJ017712,0.07478664070367813,0.1076948493719101,0.24794229865074158,0.048628177493810654,0.11809295415878296,0.012117206119000912,0.3149177134037018,0.075820192694664
ZJ017713,0.15025782585144043,0.2338007688522339,0.4562959671020508,0.021754765883088112,0.052615657448768616,0.024284759536385536,0.044864118099212646,0.016126159578561783
ZJ017714,0.9638593792915344,0.006389071699231863,0.0018007665639743209,0.006409164518117905,0.005705608986318111,0.004538387060165405,0.005739754531532526,0.005557887256145477
ZJ017715,0.2020495980978012,0.12920597195625305,0.4967527389526367,0.028086571022868156,0.06564237922430038,0.019336916506290436,0.03724207356572151,0.021683739498257637
ZJ017716,0.009128239005804062,0.0038605162408202887,0.004406111780554056,0.008178782649338245,0.007974785752594471,0.007932108826935291,0.9454397559165955,0.013079676777124405
ZJ017717,0.08084411174058914,0.017022497951984406,0.0034560426138341427,0.030798394232988358,0.017960023134946823,0.017085324972867966,0.02074400521814823,0.8120896220207214
ZJ017718,0.9613505005836487,0.006178584881126881,0.0014670975506305695,0.006329428870230913,0.006858717184513807,0.005051066167652607,0.007490536198019981,0.00527412723749876
ZJ017719,0.01035142783075571,0.9091331362724304,0.0026543207932263613,0.025700272992253304,0.008781541138887405,0.013529808260500431,0.011028279550373554,0.0188211090862751
ZJ017720,0.005872388370335102,0.9547317028045654,0.0032624895684421062,0.01039937324821949,0.006325595546513796,0.00799014326184988,0.004124712198972702,0.0072936248034238815
ZJ017721,0.20529982447624207,0.12033776938915253,0.4645162522792816,0.022209690883755684,0.09685853868722916,0.01621239446103573,0.04891884699463844,0.025646686553955078
ZJ017722,0.11612319201231003,0.5683934092521667,0.06090104952454567,0.02769569307565689,0.06113768741488457,0.03338523209095001,0.06745310872793198,0.06491059809923172
ZJ017723,0.2311529517173767,0.13984285295009613,0.4496740400791168,0.014420491643249989,0.04435212165117264,0.021514253690838814,0.07424283027648926,0.024800406768918037
ZJ017724,0.01008764561265707,0.008863871917128563,0.002574905753135681,0.008626824244856834,0.010015168227255344,0.936703622341156,0.011274943128228188,0.011852984316647053
ZJ017725,0.16264019906520844,0.19940994679927826,0.24299746751785278,0.11771087348461151,0.10229235142469406,0.03128332272171974,0.026017775759100914,0.11764799803495407
ZJ017726,0.25277242064476013,0.1730346977710724,0.3275960683822632,0.03107534907758236,0.09372101724147797,0.023887868970632553,0.04997655376791954,0.047935985028743744
ZJ017727,0.179400235414505,0.03520427271723747,0.050339099019765854,0.25648969411849976,0.12215439230203629,0.05956592410802841,0.02805662341415882,0.26878970861434937
ZJ017728,0.2312002182006836,0.13813984394073486,0.42139506340026855,0.016858253628015518,0.07163310050964355,0.010973719879984856,0.07736800611019135,0.03243175894021988
ZJ017729,0.9516147971153259,0.00716856075450778,0.0018410395132377744,0.008413714356720448,0.006235356442630291,0.005287229549139738,0.005797211080789566,0.013642149977385998
ZJ017730,0.21447333693504333,0.06626887619495392,0.3609779477119446,0.04370316490530968,0.06693898141384125,0.019774096086621284,0.04736965149641037,0.18049399554729462
ZJ017731,0.34750768542289734,0.08552324771881104,0.34160250425338745,0.02726074866950512,0.05223029479384422,0.024774616584181786,0.08746813982725143,0.033632759004831314
ZJ017732,0.9427680969238281,0.01210862584412098,0.0027042897418141365,0.006583944894373417,0.01166896428912878,0.007882197387516499,0.00877775251865387,0.007506197784096003
ZJ017733,0.07415857911109924,0.20885342359542847,0.13760145008563995,0.024313902482390404,0.18521025776863098,0.2554343342781067,0.06172620505094528,0.05270187184214592
ZJ017734,0.2712002992630005,0.18693135678768158,0.09548395872116089,0.030192628502845764,0.03766180947422981,0.11342332512140274,0.12090888619422913,0.14419777691364288
ZJ017735,0.12478545308113098,0.0735936164855957,0.60700523853302,0.04421000927686691,0.04294594004750252,0.02869335748255253,0.039120983332395554,0.03964538127183914
ZJ017736,0.2478741556406021,0.09197939187288284,0.4614064395427704,0.018924400210380554,0.07748527079820633,0.013546604663133621,0.06583711504936218,0.022946570068597794
ZJ017737,0.10520874708890915,0.11041933298110962,0.0730171874165535,0.05577344447374344,0.0965120941400528,0.032734740525484085,0.2987975776195526,0.2275369018316269
ZJ017738,0.22116152942180634,0.17379562556743622,0.1205299124121666,0.07138952612876892,0.1140553280711174,0.03944958746433258,0.1273515522480011,0.13226692378520966
ZJ017739,0.006201920565217733,0.0077903131023049355,0.0021423217840492725,0.8899074792861938,0.006003118585795164,0.016284417361021042,0.0241665318608284,0.0475037656724453
ZJ017740,0.09454023092985153,0.03355241194367409,0.6919477581977844,0.0465778112411499,0.04365793615579605,0.018319707363843918,0.017976589500904083,0.05342758819460869
ZJ017741,0.008474985137581825,0.007805281318724155,0.0034814453683793545,0.9369871616363525,0.006868353113532066,0.011627173982560635,0.010510995984077454,0.014244599267840385
ZJ017742,0.007098241709172726,0.9557327628135681,0.00398628693073988,0.006886234972625971,0.006434691604226828,0.00660583795979619,0.008187001571059227,0.0050689964555203915
ZJ017743,0.15384319424629211,0.1727607399225235,0.06747350841760635,0.07137181609869003,0.10146129876375198,0.04208808392286301,0.20624962449073792,0.18475167453289032
ZJ017744,0.14704175293445587,0.06430093199014664,0.6069469451904297,0.03924236074090004,0.056304752826690674,0.012940206564962864,0.029295744374394417,0.04392731562256813
ZJ017745,0.008830885402858257,0.9375141859054565,0.003269265405833721,0.010614865459501743,0.009921973571181297,0.007852734997868538,0.009672418236732483,0.012323632836341858
ZJ017746,0.18222062289714813,0.16670021414756775,0.3856301009654999,0.02859100140631199,0.12544900178909302,0.025473078712821007,0.04817726090550423,0.03775876760482788
ZJ017747,0.11472741514444351,0.061518892645835876,0.046173010021448135,0.06402447074651718,0.26784747838974,0.14092913269996643,0.10003866255283356,0.20474092662334442
ZJ017748,0.018742145970463753,0.03479013964533806,0.015135295689105988,0.014945738948881626,0.032343581318855286,0.051207832992076874,0.7357739806175232,0.09706126153469086
ZJ017749,0.022509168833494186,0.02539054863154888,0.0048071094788610935,0.02259152941405773,0.022343305870890617,0.012491734698414803,0.04328220337629318,0.8465843796730042
ZJ017750,0.9595123529434204,0.006230051163583994,0.001421418972313404,0.006675606593489647,0.005885235965251923,0.005572417285293341,0.008558343164622784,0.006144504528492689
ZJ017751,0.09942509979009628,0.054333046078681946,0.003972229547798634,0.0512540303170681,0.04200311377644539,0.05961315706372261,0.5562106966972351,0.1331886202096939
ZJ017752,0.00437929667532444,0.003493006806820631,0.0024299256037920713,0.009443444199860096,0.003764362772926688,0.0046408711932599545,0.9597917795181274,0.012057282961905003
ZJ017753,0.9487974643707275,0.013224191032350063,0.0014641789020970464,0.008647182025015354,0.008086997084319592,0.006766692269593477,0.006918026600033045,0.006095142103731632
ZJ017754,0.38224440813064575,0.33278289437294006,0.010044868104159832,0.022855164483189583,0.0766916275024414,0.0448838546872139,0.09683555364608765,0.03366165608167648
ZJ017755,0.41477397084236145,0.09705881774425507,0.027891503646969795,0.05140317976474762,0.07631190121173859,0.04273546487092972,0.16246671974658966,0.12735843658447266
ZJ017756,0.006635061465203762,0.0059239743277430534,0.002305143279954791,0.008269584737718105,0.003997073974460363,0.0051531619392335415,0.9598321914672852,0.00788387842476368
ZJ017757,0.8220428824424744,0.00836767815053463,0.003088367870077491,0.012490355409681797,0.01574372500181198,0.014143557287752628,0.10092176496982574,0.02320176362991333
ZJ017758,0.007375921588391066,0.007325693499296904,0.004387251567095518,0.0051004039123654366,0.009064081124961376,0.9508829116821289,0.0075338250026106834,0.00832985807210207
ZJ017759,0.13004617393016815,0.025646550580859184,0.005166170187294483,0.012707941234111786,0.7914547920227051,0.011391036212444305,0.007404150441288948,0.01618320867419243
ZJ017760,0.21391616761684418,0.16013778746128082,0.37992367148399353,0.022977985441684723,0.09356887638568878,0.016118010506033897,0.06945549696683884,0.04390200972557068
ZJ017761,0.0068794600665569305,0.9020068645477295,0.0031649363227188587,0.017672179266810417,0.01295190118253231,0.010853076353669167,0.027196509763598442,0.019275076687335968
ZJ017762,0.0533260814845562,0.01083797961473465,0.0021854748483747244,0.021122002974152565,0.02653801441192627,0.023850202560424805,0.8088818788528442,0.053258415311574936
ZJ017763,0.8456845283508301,0.008977615274488926,0.0071716755628585815,0.03776907920837402,0.02173004485666752,0.012962371110916138,0.0120853865519166,0.053619228303432465
ZJ017764,0.006310999393463135,0.0038058143109083176,0.003358046291396022,0.005395330488681793,0.0042595104314386845,0.0064438218250870705,0.9628876447677612,0.007538769859820604
ZJ017765,0.2071956992149353,0.09295707195997238,0.5203474164009094,0.018604012206196785,0.06552477926015854,0.019640019163489342,0.05188114568591118,0.02384978160262108
ZJ017766,0.13642962276935577,0.07807794958353043,0.6743522882461548,0.020004749298095703,0.04023107886314392,0.008535622619092464,0.014195666648447514,0.028173046186566353
ZJ017767,0.9566759467124939,0.008194079622626305,0.0023747573141008615,0.008009938523173332,0.006920649204403162,0.005854978691786528,0.0063005536794662476,0.0056691356003284454
ZJ017768,0.12783344089984894,0.3815034031867981,0.023276133462786674,0.027845710515975952,0.08825181424617767,0.03929060697555542,0.18614588677883148,0.12585298717021942
ZJ017769,0.24608775973320007,0.20890642702579498,0.09054585546255112,0.048785243183374405,0.09687124192714691,0.026687299832701683,0.18120524287223816,0.10091087967157364
ZJ017770,0.3250928521156311,0.1591164767742157,0.3028808534145355,0.019309280440211296,0.07667819410562515,0.013582502491772175,0.07088018208742142,0.03245967626571655
ZJ017771,0.004336198791861534,0.0033763733226805925,0.0020308138336986303,0.007885148748755455,0.005696532782167196,0.004813052713871002,0.9660164713859558,0.0058454591780900955
ZJ017772,0.13789023458957672,0.021834764629602432,0.008519856259226799,0.026694338768720627,0.6681026816368103,0.0504598505795002,0.04254008084535599,0.043958183377981186
ZJ017773,0.005252707749605179,0.0067979139275848866,0.002127072773873806,0.011038683354854584,0.005258464254438877,0.006736497860401869,0.9486866593360901,0.014102124609053135
ZJ017774,0.14828772842884064,0.19947203993797302,0.4399350583553314,0.01930200681090355,0.0851139947772026,0.01422343123704195,0.07592974603176117,0.017735954374074936
ZJ017775,0.32023581862449646,0.1200406402349472,0.3710044324398041,0.019677165895700455,0.04692939668893814,0.019305134192109108,0.07627727836370468,0.02653009630739689
ZJ017776,0.06518013030290604,0.0650566890835762,0.6163276433944702,0.06250591576099396,0.05084047093987465,0.028249064460396767,0.030962664633989334,0.08087743818759918
ZJ017777,0.30120816826820374,0.046762384474277496,0.004570526070892811,0.17487025260925293,0.21262796223163605,0.03914596512913704,0.09347479790449142,0.1273399442434311
ZJ017778,0.008940237574279308,0.010429042391479015,0.0028189474251121283,0.010372845456004143,0.009014224633574486,0.011548495851457119,0.013634758070111275,0.9332414865493774
ZJ017779,0.11759661883115768,0.09884556382894516,0.5095713138580322,0.027975931763648987,0.09644181281328201,0.028814593330025673,0.06562139093875885,0.05513276159763336
ZJ017780,0.022818652912974358,0.07043475657701492,0.005370601080358028,0.7199328541755676,0.021846672520041466,0.017604833468794823,0.013630605302751064,0.1283610314130783
ZJ017781,0.9586247801780701,0.005718387197703123,0.001473987940698862,0.006886833813041449,0.006960166618227959,0.00690051494166255,0.007320108357816935,0.006115240044891834
ZJ017782,0.7058641314506531,0.02113984152674675,0.002921867650002241,0.030039984732866287,0.020717069506645203,0.026262424886226654,0.023465657606720924,0.16958896815776825
ZJ017783,0.9420481324195862,0.009083651006221771,0.0020240521989762783,0.006430409848690033,0.011550825089216232,0.008744573220610619,0.012821625918149948,0.007296709343791008
ZJ017784,0.025201311334967613,0.01940445601940155,0.00237075611948967,0.014770543202757835,0.013011956587433815,0.8812167644500732,0.026449482887983322,0.017574703320860863
ZJ017785,0.8878368139266968,0.02428773231804371,0.0017650284571573138,0.012425250373780727,0.020005464553833008,0.01112965028733015,0.036859527230262756,0.0056905606761574745
ZJ017786,0.07269486039876938,0.07259844243526459,0.19111798703670502,0.053171753883361816,0.07641109079122543,0.047960370779037476,0.0719391405582428,0.4141063988208771
ZJ017787,0.10455343872308731,0.07164794206619263,0.6517153978347778,0.03638429194688797,0.027092110365629196,0.02375674620270729,0.03440128639340401,0.05044876039028168
ZJ017788,0.0032051349990069866,0.0035592052154242992,0.002794090658426285,0.005478572566062212,0.003177420236170292,0.004453512839972973,0.9718822240829468,0.005449787247925997
ZJ017789,0.9594722390174866,0.005968663841485977,0.0018105568597093225,0.010611388832330704,0.0054464745335280895,0.005812088027596474,0.005279686767607927,0.005598868243396282
ZJ017790,0.2685229480266571,0.016265224665403366,0.0075478339567780495,0.024243179708719254,0.6297799348831177,0.014439300633966923,0.017788853496313095,0.021412719041109085
ZJ017791,0.0648580864071846,0.0459502749145031,0.007491318043321371,0.018121741712093353,0.03452102094888687,0.02091316692531109,0.021288203075528145,0.7868561148643494
ZJ017792,0.13679128885269165,0.41679346561431885,0.2035863697528839,0.01999002695083618,0.04025067016482353,0.024938076734542847,0.10534943640232086,0.05230066552758217
ZJ017793,0.009407347068190575,0.0066115353256464005,0.0027492004446685314,0.011800558306276798,0.005579821765422821,0.007022472098469734,0.9460035562515259,0.010825651697814465
ZJ017794,0.006796374451369047,0.9486607909202576,0.004429316613823175,0.01157758291810751,0.006982119288295507,0.007442762143909931,0.007550576701760292,0.006560485810041428
ZJ017795,0.15972989797592163,0.22880838811397552,0.454751193523407,0.019656110554933548,0.05623428896069527,0.02315385453402996,0.04196406900882721,0.015702279284596443
ZJ017796,0.09422539174556732,0.1399639993906021,0.5165879130363464,0.015088907442986965,0.06619606167078018,0.017129292711615562,0.12105068564414978,0.029757797718048096
ZJ017797,0.01675768382847309,0.01823757402598858,0.004900532774627209,0.010857640765607357,0.0187786053866148,0.8992334604263306,0.016899514943361282,0.014335078187286854
ZJ017798,0.8589040040969849,0.01274715457111597,0.0029601850546896458,0.031007913872599602,0.016984466463327408,0.010419205762445927,0.020812051370739937,0.04616500064730644
ZJ017799,0.15023942291736603,0.10304582864046097,0.5259020328521729,0.023476209491491318,0.11010196805000305,0.012433361262083054,0.04329231381416321,0.031508807092905045
ZJ017800,0.304909348487854,0.18158596754074097,0.08723863214254379,0.048319194465875626,0.09260065108537674,0.024007301777601242,0.14551657438278198,0.11582236737012863
ZJ017801,0.014037750661373138,0.014478025957942009,0.002243239898234606,0.010330189019441605,0.010697874240577221,0.9201757907867432,0.017845341935753822,0.010191873647272587
ZJ017802,0.3687414228916168,0.15230701863765717,0.30853018164634705,0.01563943549990654,0.04672878235578537,0.02359229512512684,0.05383983626961708,0.030620958656072617
ZJ017803,0.893547534942627,0.012550421990454197,0.006563807837665081,0.018028931692242622,0.020974231883883476,0.013486401177942753,0.01897560991346836,0.015873022377490997
ZJ017804,0.16199973225593567,0.15176920592784882,0.38669660687446594,0.03445650264620781,0.10756414383649826,0.01869610883295536,0.07347353547811508,0.06534414738416672
ZJ017805,0.08878657221794128,0.0929604098200798,0.5550425052642822,0.027986612170934677,0.0947117954492569,0.04092777147889137,0.04935665428638458,0.050227727741003036
ZJ017806,0.13407157361507416,0.12675777077674866,0.5891423225402832,0.015050697140395641,0.06687057018280029,0.012056597508490086,0.03232964128255844,0.023720815777778625
ZJ017807,0.06433921307325363,0.0610508918762207,0.012878292240202427,0.19292616844177246,0.05673608183860779,0.0340992771089077,0.05324706435203552,0.5247229933738708
ZJ017808,0.005435701459646225,0.010742058046162128,0.004257597960531712,0.03863260895013809,0.021403517574071884,0.01394064724445343,0.8513993620872498,0.054188523441553116
ZJ017809,0.8574873208999634,0.00949040986597538,0.0021327503491193056,0.016522450372576714,0.023233236744999886,0.020663881674408913,0.05923750624060631,0.011232360266149044
ZJ017810,0.004161990247666836,0.004764337558299303,0.003126189112663269,0.005551246460527182,0.003907469566911459,0.00472922483459115,0.9679279923439026,0.005831579677760601
ZJ017811,0.014809479005634785,0.8811218738555908,0.0044547212310135365,0.0143607622012496,0.011723723262548447,0.020470403134822845,0.03119928389787674,0.021859798580408096
ZJ017812,0.15385565161705017,0.19624854624271393,0.49790388345718384,0.019304370507597923,0.05382075533270836,0.02132665552198887,0.04024980962276459,0.01729029417037964
ZJ017813,0.4363613426685333,0.10488966852426529,0.2530348598957062,0.02264535054564476,0.05383307859301567,0.03451501950621605,0.057146620005369186,0.03757399693131447
ZJ017814,0.12428770959377289,0.05876437947154045,0.11752842366695404,0.09203236550092697,0.08633292466402054,0.058688074350357056,0.03189839422702789,0.4304676651954651
ZJ017815,0.03351571038365364,0.026819556951522827,0.011002661660313606,0.01731153018772602,0.04896299168467522,0.7986745238304138,0.03615489602088928,0.027558093890547752
ZJ017816,0.09418075531721115,0.03340359032154083,0.7383902668952942,0.036034319549798965,0.029819419607520103,0.00749659538269043,0.024147676303982735,0.03652733564376831
ZJ017817,0.15027163922786713,0.1411963403224945,0.5472308397293091,0.018113769590854645,0.05446238815784454,0.01841023750603199,0.04348202422261238,0.026832787320017815
ZJ017818,0.12316826730966568,0.2586795687675476,0.4701892137527466,0.015361250378191471,0.0461667999625206,0.007678190711885691,0.03477485850453377,0.04398175701498985
ZJ017819,0.6026759743690491,0.03354886174201965,0.04278886318206787,0.06370486319065094,0.05645686015486717,0.01943597011268139,0.060923222452402115,0.12046538293361664
ZJ017820,0.14453645050525665,0.10621318221092224,0.11679987609386444,0.10365935415029526,0.10804784297943115,0.027362076565623283,0.10964300483465195,0.28373822569847107
ZJ017821,0.1163446232676506,0.035064805299043655,0.03509074077010155,0.03787015751004219,0.08235345035791397,0.15158118307590485,0.4934147298336029,0.048280272632837296
ZJ017822,0.07767161726951599,0.15873593091964722,0.10944787412881851,0.019204452633857727,0.14530687034130096,0.3556063175201416,0.08036612719297409,0.05366082116961479
ZJ017823,0.27156075835227966,0.11642337590456009,0.452605277299881,0.016920406371355057,0.0694652572274208,0.009796385653316975,0.034075360745191574,0.029153212904930115
ZJ017824,0.005219278857111931,0.03815056011080742,0.003145909868180752,0.008027472533285618,0.005825898144394159,0.00972933229058981,0.9189435839653015,0.010957963764667511
ZJ017825,0.200542613863945,0.1654844582080841,0.37415868043899536,0.029203467071056366,0.11859215795993805,0.018373526632785797,0.051946256309747696,0.04169883206486702
ZJ017826,0.017227908596396446,0.014653551392257214,0.0033972025848925114,0.1819903403520584,0.01363318506628275,0.7036278247833252,0.030672991648316383,0.03479692339897156
ZJ017827,0.005874386988580227,0.9366145133972168,0.002661942970007658,0.007222398649901152,0.007505628280341625,0.01810452714562416,0.008342139422893524,0.013674331828951836
ZJ017828,0.10398683696985245,0.09092175960540771,0.4931693375110626,0.04039858654141426,0.1001836508512497,0.042385004460811615,0.06698086857795715,0.06197391450405121
ZJ017829,0.011877372860908508,0.933495283126831,0.003926192410290241,0.007125010248273611,0.008771919645369053,0.007985247299075127,0.016100872308015823,0.010718137957155704
ZJ017830,0.005614782217890024,0.005964784417301416,0.0024352071341127157,0.009449152275919914,0.006756707560271025,0.005969305522739887,0.944573700428009,0.01923638954758644
ZJ017831,0.0064252931624650955,0.9425129890441895,0.002417024690657854,0.007904933765530586,0.006303766276687384,0.013073933310806751,0.013003192842006683,0.008358854800462723
ZJ017832,0.08577403426170349,0.20023296773433685,0.006981796585023403,0.04626204073429108,0.040460456162691116,0.14445489645004272,0.3931504786014557,0.082683265209198
ZJ017833,0.022347671911120415,0.020283298566937447,0.007254031021147966,0.012662433087825775,0.030878528952598572,0.8603246808052063,0.02730271779000759,0.018946530297398567
ZJ017834,0.17189960181713104,0.16458876430988312,0.4721827507019043,0.022723881527781487,0.0784585028886795,0.016890132799744606,0.04454086348414421,0.028715496882796288
ZJ017835,0.004051408730447292,0.0038554673083126545,0.002777953166514635,0.006238891743123531,0.003217496443539858,0.00535617908462882,0.9667921662330627,0.007710434962064028
ZJ017836,0.009803475812077522,0.9271499514579773,0.003382014809176326,0.014650710858404636,0.01031096838414669,0.01439796295017004,0.010554112493991852,0.00975074339658022
ZJ017837,0.9203711748123169,0.010955803096294403,0.003758449573069811,0.010878550820052624,0.027380799874663353,0.00851920060813427,0.006813153624534607,0.011322760954499245
ZJ017838,0.007466002833098173,0.008690424263477325,0.0028092830907553434,0.02860165201127529,0.013275956735014915,0.011442254297435284,0.025719208642840385,0.9019952416419983
ZJ017839,0.2800332307815552,0.16878433525562286,0.3387391269207001,0.01865716092288494,0.08025430142879486,0.016458729282021523,0.06728776544332504,0.02978529781103134
ZJ017840,0.2141137272119522,0.1309804767370224,0.464507520198822,0.022214781492948532,0.08237223327159882,0.015479005873203278,0.04644002020359039,0.023892264813184738
ZJ017841,0.15355433523654938,0.06837409734725952,0.609447717666626,0.013937942683696747,0.08226002752780914,0.011359130963683128,0.03826048970222473,0.022806286811828613
ZJ017842,0.21750667691230774,0.15379232168197632,0.41086268424987793,0.013292712159454823,0.09637127071619034,0.019863475114107132,0.05752968788146973,0.030781157314777374
ZJ017843,0.07097065448760986,0.04096574708819389,0.01126574445515871,0.09382452815771103,0.10204805433750153,0.28362327814102173,0.09434135258197784,0.3029606342315674
ZJ017844,0.02606663666665554,0.02293385937809944,0.0046558682806789875,0.017429236322641373,0.019050313159823418,0.012623139657080173,0.04443797096610069,0.8528029322624207
ZJ017845,0.1803574413061142,0.031904980540275574,0.005152727942913771,0.4546690285205841,0.08876605331897736,0.09234994649887085,0.040846072137355804,0.10595370084047318
ZJ017846,0.14061060547828674,0.05134283006191254,0.3644619286060333,0.186875119805336,0.053180962800979614,0.011077653616666794,0.05005071684718132,0.14240019023418427
ZJ017847,0.7980184555053711,0.011089859530329704,0.005062157288193703,0.021305395290255547,0.10424334555864334,0.0174697358161211,0.019438643008470535,0.02337239868938923
ZJ017848,0.312083899974823,0.2169075757265091,0.2691107988357544,0.020835982635617256,0.09309494495391846,0.019324423745274544,0.04934484511613846,0.019297553226351738
ZJ017849,0.3218688666820526,0.08109467476606369,0.18594370782375336,0.030362216755747795,0.03311499208211899,0.015536338090896606,0.05964069440960884,0.27243849635124207
ZJ017850,0.35414326190948486,0.11471892893314362,0.31312185525894165,0.024954183027148247,0.04451057314872742,0.0133281284943223,0.09806153923273087,0.03716150298714638
ZJ017851,0.15465286374092102,0.23043011128902435,0.46193069219589233,0.021223878487944603,0.051242757588624954,0.022127656266093254,0.042507778853178024,0.015884319320321083
ZJ017852,0.13160033524036407,0.09578992426395416,0.16155105829238892,0.12668076157569885,0.1088843047618866,0.03273506835103035,0.11451936513185501,0.22823913395404816
ZJ017853,0.0053263879381120205,0.009676983579993248,0.0035381915513426065,0.009139442816376686,0.009142711758613586,0.012019747868180275,0.9304755926132202,0.020680908113718033
ZJ017854,0.21019572019577026,0.19918829202651978,0.42495641112327576,0.01632831059396267,0.05638943240046501,0.013691735453903675,0.05820982903242111,0.02104024402797222
ZJ017855,0.13015395402908325,0.08860225230455399,0.6414210200309753,0.013227776624262333,0.05843260511755943,0.009988773614168167,0.03949848189949989,0.01867511309683323
ZJ017856,0.33698228001594543,0.044137660413980484,0.010991041548550129,0.03829118609428406,0.4196476936340332,0.057645104825496674,0.02861323207616806,0.06369177252054214
ZJ017857,0.09331569820642471,0.017244433984160423,0.004865588620305061,0.01762634515762329,0.813439130783081,0.010280657559633255,0.010567324236035347,0.03266087546944618
ZJ017858,0.09792789816856384,0.17968036234378815,0.016090206801891327,0.07484883815050125,0.09470982849597931,0.050874095410108566,0.25734707713127136,0.22852161526679993
ZJ017859,0.9490417838096619,0.006670026574283838,0.0023886796552687883,0.012272011488676071,0.00904372800141573,0.00560025405138731,0.0063241454772651196,0.00865929201245308
ZJ017860,0.018694020807743073,0.41766685247421265,0.005024023354053497,0.022981492802500725,0.03587830811738968,0.024694064632058144,0.3896377682685852,0.08542343974113464
ZJ017861,0.006136088632047176,0.024081336334347725,0.002678024349734187,0.007744661998003721,0.0049467915669083595,0.007971513085067272,0.9340540766716003,0.012387452647089958
ZJ017862,0.010792061686515808,0.9198205471038818,0.007491882424801588,0.01967102289199829,0.010926415212452412,0.013865761458873749,0.008719163946807384,0.008713209070265293
ZJ017863,0.9501520395278931,0.009644117206335068,0.002063154708594084,0.00778857059776783,0.01114268321543932,0.005712068174034357,0.006559684872627258,0.006937836762517691
ZJ017864,0.1725294440984726,0.07004551589488983,0.46423861384391785,0.04647351801395416,0.11418643593788147,0.019767338410019875,0.021769721060991287,0.09098939597606659
ZJ017865,0.009450312703847885,0.009866924956440926,0.0026980240363627672,0.006727451924234629,0.010763296857476234,0.9424855709075928,0.009203886613249779,0.008804498240351677
ZJ017866,0.4459984004497528,0.06441471725702286,0.2011926919221878,0.022759107872843742,0.035557471215724945,0.010633599013090134,0.06676744669675827,0.15267664194107056
ZJ017867,0.0690053254365921,0.04957288131117821,0.002088478533551097,0.03570235148072243,0.02453085221350193,0.032152727246284485,0.7062429785728455,0.08070437610149384
ZJ017868,0.012489084154367447,0.018074102699756622,0.004376668017357588,0.010468496941030025,0.013738851994276047,0.9129453301429749,0.016683807596564293,0.011223669163882732
ZJ017869,0.10290361195802689,0.0598895289003849,0.504050076007843,0.06774024665355682,0.0705241709947586,0.04157201945781708,0.046557534486055374,0.10676275938749313
ZJ017870,0.17683255672454834,0.08495831489562988,0.12070994824171066,0.12930576503276825,0.0957091674208641,0.03155802562832832,0.09238670766353607,0.26853951811790466
ZJ017871,0.7473250031471252,0.02713753469288349,0.0033476639073342085,0.020426321774721146,0.023275235667824745,0.020547296851873398,0.031950630247592926,0.12599027156829834
ZJ017872,0.0388512909412384,0.8154789209365845,0.01791689731180668,0.016805583611130714,0.02564147301018238,0.023704420775175095,0.036022819578647614,0.025578655302524567
ZJ017873,0.003662075148895383,0.003095828229561448,0.0026439004577696323,0.0069115846417844296,0.00394022511318326,0.004146254621446133,0.9697751998901367,0.005824991036206484
ZJ017874,0.07591712474822998,0.18681159615516663,0.009029025211930275,0.024242568761110306,0.074556864798069,0.041524942964315414,0.5475757122039795,0.04034215584397316
ZJ017875,0.39824050664901733,0.3544870913028717,0.032270319759845734,0.02115137130022049,0.0671098381280899,0.028403304517269135,0.06972213834524155,0.028615402057766914
ZJ017876,0.006906962487846613,0.008055470883846283,0.004596724174916744,0.005694583058357239,0.008540065959095955,0.9492288827896118,0.009059573523700237,0.007917685434222221
ZJ017877,0.019439931958913803,0.24381306767463684,0.011147665791213512,0.04638354107737541,0.027809549123048782,0.024171605706214905,0.4373118579387665,0.18992280960083008
ZJ017878,0.18895015120506287,0.2391744703054428,0.3222208619117737,0.021505899727344513,0.11550800502300262,0.02408672496676445,0.056084100157022476,0.032469820231199265
ZJ017879,0.004627084359526634,0.0056315534748137,0.0028891051188111305,0.006847403012216091,0.004750984255224466,0.0066887130960822105,0.9591506719589233,0.009414502419531345
ZJ017880,0.22701536118984222,0.1494559794664383,0.41830307245254517,0.01594971865415573,0.06869662553071976,0.02132529765367508,0.07050549983978271,0.028748473152518272
ZJ017881,0.1089276522397995,0.07864588499069214,0.051300324499607086,0.0190010666847229,0.07976891845464706,0.018913738429546356,0.5624628663063049,0.08097958564758301
ZJ017882,0.11427371203899384,0.0597781203687191,0.5304935574531555,0.05058157816529274,0.0885581225156784,0.043066512793302536,0.04359738156199455,0.0696510523557663
ZJ017883,0.01263063307851553,0.01718619093298912,0.0038067966233938932,0.010964974761009216,0.012045028619468212,0.9139810800552368,0.01765471324324608,0.011730551719665527
ZJ017884,0.06655694544315338,0.10639645159244537,0.027348652482032776,0.05565518140792847,0.08622617274522781,0.03579277545213699,0.37543582916259766,0.24658797681331635
ZJ017885,0.10276853293180466,0.017795173451304436,0.011172651313245296,0.020608173683285713,0.7833219170570374,0.018329355865716934,0.019759489223361015,0.026244662702083588
ZJ017886,0.044923827052116394,0.034784384071826935,0.7988383769989014,0.01475366298109293,0.05512963607907295,0.009719840250909328,0.012583183124661446,0.02926712855696678
ZJ017887,0.26217514276504517,0.15293903648853302,0.3728097975254059,0.016947004944086075,0.07174268364906311,0.023581963032484055,0.07050521671772003,0.02929910458624363
ZJ017888,0.2516511380672455,0.16927999258041382,0.13909092545509338,0.04970031976699829,0.11753854155540466,0.027277551591396332,0.14107529819011688,0.10438625514507294
ZJ017889,0.5872465372085571,0.020427869632840157,0.07106342166662216,0.11415507644414902,0.044672269374132156,0.021045509725809097,0.031869225203990936,0.1095200851559639
ZJ017890,0.407709538936615,0.11052009463310242,0.22739827632904053,0.035569287836551666,0.09428422152996063,0.01298370398581028,0.06057148054242134,0.050963424146175385
ZJ017891,0.005628719460219145,0.005127068608999252,0.0023195717949420214,0.009708421304821968,0.005018308758735657,0.006042641121894121,0.959297776222229,0.006857507862150669
ZJ017892,0.007935686968266964,0.01057804562151432,0.002410300774499774,0.010911446064710617,0.009579014033079147,0.011412386782467365,0.022562945261597633,0.9246101379394531
ZJ017893,0.09985103458166122,0.09737027436494827,0.08570854365825653,0.056543875485658646,0.16814321279525757,0.17517991364002228,0.1724345088005066,0.1447686403989792
ZJ017894,0.22138293087482452,0.14665818214416504,0.46164923906326294,0.021066617220640182,0.08172810077667236,0.014440723694860935,0.031673308461904526,0.021400898694992065
ZJ017895,0.15306447446346283,0.15526488423347473,0.32584378123283386,0.02707085758447647,0.09060993045568466,0.016553571447730064,0.08692288398742676,0.14466959238052368
ZJ017896,0.07432161271572113,0.10744349658489227,0.12855620682239532,0.07846946269273758,0.06498270481824875,0.025812238454818726,0.028885187581181526,0.49152910709381104
ZJ017897,0.05241674184799194,0.016995640471577644,0.0019464305369183421,0.02000144124031067,0.011455736123025417,0.010419431142508984,0.8475802540779114,0.039184294641017914
ZJ017898,0.9706399440765381,0.00511922687292099,0.0015089302323758602,0.0052960095927119255,0.004107109270989895,0.0037538812030106783,0.004495025612413883,0.005079902242869139
ZJ017899,0.18657775223255157,0.14912477135658264,0.4536852240562439,0.02537408284842968,0.07904241979122162,0.02219734713435173,0.05679967254400253,0.02719876915216446
ZJ017900,0.04914509877562523,0.05410889536142349,0.008208412677049637,0.2694612443447113,0.031312767416238785,0.4356847405433655,0.08016335964202881,0.07191544771194458
ZJ017901,0.06367204338312149,0.04846525937318802,0.7102746963500977,0.030755702406167984,0.04545465111732483,0.01887209713459015,0.0346788689494133,0.047826673835515976
ZJ017902,0.012289529666304588,0.917220413684845,0.003551826113834977,0.010160859674215317,0.009100494906306267,0.011449520476162434,0.02189767360687256,0.014329587109386921
ZJ017903,0.018726501613855362,0.12114444375038147,0.006623393855988979,0.04793251305818558,0.030181843787431717,0.026425765827298164,0.11557234078645706,0.6333932280540466
ZJ017904,0.06291493773460388,0.05334584787487984,0.750751256942749,0.02976267971098423,0.026214484125375748,0.017863716930150986,0.029398098587989807,0.029748931527137756
ZJ017905,0.12272384762763977,0.11070317775011063,0.05864015966653824,0.042503803968429565,0.052839990705251694,0.1440984457731247,0.38554537296295166,0.08294522017240524
ZJ017906,0.0706002488732338,0.2988755404949188,0.16884763538837433,0.03328096494078636,0.07796816527843475,0.23712380230426788,0.046837203204631805,0.06646647304296494
ZJ017907,0.033320214599370956,0.026683341711759567,0.011507696472108364,0.016789939254522324,0.04977777600288391,0.7998272180557251,0.03551770746707916,0.026576068252325058
ZJ017908,0.2056676298379898,0.0786670371890068,0.5524072051048279,0.019285760819911957,0.07278640568256378,0.00909428857266903,0.04310191422700882,0.018989795818924904
ZJ017909,0.2209075689315796,0.1725543886423111,0.3978120982646942,0.021734731271862984,0.060759857296943665,0.014593476429581642,0.08875070512294769,0.022887101396918297
ZJ017910,0.9550819396972656,0.005799888167530298,0.002142297336831689,0.009167610667645931,0.010657153092324734,0.004343809559941292,0.00726041104644537,0.005546922329813242
ZJ017911,0.052752673625946045,0.037697117775678635,0.7746121287345886,0.015030807815492153,0.05550035834312439,0.010381610132753849,0.012014969252049923,0.04201030358672142
ZJ017912,0.9587539434432983,0.008845916949212551,0.0017269266536459327,0.007400970906019211,0.00605402048677206,0.005196156445890665,0.004542720504105091,0.007479269057512283
ZJ017913,0.26693809032440186,0.06463629752397537,0.3559415638446808,0.04434284567832947,0.05220000818371773,0.0188345517963171,0.060366854071617126,0.1367398500442505
ZJ017914,0.08184812217950821,0.08269196003675461,0.015074103139340878,0.08123000711202621,0.060726720839738846,0.034847330302000046,0.3815436065196991,0.26203811168670654
ZJ017915,0.4270176887512207,0.17987610399723053,0.21746741235256195,0.01794997788965702,0.07255135476589203,0.020243363454937935,0.037505678832530975,0.02738841436803341
ZJ017916,0.2902181148529053,0.17044080793857574,0.3159720003604889,0.021916290745139122,0.0683809295296669,0.02150123007595539,0.08081822842359543,0.030752426013350487
ZJ017917,0.03328905627131462,0.21903908252716064,0.007135795895010233,0.056751757860183716,0.033900804817676544,0.0347871258854866,0.09397654235363007,0.5211198925971985
ZJ017918,0.1745927333831787,0.031269777566194534,0.010987331159412861,0.032994598150253296,0.6392165422439575,0.04121273010969162,0.01884320005774498,0.05088308826088905
ZJ017919,0.33299586176872253,0.13931412994861603,0.3580372929573059,0.015639260411262512,0.05890994891524315,0.013634510338306427,0.06112540513277054,0.020343678072094917
ZJ017920,0.08345723152160645,0.15340453386306763,0.11659616231918335,0.016833515837788582,0.017944812774658203,0.01125637348741293,0.5369848012924194,0.06352253258228302
ZJ017921,0.008535971865057945,0.9239212274551392,0.005828798748552799,0.01493524108082056,0.011004898697137833,0.013074672780930996,0.012505201622843742,0.01019399706274271
ZJ017922,0.9633063077926636,0.006339614745229483,0.001669209566898644,0.007463433779776096,0.005676316097378731,0.004441895987838507,0.00554828904569149,0.005555023439228535
ZJ017923,0.16326642036437988,0.10018523782491684,0.6032956838607788,0.01168041117489338,0.058966632932424545,0.006410655099898577,0.018953584134578705,0.03724133223295212
ZJ017924,0.36785396933555603,0.07342274487018585,0.24740271270275116,0.022529616951942444,0.03737437725067139,0.012344210408627987,0.06883060932159424,0.17024177312850952
ZJ017925,0.004206706304103136,0.004947313107550144,0.0024408316239714622,0.006648685783147812,0.003865650622174144,0.0065144202671945095,0.9608478546142578,0.0105286268517375
ZJ017926,0.004526494070887566,0.00801729504019022,0.002395154908299446,0.006186010781675577,0.0049185846000909805,0.0072397454641759396,0.9480934143066406,0.01862332597374916
ZJ017927,0.5095579624176025,0.02842540107667446,0.002000105334445834,0.0577201321721077,0.022143768146634102,0.03201786428689957,0.304321825504303,0.04381295293569565
ZJ017928,0.23817852139472961,0.09848010540008545,0.5052105784416199,0.01886702887713909,0.07016407698392868,0.010952947661280632,0.03212995454668999,0.026016779243946075
ZJ017929,0.8050792813301086,0.0065057422034442425,0.016707895323634148,0.04955417290329933,0.06173345074057579,0.015164555981755257,0.017329545691609383,0.027925388887524605
ZJ017930,0.8377238512039185,0.008375424891710281,0.006805131211876869,0.032197415828704834,0.014708303846418858,0.01139841228723526,0.06721730530261993,0.021574147045612335
ZJ017931,0.048553600907325745,0.05740545690059662,0.2329900711774826,0.20763634145259857,0.08489687740802765,0.01918334700167179,0.04402366653084755,0.3053106665611267
ZJ017932,0.4877098798751831,0.12087857723236084,0.032420456409454346,0.05607064068317413,0.06689701229333878,0.029545983299613,0.0780835971236229,0.12839387357234955
ZJ017933,0.24795012176036835,0.1546129733324051,0.0424250103533268,0.06085952743887901,0.12372459471225739,0.03192918375134468,0.11984141916036606,0.21865719556808472
ZJ017934,0.24212002754211426,0.19218654930591583,0.4029770791530609,0.016767092049121857,0.05840323865413666,0.010227613151073456,0.05176660045981407,0.025551794096827507
ZJ017935,0.10618174821138382,0.08519598096609116,0.5501106977462769,0.0494699627161026,0.09662044793367386,0.022022755816578865,0.025429103523492813,0.06496927887201309
ZJ017936,0.17012141644954681,0.03470199182629585,0.39906740188598633,0.10336611419916153,0.11683593690395355,0.013193846680223942,0.04669540748000145,0.11601786315441132
ZJ017937,0.01908157765865326,0.016149867326021194,0.002087604720145464,0.015915129333734512,0.012351992540061474,0.8945109248161316,0.024531228467822075,0.015371709130704403
ZJ017938,0.15793009102344513,0.1359417736530304,0.4792851507663727,0.01688622497022152,0.061444710940122604,0.013169297948479652,0.09721618890762329,0.03812650963664055
ZJ017939,0.005084704607725143,0.010837526060640812,0.0019350004149600863,0.005373228341341019,0.004801630042493343,0.00787827093154192,0.9525179266929626,0.011571728624403477
ZJ017940,0.010568542405962944,0.010733391158282757,0.0029027049895375967,0.008325091563165188,0.012620415538549423,0.9301745295524597,0.01423738431185484,0.010437916964292526
ZJ017941,0.2524224519729614,0.10918249934911728,0.4876934885978699,0.03130189701914787,0.05278927460312843,0.011343711987137794,0.026385784149169922,0.02888089418411255
ZJ017942,0.2579619288444519,0.14121010899543762,0.22208935022354126,0.04140206798911095,0.07458318769931793,0.021024441346526146,0.05638410523533821,0.1853448748588562
ZJ017943,0.007540091872215271,0.008792885579168797,0.0030275294557213783,0.9498404264450073,0.006403659004718065,0.007000592537224293,0.009021555073559284,0.008373195305466652
ZJ017944,0.006588689982891083,0.006127597764134407,0.002432663459330797,0.008614512160420418,0.005611286964267492,0.0051375641487538815,0.9524434804916382,0.013044108636677265
ZJ017945,0.13971318304538727,0.058247413486242294,0.12785989046096802,0.04562428966164589,0.049312055110931396,0.020362231880426407,0.04690290987491608,0.511978030204773
ZJ017946,0.23844553530216217,0.14340630173683167,0.40950191020965576,0.017400838434696198,0.07485652714967728,0.026681825518608093,0.061078812927007675,0.028628231957554817
ZJ017947,0.04193274676799774,0.03569599241018295,0.008669158443808556,0.019223259761929512,0.07285741716623306,0.7657787203788757,0.01948804408311844,0.03635463863611221
ZJ017948,0.022827601060271263,0.9082895517349243,0.00640913238748908,0.00924052856862545,0.01203741505742073,0.020494729280471802,0.006581560242921114,0.01411948911845684
ZJ017949,0.2884518504142761,0.13290493190288544,0.38379424810409546,0.019547920674085617,0.06393074244260788,0.013353529386222363,0.07215682417154312,0.025859951972961426
ZJ017950,0.07793162018060684,0.22078801691532135,0.2390693873167038,0.040440406650304794,0.11631587892770767,0.17944584786891937,0.08264481276273727,0.04336408153176308
ZJ017951,0.015000921674072742,0.013463888317346573,0.002833104459568858,0.011538751423358917,0.013240342028439045,0.9186378717422485,0.011961973272264004,0.013323244638741016
ZJ017952,0.20902779698371887,0.17151878774166107,0.07738874852657318,0.06468113511800766,0.10648978501558304,0.034925926476716995,0.14773371815681458,0.1882341057062149
ZJ017953,0.006194237153977156,0.9443021416664124,0.005241979379206896,0.011697446927428246,0.008924750611186028,0.010049057193100452,0.0055609941482543945,0.008029362186789513
ZJ017954,0.0105099156498909,0.008984709158539772,0.004564537201076746,0.0059309485368430614,0.008459064178168774,0.9476463198661804,0.006568546406924725,0.007335892412811518
ZJ017955,0.016176952049136162,0.013105656951665878,0.0021835167426615953,0.016193576157093048,0.010307841934263706,0.9141735434532166,0.015704214572906494,0.012154695577919483
ZJ017956,0.24044543504714966,0.060314204543828964,0.18572157621383667,0.056969549506902695,0.031894028186798096,0.049422625452280045,0.08858341723680496,0.2866491973400116
ZJ017957,0.04090224578976631,0.01034494023770094,0.01252809725701809,0.06021268293261528,0.017925290390849113,0.022592971101403236,0.019270993769168854,0.8162227869033813
ZJ017958,0.017199724912643433,0.9053398966789246,0.005721942521631718,0.017168696969747543,0.015516265295445919,0.018434418365359306,0.007913204841315746,0.012705798260867596
ZJ017959,0.17402786016464233,0.08055848628282547,0.10602210462093353,0.1091524288058281,0.11463169753551483,0.03863680362701416,0.09677114337682724,0.2801995277404785
ZJ017960,0.020947210490703583,0.27133747935295105,0.006257819011807442,0.022774890065193176,0.04384734854102135,0.05058184266090393,0.4913482069969177,0.09290517121553421
ZJ017961,0.029534904286265373,0.025118539109826088,0.003916159272193909,0.014986860565841198,0.027519451454281807,0.016197236254811287,0.026695111766457558,0.8560317754745483
ZJ017962,0.006050654221326113,0.01029122993350029,0.002740735188126564,0.9517622590065002,0.005058595445007086,0.006715499795973301,0.008284587413072586,0.009096444584429264
ZJ017963,0.7567320466041565,0.05053853616118431,0.02887207269668579,0.020018912851810455,0.05259928107261658,0.013185318559408188,0.0628473088145256,0.015206524170935154
ZJ017964,0.016019897535443306,0.010144366882741451,0.0036449257750064135,0.06940951943397522,0.009949708357453346,0.8533070087432861,0.023836858570575714,0.01368771307170391
ZJ017965,0.021902427077293396,0.886005699634552,0.00496240658685565,0.01858719252049923,0.011445063166320324,0.011597645469009876,0.030651550740003586,0.014848028309643269
ZJ017966,0.17615899443626404,0.14289039373397827,0.3586122989654541,0.035662345588207245,0.13997510075569153,0.038933735340833664,0.06327163428068161,0.04449552297592163
ZJ017967,0.007393478881567717,0.020803336054086685,0.0033932914957404137,0.011400455608963966,0.013049693778157234,0.012062827125191689,0.9001756310462952,0.031721245497465134
ZJ017968,0.00463651679456234,0.005616995971649885,0.0028858676087111235,0.011058595962822437,0.004680336453020573,0.005476715043187141,0.9566302299499512,0.009014726616442204
ZJ017969,0.01595764048397541,0.017969582229852676,0.006329805124551058,0.011698023416101933,0.02078523300588131,0.8770256042480469,0.03198614716529846,0.01824803464114666
ZJ017970,0.010097051970660686,0.007872401736676693,0.00314274406991899,0.006300744134932756,0.009407862089574337,0.9446391463279724,0.008873699232935905,0.00966628361493349
ZJ017971,0.20480658113956451,0.08355212956666946,0.5519269704818726,0.017045114189386368,0.07478489726781845,0.011722822673618793,0.033461883664131165,0.022699574008584023
ZJ017972,0.1121857762336731,0.06193644180893898,0.14953134953975677,0.11847475171089172,0.11687948554754257,0.03373632952570915,0.08644963800907135,0.32080623507499695
ZJ017973,0.005193205084651709,0.002906793961301446,0.0019997202325612307,0.006459166295826435,0.004106099251657724,0.0042658313177526,0.9676496386528015,0.00741956289857626
ZJ017974,0.00989503599703312,0.00828537531197071,0.0024678066838532686,0.0169060081243515,0.014355272985994816,0.009969376027584076,0.010777652263641357,0.927343487739563
ZJ017975,0.215601846575737,0.16787748038768768,0.08550333231687546,0.05220623314380646,0.12917020916938782,0.03159516304731369,0.1875849962234497,0.1304607093334198
ZJ017976,0.1347254514694214,0.16035056114196777,0.11730983853340149,0.052924737334251404,0.1324489861726761,0.02796955592930317,0.23967613279819489,0.13459466397762299
ZJ017977,0.005886373110115528,0.8924022316932678,0.0033956842962652445,0.01774296723306179,0.01158902794122696,0.013231601566076279,0.038789838552474976,0.01696237362921238
ZJ017978,0.37549570202827454,0.06328319758176804,0.058335721492767334,0.04919892176985741,0.24555924534797668,0.035151686519384384,0.13360056281089783,0.039374906569719315
ZJ017979,0.2542513906955719,0.20273809134960175,0.03926897048950195,0.09299048036336899,0.04614407196640968,0.08320580422878265,0.08146452158689499,0.1999366134405136
ZJ017980,0.06510547548532486,0.5522690415382385,0.003515728982165456,0.08112158626317978,0.057724729180336,0.1785871386528015,0.02979351207613945,0.03188278153538704
ZJ017981,0.03380294144153595,0.8326194286346436,0.004356906749308109,0.02333744429051876,0.029334809631109238,0.02237316220998764,0.04190536215901375,0.012269944883883
ZJ017982,0.19472523033618927,0.14154277741909027,0.4715442955493927,0.014390842989087105,0.05589056387543678,0.023796306923031807,0.06486634165048599,0.033243533223867416
ZJ017983,0.08455861359834671,0.1357148140668869,0.04353930056095123,0.04928327351808548,0.14294619858264923,0.046835605055093765,0.3190518915653229,0.1780702769756317
ZJ017984,0.12840145826339722,0.09413374215364456,0.04454229772090912,0.05994771420955658,0.12537488341331482,0.053118009120225906,0.13179370760917664,0.3626881241798401
ZJ017985,0.027446428313851357,0.039103712886571884,0.005641143303364515,0.02393485978245735,0.022314896807074547,0.01438790000975132,0.01649666018784046,0.8506743907928467
ZJ017986,0.2928759455680847,0.15850049257278442,0.3378499746322632,0.018423838540911674,0.06914001703262329,0.015826435759663582,0.07448659092187881,0.03289670869708061
ZJ017987,0.1662735790014267,0.0883992463350296,0.558750331401825,0.015113705769181252,0.09594875574111938,0.016292773187160492,0.0328601598739624,0.02636142261326313
ZJ017988,0.7783670425415039,0.034280262887477875,0.024374546483159065,0.013725190423429012,0.04596567898988724,0.01073445938527584,0.08012986183166504,0.012422905303537846
ZJ017989,0.033388011157512665,0.02753451094031334,0.005912901367992163,0.02582845464348793,0.02558700367808342,0.013958573341369629,0.099343441426754,0.7684471607208252
ZJ017990,0.0032142181880772114,0.0033763516694307327,0.0031015174463391304,0.0063438620418310165,0.003527439199388027,0.004218556452542543,0.9661715030670166,0.010046645998954773
ZJ017991,0.11942697316408157,0.10570994764566422,0.18011535704135895,0.03488917276263237,0.13222821056842804,0.036600906401872635,0.19154092669487,0.19948852062225342
ZJ017992,0.1968599259853363,0.026134813204407692,0.004794490057975054,0.012139104306697845,0.7270467877388,0.010575992055237293,0.007201289292424917,0.01524756383150816
ZJ017993,0.7730210423469543,0.01824130490422249,0.0378439836204052,0.014642183668911457,0.039727017283439636,0.012031209655106068,0.07834324240684509,0.026150058954954147
ZJ017994,0.014471059665083885,0.012722873128950596,0.02256728895008564,0.005076918751001358,0.009290586225688457,0.9218766093254089,0.008381007239222527,0.005613559391349554
ZJ017995,0.061649102717638016,0.034691210836172104,0.7719554901123047,0.02590944617986679,0.04145706072449684,0.01102572400122881,0.02296418510377407,0.030347710475325584
ZJ017996,0.006055441685020924,0.009408576413989067,0.0029363411013036966,0.9530341029167175,0.005249198526144028,0.006248096935451031,0.009098130278289318,0.007970096543431282
ZJ017997,0.22654718160629272,0.11692730337381363,0.47599756717681885,0.01506779994815588,0.061117783188819885,0.014761220663785934,0.04973206669092178,0.03984903544187546
ZJ017998,0.1352994292974472,0.07039929926395416,0.05258817970752716,0.1572294533252716,0.05961497873067856,0.02583329752087593,0.11755869537591934,0.3814767301082611
ZJ017999,0.012514334172010422,0.9185150861740112,0.005504064727574587,0.019789688289165497,0.009845360182225704,0.011770774610340595,0.013251161202788353,0.008809581398963928
ZJ018000,0.017171688377857208,0.01914984919130802,0.005437094252556562,0.01519350241869688,0.010883551090955734,0.9056238532066345,0.014908595941960812,0.011631866917014122
ZJ018001,0.2665976583957672,0.1437036693096161,0.34982743859291077,0.02503974176943302,0.10976375639438629,0.01915625110268593,0.06165273115038872,0.02425878867506981
ZJ018002,0.19708772003650665,0.06012754514813423,0.5879612565040588,0.0177847258746624,0.04977607727050781,0.005356075242161751,0.04503178223967552,0.036874767392873764
ZJ018003,0.43556222319602966,0.07378952205181122,0.3191230297088623,0.016345832496881485,0.06782249361276627,0.021822571754455566,0.04280484840273857,0.02272948808968067
ZJ018004,0.23396050930023193,0.08682309091091156,0.4621184468269348,0.023285023868083954,0.11878608912229538,0.015280677936971188,0.035355422645807266,0.024390731006860733
ZJ018005,0.2597960829734802,0.041754040867090225,0.3408873379230499,0.0779801458120346,0.14890606701374054,0.033461473882198334,0.06044745445251465,0.03676746413111687
ZJ018006,0.01109280064702034,0.007917659357190132,0.002010415541008115,0.02128874883055687,0.013396316207945347,0.9158807992935181,0.015445268712937832,0.012968061491847038
ZJ018007,0.07239589840173721,0.15136076509952545,0.09164034575223923,0.02315508760511875,0.10116223990917206,0.14065389335155487,0.19256407022476196,0.22706763446331024
ZJ018008,0.6748208403587341,0.01871676743030548,0.013029380701482296,0.14436975121498108,0.041941914707422256,0.029388468712568283,0.010742055252194405,0.06699084490537643
ZJ018009,0.0734982118010521,0.017332440242171288,0.005470594856888056,0.02225828729569912,0.02443401888012886,0.013594817370176315,0.017409007996320724,0.8260025978088379
ZJ018010,0.23558321595191956,0.2035493105649948,0.3639560639858246,0.023158958181738853,0.08310431241989136,0.017062881961464882,0.05094040185213089,0.02264486998319626
ZJ018011,0.23231995105743408,0.1179262101650238,0.056914880871772766,0.07072228193283081,0.12055449932813644,0.04178478568792343,0.16133356094360352,0.19844384491443634
ZJ018012,0.3054555356502533,0.14773809909820557,0.30360114574432373,0.03096480295062065,0.1025063768029213,0.019677428528666496,0.06278843432664871,0.02726813219487667
ZJ018013,0.059650130569934845,0.24247752130031586,0.026175687089562416,0.06801781803369522,0.042507681995630264,0.043526217341423035,0.0548015758395195,0.4628433585166931
ZJ018014,0.03936261311173439,0.05472470819950104,0.010495072230696678,0.039702631533145905,0.04529470577836037,0.018200622871518135,0.4645873010158539,0.3276323676109314
ZJ018015,0.9282332062721252,0.01582181081175804,0.0036434000357985497,0.013350696302950382,0.011283627711236477,0.007916448637843132,0.00902352761477232,0.010727278888225555
ZJ018016,0.922950267791748,0.01926198974251747,0.0017764288932085037,0.010115529410541058,0.006842332426458597,0.008805500343441963,0.016606181859970093,0.013641783967614174
ZJ018017,0.07083697617053986,0.07538545876741409,0.6011455059051514,0.0628296285867691,0.04925311356782913,0.028744734823703766,0.02983236126601696,0.08197224140167236
ZJ018018,0.27000555396080017,0.13563570380210876,0.4118810296058655,0.018026631325483322,0.05918418616056442,0.01280418410897255,0.07005348056554794,0.022409237921237946
ZJ018019,0.2266673743724823,0.13976962864398956,0.41201964020729065,0.02760528028011322,0.09050797671079636,0.017497828230261803,0.05035407841205597,0.03557815030217171
ZJ018020,0.12513193488121033,0.4681479334831238,0.022249847650527954,0.06989048421382904,0.1396535187959671,0.03727397695183754,0.0679173618555069,0.06973497569561005
ZJ018021,0.009656267240643501,0.9225338101387024,0.006533080246299505,0.014695101417601109,0.013025050051510334,0.01001492515206337,0.009176637977361679,0.014365090988576412
ZJ018022,0.18299418687820435,0.23144634068012238,0.37876471877098083,0.02274429053068161,0.052019327878952026,0.027698451653122902,0.06981591135263443,0.03451676294207573
ZJ018023,0.011233177036046982,0.013975635170936584,0.004822191782295704,0.025877004489302635,0.018509622663259506,0.017278635874390602,0.1517428159713745,0.7565608024597168
ZJ018024,0.006942279636859894,0.9325783252716064,0.0033494881354272366,0.017271341755986214,0.009315982460975647,0.012000160291790962,0.007872840389609337,0.010669602081179619
ZJ018025,0.016817037016153336,0.9236969351768494,0.003981627058237791,0.011865378357470036,0.010988840833306313,0.010540974326431751,0.013325669802725315,0.008783601224422455
ZJ018026,0.2351524829864502,0.13451412320137024,0.4189922511577606,0.019270779564976692,0.05069940537214279,0.015617521479725838,0.09485834836959839,0.030895067378878593
ZJ018027,0.02984379604458809,0.08091821521520615,0.009937804192304611,0.021417252719402313,0.02643747627735138,0.02024504542350769,0.7603504061698914,0.050850044935941696
ZJ018028,0.15750877559185028,0.07655646651983261,0.20750375092029572,0.13759727776050568,0.10828205943107605,0.023750172927975655,0.09645026922225952,0.19235120713710785
ZJ018029,0.7690901756286621,0.015264498069882393,0.004155089147388935,0.0158283319324255,0.1624244749546051,0.011511104181408882,0.014929505065083504,0.0067968349903821945
ZJ018030,0.21156278252601624,0.18543294072151184,0.3266374468803406,0.03319426253437996,0.1097174808382988,0.021413613110780716,0.07681894302368164,0.03522256761789322
ZJ018031,0.1953999549150467,0.180523082613945,0.2775029242038727,0.03196699544787407,0.15904375910758972,0.015056080184876919,0.0806581899523735,0.059848953038454056
ZJ018032,0.22779984772205353,0.13229691982269287,0.47946804761886597,0.01737944222986698,0.05562686547636986,0.015593321062624454,0.04953581467270851,0.022299662232398987
ZJ018033,0.8948847055435181,0.007891817949712276,0.002183995908126235,0.010363834910094738,0.010592969134449959,0.016408979892730713,0.04158886522054672,0.016084859147667885
ZJ018034,0.9222882986068726,0.016566064208745956,0.002347681438550353,0.018368324264883995,0.010869741439819336,0.008592401631176472,0.008939888328313828,0.012027570977807045
ZJ018035,0.9623644948005676,0.006982782855629921,0.0015425652964040637,0.005673592910170555,0.007326587103307247,0.005044572055339813,0.004894502926617861,0.006170917302370071
ZJ018036,0.9481572508811951,0.007552270777523518,0.0017102324636653066,0.007762334309518337,0.006407325621694326,0.006951790302991867,0.011956620961427689,0.009502297267317772
ZJ018037,0.012995068915188313,0.902377724647522,0.009439747780561447,0.018998345360159874,0.014622108079493046,0.017766548320651054,0.010641072876751423,0.013159340247511864
ZJ018038,0.0076248073019087315,0.006574198603630066,0.004670008085668087,0.00461543770506978,0.005691168364137411,0.9593819975852966,0.006238865666091442,0.0052036079578101635
ZJ018039,0.046884942799806595,0.08145029097795486,0.0032702721655368805,0.035499196499586105,0.05967021360993385,0.036987271159887314,0.6996071934700012,0.03663055971264839
ZJ018040,0.09042821824550629,0.10956958681344986,0.5253046154975891,0.07359868288040161,0.060225073248147964,0.016307272017002106,0.03509938716888428,0.08946720510721207
ZJ018041,0.01953313499689102,0.015915647149086,0.00910330843180418,0.009658102877438068,0.01604749821126461,0.8929789662361145,0.02294434793293476,0.013818968087434769
ZJ018042,0.044443171471357346,0.035465896129608154,0.4532574713230133,0.08578598499298096,0.05016432702541351,0.05056000128388405,0.035366352647542953,0.2449568212032318
ZJ018043,0.05660559609532356,0.4952611029148102,0.004236228764057159,0.0538567490875721,0.022751422598958015,0.024296022951602936,0.014343179762363434,0.32864972949028015
ZJ018044,0.2075970619916916,0.030573340132832527,0.03418252244591713,0.27169302105903625,0.04631337895989418,0.03662322089076042,0.07806365936994553,0.2949538230895996
ZJ018045,0.7237032651901245,0.08165089786052704,0.060567568987607956,0.017689093947410583,0.04325324669480324,0.019834281876683235,0.047044046223163605,0.006257719360291958
ZJ018046,0.0076420982368290424,0.009192105382680893,0.0025168168358504772,0.01944965496659279,0.01625242456793785,0.04313838854432106,0.860672116279602,0.04113638773560524
ZJ018047,0.19390438497066498,0.08928569406270981,0.5467713475227356,0.022789498791098595,0.06312770396471024,0.021190887317061424,0.02953626960515976,0.033394187688827515
ZJ018048,0.2143612951040268,0.004636672791093588,0.005408493336290121,0.013047068379819393,0.021517984569072723,0.009490029886364937,0.7217651605606079,0.00977330282330513
ZJ018049,0.7024073004722595,0.05261342227458954,0.013103709556162357,0.019428186118602753,0.04894322529435158,0.04953601211309433,0.10180908441543579,0.012159064412117004
ZJ018050,0.15099495649337769,0.08840543031692505,0.04740108549594879,0.07507640868425369,0.10944145917892456,0.05872678756713867,0.15704526007175446,0.3129085898399353
ZJ018051,0.16369396448135376,0.121836818754673,0.44699031114578247,0.019396422430872917,0.05764900520443916,0.028382763266563416,0.12488945573568344,0.03716130182147026
ZJ018052,0.004190471954643726,0.009118253365159035,0.004520831163972616,0.00788342859596014,0.004958563018590212,0.007783703505992889,0.947766900062561,0.013777799904346466
ZJ018053,0.10720852017402649,0.10551676154136658,0.5800291895866394,0.024317506700754166,0.06101654842495918,0.007687832694500685,0.08201531320810318,0.032208312302827835
ZJ018054,0.21616923809051514,0.19371727108955383,0.3615384101867676,0.02916013076901436,0.09077206999063492,0.017750803381204605,0.04560590535402298,0.04528609663248062
ZJ018055,0.13249436020851135,0.07894305139780045,0.11922448873519897,0.14425212144851685,0.10798168182373047,0.03231328725814819,0.11100734770298004,0.27378371357917786
ZJ018056,0.21602487564086914,0.13007742166519165,0.36671337485313416,0.03220270946621895,0.09458093345165253,0.034134842455387115,0.08302807062864304,0.04323771223425865
ZJ018057,0.08087371289730072,0.5071525573730469,0.007215904071927071,0.0360276959836483,0.06741175055503845,0.04624749720096588,0.12584146857261658,0.12922939658164978
ZJ018058,0.004552342928946018,0.004834586288779974,0.002423277124762535,0.007563939318060875,0.00446362653747201,0.005437418818473816,0.9628344774246216,0.00789019837975502
ZJ018059,0.007484840229153633,0.94582200050354,0.0043814475648105145,0.01123602781444788,0.009705566801130772,0.009666705504059792,0.005319974850863218,0.006383376196026802
ZJ018060,0.8528053760528564,0.014611221849918365,0.002806862350553274,0.03282199427485466,0.014804243110120296,0.015703605487942696,0.013845895417034626,0.05260072648525238
ZJ018061,0.1438111960887909,0.05998513847589493,0.13987034559249878,0.12458182871341705,0.1055183857679367,0.033744119107723236,0.11888397485017776,0.27360501885414124
ZJ018062,0.9605082869529724,0.005949987564235926,0.0018215522868558764,0.005958070047199726,0.011519132182002068,0.005740835797041655,0.004240340553224087,0.004261729773133993
ZJ018063,0.8196914792060852,0.016848793253302574,0.00307262665592134,0.02276655286550522,0.022339843213558197,0.009762213565409184,0.013549516908824444,0.09196887910366058
ZJ018064,0.005442391149699688,0.007683988660573959,0.002017883351072669,0.9576380848884583,0.005080707836896181,0.005947987083345652,0.008327426388859749,0.007861506193876266
ZJ018065,0.2867167294025421,0.12283458560705185,0.07498495280742645,0.0817805603146553,0.0999145582318306,0.035325758159160614,0.06876660883426666,0.22967621684074402
ZJ018066,0.12105800956487656,0.13238151371479034,0.11731278151273727,0.045387182384729385,0.09195338934659958,0.07543501257896423,0.20944426953792572,0.2070278823375702
ZJ018067,0.012781322933733463,0.016156889498233795,0.0027015849482268095,0.035464249551296234,0.019198840484023094,0.8814984560012817,0.013789625838398933,0.01840905100107193
ZJ018068,0.07152512669563293,0.0856272503733635,0.015572074800729752,0.08421473205089569,0.06246119365096092,0.2717380225658417,0.26905885338783264,0.13980278372764587
ZJ018069,0.9574754238128662,0.007770042400807142,0.0019127652049064636,0.0073278723284602165,0.009205790236592293,0.005860089790076017,0.0055262986570596695,0.004921671934425831
ZJ018070,0.20886237919330597,0.10204789787530899,0.5203590393066406,0.01911318674683571,0.06896964460611343,0.011010014452040195,0.03600635379552841,0.03363144025206566
ZJ018071,0.07015020400285721,0.03798491880297661,0.006806140765547752,0.034028444439172745,0.024632755666971207,0.021498028188943863,0.17838510870933533,0.6265143752098083
ZJ018072,0.307277113199234,0.15810070931911469,0.34595879912376404,0.01945025660097599,0.054911062121391296,0.013982445001602173,0.07284719496965408,0.02747245691716671
ZJ018073,0.3560958802700043,0.012128566391766071,0.004371480084955692,0.0115745784714818,0.5686571002006531,0.013232695870101452,0.012285646051168442,0.021654030308127403
ZJ018074,0.9485257267951965,0.009141363203525543,0.002043365500867367,0.008249524049460888,0.007432141806930304,0.006912849843502045,0.008533056825399399,0.00916193425655365
ZJ018075,0.9491340517997742,0.010426176711916924,0.0018605840159580112,0.00936879962682724,0.007735583931207657,0.008171748369932175,0.008911434561014175,0.004391643684357405
ZJ018076,0.07522965967655182,0.06328822672367096,0.7071083188056946,0.027746906504034996,0.029123671352863312,0.019369978457689285,0.03503431752324104,0.043098971247673035
ZJ018077,0.02816770225763321,0.2560526430606842,0.007418327033519745,0.024947747588157654,0.0533115491271019,0.02680259384214878,0.5481278896331787,0.05517160892486572
ZJ018078,0.9491292238235474,0.0052750143222510815,0.0012664978858083487,0.01623040810227394,0.004515855107456446,0.005634196102619171,0.009216025471687317,0.008732733316719532
ZJ018079,0.15878142416477203,0.23428145051002502,0.45844411849975586,0.019311023876070976,0.05174390971660614,0.01999768055975437,0.04175965115427971,0.015680737793445587
ZJ018080,0.18632803857326508,0.15408779680728912,0.48061874508857727,0.016773376613855362,0.0753568783402443,0.015183797106146812,0.039610639214515686,0.03204075247049332
ZJ018081,0.7421082854270935,0.015299897640943527,0.0031781340949237347,0.03245306760072708,0.05890483409166336,0.03151404485106468,0.1023811474442482,0.01416054181754589
ZJ018082,0.17959706485271454,0.19921477138996124,0.3378324508666992,0.021171212196350098,0.10134436190128326,0.027901608496904373,0.08466524630784988,0.04827335849404335
ZJ018083,0.0074991947039961815,0.9461603760719299,0.0054515209048986435,0.008328220807015896,0.006692982278764248,0.010570201091468334,0.007550782524049282,0.007746688090264797
ZJ018084,0.008060977794229984,0.9419544339179993,0.005730684846639633,0.011471321806311607,0.008206959813833237,0.013474439270794392,0.005535212345421314,0.00556593481451273
ZJ018085,0.019034411758184433,0.02588082291185856,0.00630699610337615,0.7006747722625732,0.018147101625800133,0.02097313292324543,0.021773122251033783,0.18720968067646027
ZJ018086,0.1283959001302719,0.1082955077290535,0.08819852769374847,0.13196048140525818,0.07999850809574127,0.0447964109480381,0.09227685630321503,0.3260778486728668
ZJ018087,0.120913065969944,0.12935246527194977,0.07064856588840485,0.0674949586391449,0.05544084310531616,0.04932418838143349,0.0803891271352768,0.4264368414878845
ZJ018088,0.23315665125846863,0.19090120494365692,0.10036776214838028,0.05114224925637245,0.10157661885023117,0.02653655782341957,0.1570499688386917,0.13926899433135986
ZJ018089,0.18421775102615356,0.1324719786643982,0.034437332302331924,0.09056500345468521,0.12260618060827255,0.25518468022346497,0.12527815997600555,0.055238887667655945
ZJ018090,0.11522722244262695,0.08498916029930115,0.5916688442230225,0.058588024228811264,0.036031704396009445,0.006198096554726362,0.02350776642560959,0.08378922194242477
ZJ018091,0.15980368852615356,0.06118134409189224,0.08942639082670212,0.14067353308200836,0.08312635868787766,0.038253605365753174,0.10200852900743484,0.3255265951156616
ZJ018092,0.02216475084424019,0.00909300148487091,0.002514192136004567,0.012308258563280106,0.04623241350054741,0.012553890235722065,0.8780408501625061,0.017092669382691383
ZJ018093,0.0046326713636517525,0.003802710445597768,0.004381509032100439,0.008331896737217903,0.004859437700361013,0.006126079708337784,0.9562060236930847,0.011659692972898483
ZJ018094,0.06965013593435287,0.144131138920784,0.289729505777359,0.052518874406814575,0.16312482953071594,0.0994734838604927,0.06460315734148026,0.11676888167858124
ZJ018095,0.956955075263977,0.009040351957082748,0.002772936364635825,0.007523958571255207,0.008599972352385521,0.004874636884778738,0.004457468632608652,0.005775614641606808
ZJ018096,0.1679019331932068,0.37133631110191345,0.18506430089473724,0.01910141482949257,0.09509261697530746,0.022317273542284966,0.09864935278892517,0.040536850690841675
ZJ018097,0.006591435521841049,0.004493076354265213,0.002592502860352397,0.005590689368546009,0.003570955479517579,0.007644934114068747,0.9612225294113159,0.00829397514462471
ZJ018098,0.01643938012421131,0.7436946630477905,0.0044949110597372055,0.015115892514586449,0.024005897343158722,0.015425888821482658,0.14921708405017853,0.031606364995241165
ZJ018099,0.01320341881364584,0.010173042304813862,0.0023978918325155973,0.03269783779978752,0.010553150437772274,0.8947275876998901,0.016701417043805122,0.019545670598745346
ZJ018100,0.015534753911197186,0.8383917808532715,0.002620881423354149,0.03673911467194557,0.012344498187303543,0.012313076294958591,0.013245298527181149,0.06881050020456314
ZJ018101,0.15077751874923706,0.10620277374982834,0.39601871371269226,0.024105142802000046,0.06880160421133041,0.02296193689107895,0.03529781475663185,0.19583448767662048
ZJ018102,0.12689243257045746,0.027442026883363724,0.011089934036135674,0.2160751074552536,0.11511867493391037,0.09665237367153168,0.04948805272579193,0.3572414219379425
ZJ018103,0.9649919271469116,0.006296847015619278,0.00167762185446918,0.006675148848444223,0.005018171388655901,0.0043946984224021435,0.004748676437884569,0.006196882575750351
ZJ018104,0.02113892324268818,0.020999832078814507,0.042409349232912064,0.008073288016021252,0.019399229437112808,0.8660701513290405,0.011052059009671211,0.01085710059851408
ZJ018105,0.029150918126106262,0.8611409068107605,0.006981869228184223,0.006622523069381714,0.017445622012019157,0.019484492018818855,0.04037550091743469,0.0187980979681015
ZJ018106,0.009251189418137074,0.007746210787445307,0.0026114757638424635,0.00892056804150343,0.008644085377454758,0.9283613562583923,0.020652228966355324,0.013812894001603127
ZJ018107,0.7042282223701477,0.08718673139810562,0.07596908509731293,0.012818168848752975,0.04269396886229515,0.007454560603946447,0.057483598589897156,0.012165720574557781
ZJ018108,0.6814091801643372,0.02562154270708561,0.01202482171356678,0.024243135005235672,0.032979656010866165,0.01726209744811058,0.04072609916329384,0.1657334417104721
ZJ018109,0.19647178053855896,0.010456627234816551,0.02777024544775486,0.08015306293964386,0.026255382224917412,0.013770691119134426,0.04738112911581993,0.5977411270141602
ZJ018110,0.26148346066474915,0.13666026294231415,0.3406836688518524,0.02419598400592804,0.10045579075813293,0.025566309690475464,0.06426755338907242,0.04668693616986275
ZJ018111,0.11470409482717514,0.11443398147821426,0.500525176525116,0.06665489077568054,0.0929935872554779,0.02448200434446335,0.02444242127239704,0.06176382675766945
ZJ018112,0.016942672431468964,0.016103018075227737,0.0030127069912850857,0.03855949640274048,0.024531420320272446,0.6780964136123657,0.1688450127840042,0.05390920862555504
ZJ018113,0.8579130172729492,0.013388932682573795,0.0019767528865486383,0.05074606090784073,0.012730680406093597,0.007660921197384596,0.009525577537715435,0.04605802893638611
ZJ018114,0.9085603952407837,0.00888035073876381,0.0018619063775986433,0.00945570319890976,0.0099681681022048,0.011549621820449829,0.03857358172535896,0.01115026231855154
ZJ018115,0.2519824504852295,0.2050144374370575,0.37414780259132385,0.021057559177279472,0.06618897616863251,0.009143523871898651,0.04069887101650238,0.03176634758710861
ZJ018116,0.07425933331251144,0.03411430865526199,0.0044419895857572556,0.028500907123088837,0.04607998579740524,0.014043592847883701,0.7529234290122986,0.045636486262083054
ZJ018117,0.43489500880241394,0.01274537667632103,0.006167219486087561,0.01813073270022869,0.48155754804611206,0.009571349248290062,0.024936221539974213,0.011996512301266193
ZJ018118,0.13861002027988434,0.11647428572177887,0.6190622448921204,0.013505658134818077,0.04831603169441223,0.010529021732509136,0.024792322888970375,0.028710385784506798
ZJ018119,0.011934838257730007,0.012842882424592972,0.005872522480785847,0.01378547865897417,0.018315648660063744,0.020581146702170372,0.8424685001373291,0.07419897615909576
ZJ018120,0.16430342197418213,0.17891867458820343,0.24893039464950562,0.049632295966148376,0.14478710293769836,0.017041891813278198,0.11035516113042831,0.086030974984169
ZJ018121,0.0050548347644507885,0.006526919547468424,0.004725923296064138,0.009302789345383644,0.008754397742450237,0.011727925390005112,0.9332588911056519,0.02064836397767067
ZJ018122,0.02919605001807213,0.79132080078125,0.0025144077371805906,0.019535653293132782,0.018960656598210335,0.017536643892526627,0.08425278961658478,0.03668299317359924
ZJ018123,0.12720440328121185,0.1006317213177681,0.48543140292167664,0.038157060742378235,0.10334588587284088,0.02408686652779579,0.052091728895902634,0.06905093044042587
ZJ018124,0.07198892533779144,0.08335410058498383,0.033987000584602356,0.054805938154459,0.07174168527126312,0.025415275245904922,0.4010976254940033,0.25760936737060547
ZJ018125,0.9634314179420471,0.006707534193992615,0.0019952873699367046,0.006425059866160154,0.006663538049906492,0.004630880896002054,0.004863226320594549,0.005283028818666935
ZJ018126,0.26366502046585083,0.0920281782746315,0.4556346833705902,0.02195439673960209,0.0941932275891304,0.011440194211900234,0.03363305702805519,0.027451230213046074
ZJ018127,0.23501990735530853,0.15527532994747162,0.12760987877845764,0.07024995237588882,0.1121581420302391,0.03690163791179657,0.12709136307239532,0.13569369912147522
ZJ018128,0.08315940946340561,0.09580989181995392,0.5797627568244934,0.04306554049253464,0.07718324661254883,0.01593388244509697,0.04003508761525154,0.06505020707845688
ZJ018129,0.9449763298034668,0.013127969577908516,0.0027590361423790455,0.00934662390500307,0.009405205026268959,0.0064029451459646225,0.004688016138970852,0.009293774142861366
ZJ018130,0.007750160526484251,0.9388030767440796,0.004627715330570936,0.012390551157295704,0.008692682720720768,0.01220894604921341,0.006974552292376757,0.008552378974854946
ZJ018131,0.016019271686673164,0.9382480978965759,0.0030052855145186186,0.012167849577963352,0.0070000444538891315,0.011505515314638615,0.0038121819961816072,0.008241690695285797
ZJ018132,0.3499346971511841,0.032742589712142944,0.12404262274503708,0.04612768068909645,0.22072909772396088,0.02349887043237686,0.08591993153095245,0.11700446903705597
ZJ018133,0.009207245893776417,0.9357713460922241,0.002633684780448675,0.007441806141287088,0.008257324807345867,0.010943066328763962,0.014900731854140759,0.010844764299690723
ZJ018134,0.19970789551734924,0.10236325114965439,0.5417331457138062,0.025563279166817665,0.06365730613470078,0.005962309893220663,0.03018205240368843,0.030830778181552887
ZJ018135,0.16934208571910858,0.1298733949661255,0.08737336844205856,0.07094629108905792,0.1427198052406311,0.05553330108523369,0.1316254884004593,0.21258623898029327
ZJ018136,0.010863855481147766,0.9180730581283569,0.007667765952646732,0.02348923310637474,0.011804885230958462,0.011647365055978298,0.007314906921237707,0.009138952009379864
ZJ018137,0.2868492305278778,0.08152712136507034,0.4242951571941376,0.026931287720799446,0.10054311156272888,0.017618196085095406,0.039228931069374084,0.02300705388188362
ZJ018138,0.009773657657206059,0.013384114019572735,0.00666266493499279,0.011067450046539307,0.013245541602373123,0.010831872932612896,0.9104135632514954,0.024621210992336273
ZJ018139,0.05502265691757202,0.04149191826581955,0.0027478067204356194,0.04748702794313431,0.02450685389339924,0.04404813051223755,0.6758231520652771,0.10887245833873749
ZJ018140,0.13976965844631195,0.14278244972229004,0.11986362189054489,0.06067977845668793,0.10381142795085907,0.0317191556096077,0.2330712527036667,0.16830268502235413
ZJ018141,0.3377344608306885,0.10285370796918869,0.3938206732273102,0.018049830570816994,0.060898035764694214,0.00949472188949585,0.042413949966430664,0.03473462164402008
ZJ018142,0.003900141455233097,0.003619948634877801,0.002801601542159915,0.005821216851472855,0.0047460622154176235,0.004939703270792961,0.9684907793998718,0.005680595990270376
ZJ018143,0.01981234923005104,0.8601567149162292,0.014205606654286385,0.015847405418753624,0.03115668334066868,0.019838742911815643,0.020574958994984627,0.018407493829727173
ZJ018144,0.9593164324760437,0.004760307725518942,0.0013651242479681969,0.006507446523755789,0.008915654383599758,0.005268180277198553,0.009739778004586697,0.00412715645506978
ZJ018145,0.037734586745500565,0.027305403724312782,0.005777641199529171,0.07982295751571655,0.11313673853874207,0.033081624656915665,0.5037018060684204,0.19943931698799133
ZJ018146,0.18390768766403198,0.10199999064207077,0.43111738562583923,0.041182707995176315,0.11432577669620514,0.025307927280664444,0.055542897433042526,0.046615615487098694
ZJ018147,0.125636488199234,0.1076105386018753,0.48037269711494446,0.03890550136566162,0.10850010812282562,0.032768405973911285,0.03424687683582306,0.07195937633514404
ZJ018148,0.7731763124465942,0.03269127756357193,0.005141825880855322,0.030356770381331444,0.02063625305891037,0.025711819529533386,0.022074712440371513,0.09021101891994476
ZJ018149,0.11606986820697784,0.045659009367227554,0.6364970207214355,0.05649712681770325,0.03846997022628784,0.018372198566794395,0.01844320259988308,0.06999167054891586
ZJ018150,0.9553017616271973,0.00534800486639142,0.0017157933907583356,0.006884514354169369,0.007635306566953659,0.006898260209709406,0.010263660922646523,0.005952786188572645
ZJ018151,0.04636431485414505,0.007508531678467989,0.004810935351997614,0.008656669408082962,0.9028137922286987,0.005536169279366732,0.005655272863805294,0.01865437626838684
ZJ018152,0.1609942466020584,0.2131963074207306,0.45811834931373596,0.02122960053384304,0.05781060829758644,0.02340446598827839,0.04780946299433708,0.017436936497688293
ZJ018153,0.24681799113750458,0.049393896013498306,0.40337303280830383,0.04247013106942177,0.056597813963890076,0.015015373937785625,0.044515661895275116,0.14181603491306305
ZJ018154,0.01103231031447649,0.009908548556268215,0.004711044020950794,0.007105816155672073,0.017194459214806557,0.9314987063407898,0.008629673160612583,0.00991943571716547
ZJ018155,0.26886433362960815,0.18727755546569824,0.37409862875938416,0.022245602682232857,0.06496449559926987,0.008150218985974789,0.043601833283901215,0.030797306448221207
ZJ018156,0.10002166032791138,0.0988425463438034,0.48978063464164734,0.03854842111468315,0.10115909576416016,0.043519116938114166,0.06114227697253227,0.06698623299598694
ZJ018157,0.07323553413152695,0.02317076176404953,0.09193089604377747,0.21041738986968994,0.0637480840086937,0.020281771197915077,0.045383699238300323,0.4718318581581116
ZJ018158,0.09292905032634735,0.11021027714014053,0.34978270530700684,0.035932060331106186,0.07223238795995712,0.03653294965624809,0.01947130635380745,0.28290924429893494
ZJ018159,0.9438896775245667,0.004963628016412258,0.0030011427588760853,0.01821141503751278,0.008034779690206051,0.004172392189502716,0.006935115437954664,0.010791881009936333
ZJ018160,0.009152933955192566,0.009586344473063946,0.00202576769515872,0.006729891058057547,0.013213382102549076,0.9387843608856201,0.012927422299981117,0.007579901721328497
ZJ018161,0.10672096163034439,0.04994931071996689,0.6324176788330078,0.04439539834856987,0.051475752145051956,0.029175840318202972,0.018308263272047043,0.06755681335926056
ZJ018162,0.046729087829589844,0.8253378868103027,0.01991618238389492,0.011737185530364513,0.03859257698059082,0.013897008262574673,0.021448463201522827,0.022341640666127205
ZJ018163,0.018568532541394234,0.018503356724977493,0.0057858568616211414,0.009268046356737614,0.016143139451742172,0.9016345739364624,0.013854541815817356,0.016241932287812233
ZJ018164,0.19090338051319122,0.17160558700561523,0.4545811712741852,0.018381211906671524,0.0639052763581276,0.018975840881466866,0.05966745316982269,0.021979965269565582
ZJ018165,0.19741936028003693,0.09247817099094391,0.46907472610473633,0.022316886112093925,0.11870721727609634,0.022047417238354683,0.04084346443414688,0.03711281344294548
ZJ018166,0.9619406461715698,0.007432003039866686,0.002176110865548253,0.007057995535433292,0.005920762661844492,0.005601045675575733,0.005036520306020975,0.004834884312003851
ZJ018167,0.3920601010322571,0.07246838510036469,0.42935827374458313,0.013319781050086021,0.03353719040751457,0.008101360872387886,0.028582734987139702,0.022572120651602745
ZJ018168,0.2004004865884781,0.11812354624271393,0.43231257796287537,0.02835598774254322,0.11423897743225098,0.018983768299221992,0.02870522253215313,0.05887944623827934
ZJ018169,0.1086428239941597,0.050562500953674316,0.1036796122789383,0.13683301210403442,0.11620654165744781,0.03823017328977585,0.09096304327249527,0.35488229990005493
ZJ018170,0.13354621827602386,0.18577353656291962,0.1768849492073059,0.05256468802690506,0.13519738614559174,0.025892356410622597,0.15383364260196686,0.1363072246313095
ZJ018171,0.016267182305455208,0.013110930100083351,0.0010892108548432589,0.011134972795844078,0.008907261304557323,0.00916327629238367,0.922921895980835,0.01740529015660286
ZJ018172,0.09610739350318909,0.19205209612846375,0.37075528502464294,0.028485121205449104,0.08447491377592087,0.09723746031522751,0.06925269216299057,0.06163512170314789
ZJ018173,0.013585472479462624,0.016473960131406784,0.00552627258002758,0.007052417378872633,0.012906850315630436,0.9221190214157104,0.01326347142457962,0.009072558954358101
ZJ018174,0.06099903956055641,0.02056369185447693,0.7960788607597351,0.022749116644263268,0.053074911236763,0.011675366200506687,0.013992339372634888,0.02086666226387024
ZJ018175,0.22154384851455688,0.06510014832019806,0.012352232821285725,0.04886205121874809,0.12471122294664383,0.040139324963092804,0.4424724280834198,0.04481875151395798
ZJ018176,0.20013973116874695,0.11638045310974121,0.4949270188808441,0.013771015219390392,0.08485642075538635,0.012996452860534191,0.04720921069383621,0.029719658195972443
ZJ018177,0.14881305396556854,0.1149521917104721,0.05802949517965317,0.06071358174085617,0.1195545643568039,0.04755144193768501,0.13903678953647614,0.31134891510009766
ZJ018178,0.9583289623260498,0.005485796835273504,0.0015070614172145724,0.007164267357438803,0.006090931128710508,0.00586710637435317,0.007513685617595911,0.008042252622544765
ZJ018179,0.01196317095309496,0.013044523075222969,0.002638864563778043,0.006936114747077227,0.010419229045510292,0.008705077692866325,0.8823071122169495,0.06398586928844452
ZJ018180,0.0855160802602768,0.1001572534441948,0.240408793091774,0.07877516001462936,0.12024044990539551,0.025333518162369728,0.08926167339086533,0.2603071331977844
ZJ018181,0.06743334978818893,0.06315777450799942,0.020718950778245926,0.08580984175205231,0.0726107582449913,0.0338728167116642,0.4288303554058075,0.22756609320640564
ZJ018182,0.012653812766075134,0.9129393696784973,0.007144667208194733,0.01596211828291416,0.013864262029528618,0.011188233271241188,0.01113765500485897,0.015109900385141373
ZJ018183,0.19314011931419373,0.15304340422153473,0.44611769914627075,0.01590815745294094,0.08495558053255081,0.01924494467675686,0.06257522851228714,0.02501491829752922
ZJ018184,0.007845832966268063,0.031650036573410034,0.0027035074308514595,0.007006682455539703,0.00433748122304678,0.006943667307496071,0.9292133450508118,0.010299470275640488
ZJ018185,0.028898322954773903,0.8634924292564392,0.013935621827840805,0.016077157109975815,0.028578024357557297,0.02091541700065136,0.01242335606366396,0.01567966863512993
ZJ018186,0.035302530974149704,0.025438733398914337,0.006454486399888992,0.06724866479635239,0.051735881716012955,0.7286684513092041,0.04540392756462097,0.039747368544340134
ZJ018187,0.005624992307275534,0.005019787698984146,0.0018311615567654371,0.006643564905971289,0.006848515011370182,0.9555326700210571,0.009552779607474804,0.008946456015110016
ZJ018188,0.03896872699260712,0.003962405025959015,0.002190935192629695,0.007580325938761234,0.007435215171426535,0.007029611151665449,0.9237422943115234,0.009090609848499298
ZJ018189,0.004299957305192947,0.003527032444253564,0.0029014500323683023,0.007688168901950121,0.004302480258047581,0.008267239667475224,0.960012674331665,0.00900103710591793
ZJ018190,0.24163688719272614,0.08011444658041,0.5556318759918213,0.012629683129489422,0.05231586843729019,0.010882082395255566,0.032156847417354584,0.014632299542427063
ZJ018191,0.6858089566230774,0.019113505259156227,0.004446865525096655,0.025990432128310204,0.012982693500816822,0.021422749385237694,0.19509339332580566,0.035141438245773315
ZJ018192,0.20012031495571136,0.1302354633808136,0.4994677007198334,0.01370257418602705,0.06218118965625763,0.009969866834580898,0.0665622279047966,0.017760595306754112
ZJ018193,0.2875363528728485,0.15205571055412292,0.3469949960708618,0.021752092987298965,0.0588005930185318,0.01732180453836918,0.08284806460142136,0.03269044682383537
ZJ018194,0.008832903578877449,0.009234976023435593,0.00471618352457881,0.006334769073873758,0.009554112330079079,0.9411467909812927,0.0101250521838665,0.010055254213511944
ZJ018195,0.008283737115561962,0.010599715635180473,0.007807850372046232,0.0047354185953736305,0.006090199109166861,0.9491565823554993,0.0061532179825007915,0.007173230871558189
ZJ018196,0.18299412727355957,0.08497605472803116,0.442124605178833,0.05382440611720085,0.09699663519859314,0.023714810609817505,0.021705716848373413,0.09366366267204285
ZJ018197,0.1531674563884735,0.05436474084854126,0.02382185123860836,0.05006174370646477,0.10446476936340332,0.06163556128740311,0.3649906814098358,0.18749317526817322
ZJ018198,0.21311117708683014,0.20412302017211914,0.40926334261894226,0.015903206542134285,0.057855650782585144,0.012999988161027431,0.06427805125713348,0.02246558666229248
ZJ018199,0.005667324177920818,0.007686585187911987,0.0021143059711903334,0.9590357542037964,0.004915978759527206,0.006675505079329014,0.007584129460155964,0.006320427171885967
ZJ018200,0.018491655588150024,0.7647456526756287,0.0028790519572794437,0.016495181247591972,0.016488684341311455,0.020554983988404274,0.13452684879302979,0.025817912071943283
ZJ018201,0.830824077129364,0.01551306713372469,0.007797307334840298,0.024293016642332077,0.08818838745355606,0.012042554095387459,0.011047085747122765,0.010294507257640362
ZJ018202,0.07199826836585999,0.04800685867667198,0.05479707196354866,0.09311416745185852,0.06877123564481735,0.050380267202854156,0.054513849318027496,0.5584182739257812
ZJ018203,0.011017837561666965,0.9100264310836792,0.0024785995483398438,0.01391042210161686,0.010959074832499027,0.011343897320330143,0.02073141559958458,0.01953239180147648
ZJ018204,0.04465954005718231,0.020558377727866173,0.004199045244604349,0.09471457451581955,0.04730343446135521,0.0273994542658329,0.05984942242503166,0.7013161778450012
ZJ018205,0.908053994178772,0.01559372153133154,0.00368688371963799,0.010380201041698456,0.011680098250508308,0.008901739493012428,0.008454388938844204,0.03324905410408974
ZJ018206,0.20787158608436584,0.08288353681564331,0.5487185120582581,0.018459632992744446,0.07591885328292847,0.015606995671987534,0.024530954658985138,0.026009945198893547
ZJ018207,0.10580836236476898,0.24389523267745972,0.0072559453547000885,0.039962977170944214,0.19998575747013092,0.05083972588181496,0.2836335301399231,0.06861849129199982
ZJ018208,0.0021753371693193913,0.003642849624156952,0.0019910025876015425,0.005977022461593151,0.0039620972238481045,0.0048661138862371445,0.9659815430641174,0.011403975076973438
ZJ018209,0.004377544857561588,0.009232522919774055,0.0028695855289697647,0.02042211778461933,0.012717531993985176,0.01664499007165432,0.8649476170539856,0.068788081407547
ZJ018210,0.11251210421323776,0.5852316617965698,0.035377245396375656,0.027469255030155182,0.06051589176058769,0.041556891053915024,0.06237339973449707,0.0749635174870491
ZJ018211,0.08298136293888092,0.10806435346603394,0.6307536363601685,0.022070571780204773,0.05641377344727516,0.007046510465443134,0.06420449912548065,0.02846529707312584
ZJ018212,0.9396228790283203,0.005607657600194216,0.0016363566974177957,0.0229792557656765,0.008626863360404968,0.0058811563067138195,0.007715240586549044,0.007930642925202847
ZJ018213,0.14216724038124084,0.050265755504369736,0.017808912321925163,0.022453362122178078,0.031358569860458374,0.01014789193868637,0.7049211263656616,0.02087707631289959
ZJ018214,0.18856115639209747,0.11510773003101349,0.5343275666236877,0.02200983092188835,0.06887568533420563,0.01075305137783289,0.03598550707101822,0.024379488080739975
ZJ018215,0.5067018270492554,0.04815790429711342,0.00547100929543376,0.017601318657398224,0.11420444399118423,0.021562352776527405,0.26736006140708923,0.018941137939691544
ZJ018216,0.45648840069770813,0.07180770486593246,0.023080267012119293,0.03639647364616394,0.07364111393690109,0.21865670382976532,0.07609540969133377,0.04383385553956032
ZJ018217,0.9631837606430054,0.007462583482265472,0.0015441192081198096,0.007353879511356354,0.004698470700532198,0.00447483966127038,0.004412536043673754,0.006869843695312738
ZJ018218,0.20502762496471405,0.20262780785560608,0.3603437542915344,0.02192470245063305,0.10832175612449646,0.014766034670174122,0.06815196573734283,0.018836287781596184
ZJ018219,0.013652053661644459,0.9051576256752014,0.010210061445832253,0.01954692043364048,0.014987909235060215,0.015744153410196304,0.010820246301591396,0.009881134144961834
ZJ018220,0.7213945984840393,0.07702739536762238,0.08971045166254044,0.009902111254632473,0.04873153567314148,0.005332722794264555,0.030873633921146393,0.017027605324983597
ZJ018221,0.22115497291088104,0.19128529727458954,0.17100240290164948,0.03154199942946434,0.12238392978906631,0.022264709696173668,0.21794898808002472,0.022417690604925156
ZJ018222,0.9521349668502808,0.007300375495105982,0.0023883527610450983,0.006941024214029312,0.014879194088280201,0.004904455039650202,0.005570452194660902,0.005881202407181263
ZJ018223,0.07990946620702744,0.13957326114177704,0.3247644901275635,0.04096069559454918,0.10325130075216293,0.020466487854719162,0.16408638656139374,0.12698788940906525
ZJ018224,0.17644813656806946,0.05100652948021889,0.027745895087718964,0.07690435647964478,0.09428055584430695,0.03429814800620079,0.1495794653892517,0.3897368311882019
ZJ018225,0.02033623494207859,0.8604031205177307,0.0032011186704039574,0.012728721834719181,0.010996922850608826,0.013346890918910503,0.04469885304570198,0.034288156777620316
ZJ018226,0.012256168760359287,0.05756183713674545,0.004251756239682436,0.016948316246271133,0.019690869376063347,0.05694836378097534,0.7450392842292786,0.08730334788560867
ZJ018227,0.9396446347236633,0.008292390033602715,0.0028489897958934307,0.00870168674737215,0.010915807448327541,0.012300601229071617,0.013578154146671295,0.0037177149206399918
ZJ018228,0.8772280216217041,0.008378459140658379,0.004129261709749699,0.020077206194400787,0.04190590977668762,0.015514975413680077,0.014274567365646362,0.01849156618118286
ZJ018229,0.9332919120788574,0.011791671626269817,0.00209677591919899,0.007810598239302635,0.020220864564180374,0.007398508954793215,0.009123384021222591,0.008266229182481766
ZJ018230,0.016453713178634644,0.01775066927075386,0.006027719937264919,0.011855839751660824,0.02112460322678089,0.8773928880691528,0.030618609860539436,0.018775898963212967
ZJ018231,0.768144965171814,0.014579888433218002,0.00216311146505177,0.025124741718173027,0.015644267201423645,0.03950876742601395,0.12323850393295288,0.011595778167247772
ZJ018232,0.0966334268450737,0.07191269844770432,0.09390806406736374,0.08021802455186844,0.10932625085115433,0.02696450613439083,0.2514362037181854,0.2696008086204529
ZJ018233,0.2086114138364792,0.06930969655513763,0.44571298360824585,0.045340217649936676,0.10147064179182053,0.0164728295058012,0.021405978128314018,0.0916762724518776
ZJ018234,0.0897277221083641,0.017885306850075722,0.01393859926611185,0.4101639688014984,0.043577902019023895,0.1012728288769722,0.0478004589676857,0.27563315629959106
ZJ018235,0.07418438047170639,0.03195977583527565,0.6509588956832886,0.0576305016875267,0.04697037488222122,0.018826259300112724,0.015459860675036907,0.1040099561214447
ZJ018236,0.0732678472995758,0.16091936826705933,0.3703104257583618,0.030887996777892113,0.12923334538936615,0.08179272711277008,0.059424180537462234,0.09416410326957703
ZJ018237,0.57329261302948,0.03509850800037384,0.04929545149207115,0.04224242642521858,0.04493474215269089,0.02009674906730652,0.047040507197380066,0.18799898028373718
ZJ018238,0.07470090687274933,0.10007990896701813,0.6125494241714478,0.0524582713842392,0.04954391345381737,0.011606881394982338,0.031404316425323486,0.06765631586313248
ZJ018239,0.0037593108136206865,0.004876333754509687,0.0026757540181279182,0.006562603171914816,0.005804587155580521,0.00616475148126483,0.9596162438392639,0.010540477000176907
ZJ018240,0.08372371643781662,0.03921794891357422,0.016429923474788666,0.03727118670940399,0.04592244327068329,0.015433686785399914,0.7008132338523865,0.06118794158101082
ZJ018241,0.072447270154953,0.042875513434410095,0.672630250453949,0.017922578379511833,0.07435989379882812,0.052590299397706985,0.04290691763162613,0.024267254397273064
ZJ018242,0.21743038296699524,0.13559773564338684,0.08015754073858261,0.03832903876900673,0.08031852543354034,0.05419473350048065,0.29369330406188965,0.10027869790792465
ZJ018243,0.06886758655309677,0.165553018450737,0.17979870736598969,0.027405161410570145,0.16150566935539246,0.24681255221366882,0.05209002271294594,0.09796729683876038
ZJ018244,0.06853713095188141,0.033448103815317154,0.7010449171066284,0.06502694636583328,0.032223526388406754,0.01656690612435341,0.017314044758677483,0.06583845615386963
ZJ018245,0.01333586871623993,0.9143843054771423,0.005994019564241171,0.013571505434811115,0.013743574731051922,0.015567495487630367,0.008625614456832409,0.014777706936001778
ZJ018246,0.01153674814850092,0.011208757758140564,0.0030309685971587896,0.008362486027181149,0.013083374127745628,0.9268760085105896,0.015261939726769924,0.010639782063663006
ZJ018247,0.957714319229126,0.007811803370714188,0.001863578101620078,0.007373923435807228,0.008890388533473015,0.00537105044350028,0.005849612411111593,0.0051252455450594425
ZJ018248,0.2900891900062561,0.084554024040699,0.414989173412323,0.022579919546842575,0.0961110070347786,0.015588908456265926,0.05321720615029335,0.022870639339089394
ZJ018249,0.9509985446929932,0.006975293159484863,0.001917953952215612,0.006787285208702087,0.01725730113685131,0.0046322401612997055,0.005878187250345945,0.005553113762289286
ZJ018250,0.5593496561050415,0.08555120974779129,0.08491037040948868,0.017265712842345238,0.16782814264297485,0.012992669828236103,0.06219993159174919,0.009902316145598888
ZJ018251,0.06679606437683105,0.06540857255458832,0.7355374097824097,0.02446499839425087,0.03395087271928787,0.01601431518793106,0.027251649647951126,0.030576050281524658
ZJ018252,0.21592995524406433,0.17045068740844727,0.4203285276889801,0.019645391032099724,0.047965794801712036,0.02367892861366272,0.07144887745380402,0.030551813542842865
ZJ018253,0.008839179761707783,0.9203923940658569,0.005542732775211334,0.016397740691900253,0.011113734915852547,0.013904422521591187,0.014976659789681435,0.008833221159875393
ZJ018254,0.09670662134885788,0.0712394118309021,0.6366221904754639,0.024659259244799614,0.03579889237880707,0.01572933793067932,0.04010872170329094,0.07913558930158615
ZJ018255,0.9585288166999817,0.006630444433540106,0.0012937793508172035,0.0068292925134301186,0.0057448712177574635,0.00623383978381753,0.008775216527283192,0.005963878706097603
ZJ018256,0.20327402651309967,0.051198866218328476,0.5041801929473877,0.06619405746459961,0.05260137841105461,0.030169695615768433,0.02787059359252453,0.06451117247343063
ZJ018257,0.23636095225811005,0.23666149377822876,0.28482291102409363,0.021046658977866173,0.09396272897720337,0.020528987050056458,0.0783349797129631,0.028281260281801224
ZJ018258,0.0061843739822506905,0.9111649394035339,0.0024944497272372246,0.01295728050172329,0.009097300469875336,0.015645308420062065,0.022626595571637154,0.0198297630995512
ZJ018259,0.42494070529937744,0.03597268834710121,0.012424023821949959,0.019081970676779747,0.1307843178510666,0.02539057284593582,0.32240191102027893,0.029003804549574852
ZJ018260,0.939650297164917,0.0104613546282053,0.0020876070484519005,0.011132209561765194,0.008365548215806484,0.007045844569802284,0.007058179471641779,0.014198975637555122
ZJ018261,0.01750778593122959,0.9152703285217285,0.0035799352917820215,0.02479087933897972,0.012861092574894428,0.013530430383980274,0.006879649590700865,0.00557983061298728
ZJ018262,0.06239335611462593,0.08545522391796112,0.05632944032549858,0.032451946288347244,0.10195557028055191,0.15745973587036133,0.39885467290878296,0.10510002821683884
ZJ018263,0.14295276999473572,0.5127776265144348,0.1314575970172882,0.019108381122350693,0.08837323635816574,0.019318385049700737,0.04633781313896179,0.039674170315265656
ZJ018264,0.01582430861890316,0.9096245169639587,0.002242275048047304,0.018083633854985237,0.015071311965584755,0.014552229084074497,0.009512202814221382,0.015089577063918114
ZJ018265,0.27238550782203674,0.1439431607723236,0.4212019741535187,0.01566755399107933,0.05295427516102791,0.015088742598891258,0.05521669611334801,0.023542145267128944
ZJ018266,0.15279145538806915,0.07230137288570404,0.16272421181201935,0.10588036477565765,0.08998077362775803,0.06420674920082092,0.06692454218864441,0.28519049286842346
ZJ018267,0.18753811717033386,0.07491787523031235,0.4710385203361511,0.04506490379571915,0.09758590161800385,0.0186101533472538,0.021301399916410446,0.08394309133291245
ZJ018268,0.1238468661904335,0.14644624292850494,0.5042913556098938,0.02549004554748535,0.0887366235256195,0.021052133291959763,0.060152675956487656,0.029984086751937866
ZJ018269,0.08557769656181335,0.042713433504104614,0.5953829884529114,0.060799553990364075,0.046172406524419785,0.014593631960451603,0.047858044505119324,0.10690222680568695
ZJ018270,0.11040114611387253,0.03788016736507416,0.015858864411711693,0.04142970219254494,0.693789541721344,0.037855807691812515,0.024914473295211792,0.037870366126298904
ZJ018271,0.15148577094078064,0.036994367837905884,0.5843465328216553,0.07807590812444687,0.03620022535324097,0.01132278237491846,0.016032474115490913,0.08554188907146454
ZJ018272,0.958037257194519,0.007969072088599205,0.002347330329939723,0.008925823494791985,0.00626767985522747,0.00567650469020009,0.004622334614396095,0.006153980270028114
ZJ018273,0.028959844261407852,0.02255837433040142,0.0029597696848213673,0.017139192670583725,0.018125571310520172,0.8517299294471741,0.03806275874376297,0.020464591681957245
ZJ018274,0.032366059720516205,0.7938582301139832,0.005631421227008104,0.032768379896879196,0.04446454346179962,0.031598225235939026,0.04121226817369461,0.018100781366229057
ZJ018275,0.16537177562713623,0.044565264135599136,0.006893145851790905,0.020787600427865982,0.03856624662876129,0.02309381403028965,0.031159283593297005,0.669562816619873
ZJ018276,0.9554513692855835,0.004905935376882553,0.0014909961028024554,0.007175370119512081,0.00645146518945694,0.0058103702031075954,0.012667503207921982,0.006046945229172707
ZJ018277,0.35966020822525024,0.06711248308420181,0.4198307394981384,0.01870192214846611,0.06774426996707916,0.01088943611830473,0.037105295807123184,0.018955672159790993
ZJ018278,0.38368093967437744,0.06371600180864334,0.018298812210559845,0.1515038013458252,0.0815621092915535,0.14428497850894928,0.0817081481218338,0.0752451941370964
ZJ018279,0.1977926343679428,0.06431859731674194,0.5907120704650879,0.01729944348335266,0.05003204941749573,0.0045614223927259445,0.043249886482954025,0.03203391283750534
ZJ018280,0.6846259236335754,0.04661165550351143,0.02955215610563755,0.022515319287776947,0.08940129727125168,0.014533483423292637,0.09712094813585281,0.01563919149339199
ZJ018281,0.6676360964775085,0.02971128188073635,0.005467925686389208,0.04617856815457344,0.03449902683496475,0.020799847319722176,0.08433045446872711,0.11137683689594269
ZJ018282,0.9207543730735779,0.020160557702183723,0.010006366297602654,0.008117913268506527,0.011736034415662289,0.00732708303257823,0.015932846814393997,0.005964840762317181
ZJ018283,0.8573470711708069,0.02287987805902958,0.006794777698814869,0.008072616532444954,0.027584897354245186,0.008558223024010658,0.057274915277957916,0.01148759201169014
ZJ018284,0.962744414806366,0.003967084921896458,0.001761733554303646,0.007815033197402954,0.005962537135928869,0.005504107568413019,0.008532647974789143,0.003712375881150365
ZJ018285,0.5052103400230408,0.03280789405107498,0.008295286446809769,0.018997060135006905,0.28426191210746765,0.017954539507627487,0.12143673747777939,0.011036221869289875
ZJ018286,0.1898418366909027,0.12946923077106476,0.06566879153251648,0.060286540538072586,0.11668689548969269,0.0478992722928524,0.0986490473151207,0.2914983928203583
ZJ018287,0.20152820646762848,0.08315731585025787,0.07231447845697403,0.1556853950023651,0.0808202475309372,0.033987101167440414,0.09145468473434448,0.2810526192188263
ZJ018288,0.2539769113063812,0.029401561245322227,0.007332505192607641,0.11685294657945633,0.09395623207092285,0.06758498400449753,0.32781776785850525,0.10307706892490387
ZJ018289,0.24046634137630463,0.17422187328338623,0.33836889266967773,0.01682480052113533,0.10877775400876999,0.01641690731048584,0.07453428953886032,0.03038921020925045
ZJ018290,0.2682519257068634,0.16836321353912354,0.37905052304267883,0.016118867322802544,0.06504751741886139,0.016088468953967094,0.06362893432378769,0.023450497537851334
ZJ018291,0.09586194157600403,0.019900796934962273,0.006081616971641779,0.020068040117621422,0.8066747784614563,0.013452094979584217,0.01125267706811428,0.02670801617205143
ZJ018292,0.013425953686237335,0.020502649247646332,0.00434654438868165,0.012234448455274105,0.01280541718006134,0.9065942764282227,0.01758173666894436,0.012509020045399666
ZJ018293,0.1340629756450653,0.11109568923711777,0.48651769757270813,0.017158469185233116,0.07513309270143509,0.01646275445818901,0.1444787234067917,0.01509061362594366
ZJ018294,0.0069281174801290035,0.010182993486523628,0.0013191030593588948,0.9452958106994629,0.003971087280660868,0.013363049365580082,0.00810342188924551,0.010836458764970303
ZJ018295,0.1742863953113556,0.041649553924798965,0.6417259573936462,0.034269366413354874,0.03329188749194145,0.010856062173843384,0.025851691141724586,0.03806915506720543
ZJ018296,0.08435622602701187,0.5342678427696228,0.018327323719859123,0.04277617856860161,0.16062626242637634,0.06366147845983505,0.039255376905202866,0.056729286909103394
ZJ018297,0.13325543701648712,0.09777745604515076,0.10723768919706345,0.12228100746870041,0.07580289244651794,0.03915136307477951,0.09671634435653687,0.32777783274650574
ZJ018298,0.07010533660650253,0.026409978047013283,0.8007739782333374,0.01939401589334011,0.037460144609212875,0.008647508919239044,0.014817428775131702,0.022391559556126595
ZJ018299,0.04713808000087738,0.10024122893810272,0.036032307893037796,0.09752065688371658,0.13594882190227509,0.060424089431762695,0.23957222700119019,0.28312256932258606
ZJ018300,0.1964104324579239,0.036006856709718704,0.008982175029814243,0.08374202251434326,0.18269212543964386,0.07393444329500198,0.22295014560222626,0.19528180360794067
ZJ018301,0.19853773713111877,0.1355978101491928,0.05917363241314888,0.0477614551782608,0.08960781246423721,0.026902083307504654,0.3193589150905609,0.12306059151887894
ZJ018302,0.18197140097618103,0.10546182096004486,0.36026984453201294,0.08036652952432632,0.10391105711460114,0.04065394401550293,0.021347204223275185,0.10601814091205597
ZJ018303,0.19709987938404083,0.01275730226188898,0.005204876884818077,0.02125999517738819,0.018056495115160942,0.028913281857967377,0.7028377056121826,0.013870378956198692
ZJ018304,0.004218533635139465,0.00333805987611413,0.0031800768338143826,0.005527760833501816,0.004106543492525816,0.006902025081217289,0.9640462398529053,0.008680840022861958
ZJ018305,0.005391674116253853,0.006294969003647566,0.004055981524288654,0.008171327412128448,0.005414423532783985,0.007096738554537296,0.9488157629966736,0.014759190380573273
ZJ018306,0.01066651102155447,0.015517312102019787,0.00452490895986557,0.07051053643226624,0.04870786890387535,0.020914653316140175,0.7380712628364563,0.09108702093362808
ZJ018307,0.17612431943416595,0.11752573400735855,0.5035892724990845,0.012792336754500866,0.08178442716598511,0.01276723388582468,0.07706224173307419,0.018354367464780807
ZJ018308,0.14053072035312653,0.08045393228530884,0.010701284743845463,0.05758627876639366,0.07308870553970337,0.03812089189887047,0.5384604930877686,0.06105770543217659
ZJ018309,0.30967262387275696,0.12021512538194656,0.2853753864765167,0.034381743520498276,0.1394025832414627,0.02878771536052227,0.039926882833242416,0.042237937450408936
ZJ018310,0.06844120472669601,0.23784109950065613,0.011285992339253426,0.04772798344492912,0.03188895061612129,0.02311907336115837,0.05034356191754341,0.5293521881103516
ZJ018311,0.209230437874794,0.134107306599617,0.05591769143939018,0.11182913184165955,0.059371959418058395,0.06120486557483673,0.1079467236995697,0.26039189100265503
ZJ018312,0.11025385558605194,0.3245927691459656,0.06657437980175018,0.03903724253177643,0.08016768842935562,0.09721127152442932,0.1224900335073471,0.1596728265285492
ZJ018313,0.23067894577980042,0.11285598576068878,0.48292043805122375,0.01799631677567959,0.06935403496026993,0.012864545919001102,0.04952704533934593,0.023802654817700386
ZJ018314,0.2154528647661209,0.1501476764678955,0.4187944233417511,0.019340863451361656,0.10054665803909302,0.014360866509377956,0.0465017594397068,0.03485482931137085
ZJ018315,0.29711219668388367,0.07035815715789795,0.12769262492656708,0.02482719160616398,0.11864632368087769,0.014708343893289566,0.10575947165489197,0.24089573323726654
ZJ018316,0.3447763919830322,0.10411141812801361,0.33273181319236755,0.023469679057598114,0.08981968462467194,0.014032566919922829,0.06198672577738762,0.029071692377328873
ZJ018317,0.007711318787187338,0.9306195974349976,0.003583210986107588,0.014537174254655838,0.009587784297764301,0.013691235333681107,0.009956719353795052,0.010312899015843868
ZJ018318,0.19428680837154388,0.057231348007917404,0.48184576630592346,0.03549805283546448,0.05108264461159706,0.05523719638586044,0.03210045024752617,0.09271778166294098
ZJ018319,0.016462599858641624,0.01450861431658268,0.0028723578434437513,0.01635398529469967,0.018841411918401718,0.8849713206291199,0.024557804688811302,0.021431777626276016
ZJ018320,0.29829272627830505,0.11793703585863113,0.4349537193775177,0.018019603565335274,0.06495091319084167,0.012661904096603394,0.03291919454932213,0.02026495896279812
ZJ018321,0.009435170330107212,0.8797633051872253,0.004476747941225767,0.009066613391041756,0.009986675344407558,0.011959457769989967,0.04564427211880684,0.02966783195734024
ZJ018322,0.9659209251403809,0.0052030207589268684,0.0014853384345769882,0.005442845169454813,0.00829557329416275,0.004428170155733824,0.004709224682301283,0.004514973610639572
ZJ018323,0.14987842738628387,0.04698830097913742,0.20396830141544342,0.02341734990477562,0.03602665290236473,0.03530823811888695,0.4758957624435425,0.028516992926597595
ZJ018324,0.9541909098625183,0.005549858324229717,0.0017046050634235144,0.010305821895599365,0.005627468694001436,0.005294479429721832,0.008015243336558342,0.009311648085713387
ZJ018325,0.14361223578453064,0.08488625288009644,0.30799153447151184,0.08896290510892868,0.08421917259693146,0.06489443778991699,0.05997989699244499,0.16545352339744568
ZJ018326,0.006232290528714657,0.9505022168159485,0.003186967223882675,0.008859510533511639,0.006911823060363531,0.010013104416429996,0.007529431022703648,0.006764678284525871
ZJ018327,0.10313662141561508,0.029682105407118797,0.036871518939733505,0.35550960898399353,0.06891636550426483,0.043300725519657135,0.10498829185962677,0.2575947046279907
ZJ018328,0.2211390882730484,0.5016656517982483,0.05840872973203659,0.03268785402178764,0.08833262324333191,0.024928821250796318,0.04445676878094673,0.028380462899804115
ZJ018329,0.09410402923822403,0.19885529577732086,0.36265233159065247,0.03218527510762215,0.12454994767904282,0.036876071244478226,0.08615206927061081,0.06462497264146805
ZJ018330,0.7279563546180725,0.10243833810091019,0.01781396009027958,0.01958543062210083,0.03502533584833145,0.007052610628306866,0.06266751885414124,0.027460334822535515
ZJ018331,0.007245074957609177,0.007207165472209454,0.0027213606517761946,0.0048444331623613834,0.004161502234637737,0.004898536019027233,0.9635235071182251,0.005398414563387632
ZJ018332,0.2417386770248413,0.11430171132087708,0.42469289898872375,0.033594418317079544,0.08171846717596054,0.015556109137833118,0.029178766533732414,0.05921893194317818
ZJ018333,0.16292954981327057,0.048717547208070755,0.6201028823852539,0.01812778227031231,0.06266086548566818,0.013747471384704113,0.03811849653720856,0.035595428198575974
ZJ018334,0.10605619102716446,0.3167263865470886,0.00911937840282917,0.021993955597281456,0.027730898931622505,0.0438670851290226,0.416241854429245,0.058264195919036865
ZJ018335,0.5935932993888855,0.012209921143949032,0.005481007043272257,0.021609971299767494,0.03962094709277153,0.013410271145403385,0.2868579924106598,0.0272165909409523
ZJ018336,0.2211887687444687,0.2511569857597351,0.3614165484905243,0.019877614453434944,0.04938061162829399,0.017972972244024277,0.04943670704960823,0.029569758102297783
ZJ018337,0.1300802081823349,0.20038945972919464,0.06333962827920914,0.03469502553343773,0.05808381363749504,0.036889247596263885,0.35244813561439514,0.12407445907592773
ZJ018338,0.15543632209300995,0.152708500623703,0.0571075975894928,0.08842407912015915,0.13770151138305664,0.03663044422864914,0.2274414449930191,0.1445501148700714
ZJ018339,0.275383323431015,0.1796586513519287,0.3285156488418579,0.0166185162961483,0.0755438581109047,0.013547448441386223,0.06595978885889053,0.04477277025580406
ZJ018340,0.39790335297584534,0.15998288989067078,0.29078420996665955,0.018377635627985,0.04997562617063522,0.019816992804408073,0.05091981962323189,0.01223951205611229
ZJ018341,0.17028768360614777,0.1882423758506775,0.07788072526454926,0.06037813425064087,0.12281658500432968,0.03811410441994667,0.10744088888168335,0.2348395586013794
ZJ018342,0.014505808241665363,0.021592475473880768,0.0036365874111652374,0.021991679444909096,0.022849177941679955,0.8538128733634949,0.03678223863244057,0.02482929825782776
ZJ018343,0.06589585542678833,0.060676246881484985,0.5841464996337891,0.04644464701414108,0.07645363360643387,0.04264668747782707,0.035856131464242935,0.08788027614355087
ZJ018344,0.011246819980442524,0.010651124641299248,0.0019639614038169384,0.054419614374637604,0.014790069311857224,0.012953334487974644,0.03271746635437012,0.8612577319145203
ZJ018345,0.1806451678276062,0.13070426881313324,0.4425716698169708,0.02838142216205597,0.11388982832431793,0.021697714924812317,0.05102572217583656,0.031084133312106133
ZJ018346,0.013116147369146347,0.01650293916463852,0.005372957326471806,0.009963461197912693,0.017446184530854225,0.8945058584213257,0.027861367911100388,0.015231117606163025
ZJ018347,0.07711195945739746,0.051980990916490555,0.009535647928714752,0.15329371392726898,0.10519061982631683,0.325003445148468,0.09174084663391113,0.18614274263381958
ZJ018348,0.2725319564342499,0.12647636234760284,0.29133716225624084,0.042083967477083206,0.0831657201051712,0.024663623422384262,0.04411769658327103,0.11562354117631912
ZJ018349,0.0049024056643247604,0.003506648587062955,0.0029661806765943766,0.006289230193942785,0.004933058749884367,0.00597482779994607,0.9633568525314331,0.0080707473680377
ZJ018350,0.9576737284660339,0.005356963258236647,0.0013888298999518156,0.006760432850569487,0.005699757486581802,0.006037348881363869,0.008164429105818272,0.008918607607483864
ZJ018351,0.1491040736436844,0.2317439615726471,0.46985095739364624,0.020008981227874756,0.04828689247369766,0.023601992055773735,0.04156285896897316,0.015840230509638786
ZJ018352,0.011094240471720695,0.013746725395321846,0.0024520782753825188,0.007937237620353699,0.0188298262655735,0.9230254888534546,0.009863502345979214,0.01305085327476263
ZJ018353,0.024898549541831017,0.8830455541610718,0.0032433392480015755,0.042182356119155884,0.010230948217213154,0.01042696088552475,0.014889063313603401,0.011083316057920456
ZJ018354,0.5151873826980591,0.02149614319205284,0.004362326115369797,0.02726423181593418,0.025806352496147156,0.02714576944708824,0.054379601031541824,0.324358195066452
ZJ018355,0.04315409064292908,0.04696093127131462,0.004070148337632418,0.02038470469415188,0.02084149792790413,0.784246563911438,0.05138956382870674,0.028952470049262047
ZJ018356,0.6661417484283447,0.012112771160900593,0.006125146988779306,0.046284325420856476,0.04367290809750557,0.017868416383862495,0.059700049459934235,0.14809466898441315
ZJ018357,0.0120950723066926,0.009952475316822529,0.0031178786884993315,0.08818497508764267,0.015043076127767563,0.013796714134514332,0.01990867592394352,0.8379010558128357
ZJ018358,0.1659967601299286,0.09713661670684814,0.5283018350601196,0.0222469512373209,0.09990094602108002,0.018252991139888763,0.04490502178668976,0.02325882948935032
ZJ018359,0.4282325506210327,0.1114327535033226,0.32699814438819885,0.01760498248040676,0.031057100743055344,0.0061036692932248116,0.042871419340372086,0.035699330270290375
ZJ018360,0.9348498582839966,0.010577574372291565,0.0028733417857438326,0.00872799288481474,0.023714140057563782,0.006682080216705799,0.00647158594802022,0.006103420630097389
ZJ018361,0.2204233556985855,0.16758807003498077,0.4410954713821411,0.020318027585744858,0.0777362808585167,0.013071705587208271,0.03561024367809296,0.024156788364052773
ZJ018362,0.47770780324935913,0.21225087344646454,0.09620034694671631,0.026774397119879723,0.08349646627902985,0.0168515145778656,0.06980113685131073,0.01691758632659912
ZJ018363,0.17659442126750946,0.16890385746955872,0.0868406593799591,0.06652496755123138,0.09967302531003952,0.04041609540581703,0.19352103769779205,0.16752596199512482
ZJ018364,0.1986406296491623,0.09903942048549652,0.5570175647735596,0.03252488002181053,0.05633995682001114,0.008939968422055244,0.019000757485628128,0.028496751561760902
ZJ018365,0.07691296935081482,0.16407641768455505,0.010196946561336517,0.06637077033519745,0.09751157462596893,0.0450647734105587,0.2556426227092743,0.2842239439487457
ZJ018366,0.15717633068561554,0.1389460563659668,0.49746423959732056,0.02244434505701065,0.09312596917152405,0.015715766698122025,0.046313799917697906,0.028813613578677177
ZJ018367,0.1255762130022049,0.05129089578986168,0.2696602940559387,0.030039336532354355,0.02026798389852047,0.00849947053939104,0.02906028740108013,0.46560558676719666
ZJ018368,0.8725928068161011,0.018348263576626778,0.023849990218877792,0.010672205127775669,0.017938507720828056,0.009682755917310715,0.03846670687198639,0.008448764681816101
ZJ018369,0.0570870079100132,0.5639926195144653,0.02914031594991684,0.03514881432056427,0.15568386018276215,0.04996219649910927,0.05828413739800453,0.05070106312632561
ZJ018370,0.14676782488822937,0.20474736392498016,0.4169992208480835,0.013747519813477993,0.1074390858411789,0.01634785905480385,0.0682523101568222,0.025698740035295486
ZJ018371,0.25862932205200195,0.07442285865545273,0.010767782106995583,0.02968832105398178,0.0888441875576973,0.023330142721533775,0.4681713879108429,0.046146076172590256
ZJ018372,0.054064180701971054,0.01539849117398262,0.008989990688860416,0.4439210891723633,0.024313781410455704,0.024187248200178146,0.20221935212612152,0.22690583765506744
ZJ018373,0.0065436833538115025,0.009199067950248718,0.002389761619269848,0.9512050747871399,0.005746517330408096,0.00877992995083332,0.008579729124903679,0.007556273601949215
ZJ018374,0.9647922515869141,0.005631142295897007,0.0015760399401187897,0.00566235464066267,0.006002262234687805,0.005346004385501146,0.006187827326357365,0.004802151117473841
ZJ018375,0.0668320283293724,0.01398447435349226,0.019832201302051544,0.16194652020931244,0.036720160394907,0.01515495777130127,0.04798872768878937,0.637540876865387
ZJ018376,0.004014212172478437,0.01194780319929123,0.0021662269718945026,0.00518052838742733,0.003941829781979322,0.0052376193925738335,0.96047443151474,0.007037385832518339
ZJ018377,0.1353706568479538,0.16959203779697418,0.2369195818901062,0.03471646457910538,0.17911502718925476,0.10013017803430557,0.06345861405134201,0.08069740235805511
ZJ018378,0.09910974651575089,0.11826541274785995,0.39280766248703003,0.031747858971357346,0.13397803902626038,0.0870385617017746,0.055186256766319275,0.08186640590429306
ZJ018379,0.025532811880111694,0.019554879516363144,0.002870438154786825,0.016170302405953407,0.015577225014567375,0.8749789595603943,0.02738495171070099,0.01793046109378338
ZJ018380,0.16209034621715546,0.0966065376996994,0.6037490963935852,0.01245221309363842,0.06131511554121971,0.00543811172246933,0.03265043720602989,0.02569814771413803
ZJ018381,0.04664601758122444,0.038385726511478424,0.0031998190097510815,0.02323736622929573,0.019438136368989944,0.7922998666763306,0.05092901363968849,0.02586411125957966
ZJ018382,0.30458223819732666,0.12142249196767807,0.3730603754520416,0.028077011927962303,0.051033832132816315,0.01956089399755001,0.06740058958530426,0.034862544387578964
ZJ018383,0.18955838680267334,0.21637536585330963,0.3194299638271332,0.03293146565556526,0.11079910397529602,0.02048342674970627,0.0587315633893013,0.051690723747015
ZJ018384,0.007741410285234451,0.9420352578163147,0.0036904229782521725,0.010361992754042149,0.008166789077222347,0.009206241928040981,0.009807870723307133,0.008990120142698288
ZJ018385,0.004249704536050558,0.004461491014808416,0.002736486727371812,0.006341459229588509,0.003609032602980733,0.0049355956725776196,0.9672698378562927,0.006396384909749031
ZJ018386,0.007181046064943075,0.009640799835324287,0.004158094525337219,0.00943439919501543,0.008186670020222664,0.009576925076544285,0.9387961030006409,0.013025933876633644
ZJ018387,0.25465986132621765,0.06097252294421196,0.4269728660583496,0.06767139583826065,0.058986954391002655,0.03853718936443329,0.0331609733402729,0.05903815105557442
ZJ018388,0.23391352593898773,0.1915433257818222,0.4223710298538208,0.014156430028378963,0.07268840819597244,0.012022619135677814,0.037098053842782974,0.016206642612814903
ZJ018389,0.25378721952438354,0.08582136034965515,0.5239641666412354,0.01524435169994831,0.040848247706890106,0.008436429314315319,0.017668703570961952,0.05422951281070709
ZJ018390,0.364563912153244,0.13275815546512604,0.30727189779281616,0.01914828084409237,0.049259234219789505,0.03057290054857731,0.063825823366642,0.03259982168674469
ZJ018391,0.14571712911128998,0.05742428079247475,0.4700491428375244,0.07873708754777908,0.04591286927461624,0.03585372492671013,0.05424702540040016,0.11205873638391495
ZJ018392,0.1449882835149765,0.046140726655721664,0.5810763239860535,0.07322756201028824,0.04078973829746246,0.014958766289055347,0.02006145566701889,0.07875720411539078
ZJ018393,0.00806041806936264,0.013048380613327026,0.0030508702620863914,0.008781836368143559,0.011494571343064308,0.9386796355247498,0.008644255809485912,0.008240025490522385
ZJ018394,0.010331617668271065,0.9212589263916016,0.005255877040326595,0.008790155872702599,0.016128864139318466,0.01459705550223589,0.012828350998461246,0.010809159837663174
ZJ018395,0.9594539999961853,0.004204318858683109,0.0013411054387688637,0.0073754675686359406,0.005962190218269825,0.0051302192732691765,0.009332374669611454,0.007200421299785376
ZJ018396,0.007438309490680695,0.0036811784375458956,0.002574201440438628,0.006895906757563353,0.00632950384169817,0.007170571479946375,0.9540113806724548,0.011898951604962349
ZJ018397,0.08364982903003693,0.03462991863489151,0.7601553797721863,0.020707447081804276,0.017246201634407043,0.008166031911969185,0.020473474636673927,0.05497167259454727
ZJ018398,0.0193693358451128,0.01593027636408806,0.0028208123985677958,0.02106918767094612,0.027134926989674568,0.8619914054870605,0.03414549678564072,0.017538655549287796
ZJ018399,0.14998804032802582,0.17158018052577972,0.42234253883361816,0.021366577595472336,0.05580763518810272,0.0453091636300087,0.09044080227613449,0.043165020644664764
ZJ018400,0.7796396017074585,0.029284480959177017,0.0032128174789249897,0.028877384960651398,0.07285605370998383,0.02028346247971058,0.04899349808692932,0.016852686181664467
ZJ018401,0.012790588662028313,0.017698412761092186,0.005197451449930668,0.0388713963329792,0.034519996494054794,0.033331189304590225,0.6498661637306213,0.20772482454776764
ZJ018402,0.008672010153532028,0.023112088441848755,0.00304925418458879,0.014633425511419773,0.012042535468935966,0.027340201660990715,0.8550821542739868,0.05606836453080177
ZJ018403,0.18494866788387299,0.2204430103302002,0.39536991715431213,0.017961297184228897,0.06631691753864288,0.02455209195613861,0.06099990755319595,0.02940819039940834
ZJ018404,0.07991821318864822,0.08640740811824799,0.5032554864883423,0.058490071445703506,0.07516467571258545,0.030025865882635117,0.027512138709425926,0.13922612369060516
ZJ018405,0.005858704447746277,0.0031645693816244602,0.0021029042545706034,0.006433546077460051,0.003844592720270157,0.004580650478601456,0.9658671021461487,0.008147820830345154
ZJ018406,0.06590639799833298,0.07951901108026505,0.028877433389425278,0.04932773485779762,0.06524178385734558,0.022956686094403267,0.43478572368621826,0.2533852756023407
ZJ018407,0.005912173073738813,0.0075821345672011375,0.00249200826510787,0.006862879730761051,0.0058186594396829605,0.9618114829063416,0.005161427427083254,0.004359327722340822
ZJ018408,0.3674754798412323,0.08953798562288284,0.35012179613113403,0.024401085451245308,0.07430510222911835,0.018283560872077942,0.0401216596364975,0.03575332462787628
ZJ018409,0.09200246632099152,0.08033647388219833,0.6836820244789124,0.03713924065232277,0.021384648978710175,0.011369219049811363,0.029597735032439232,0.044488172978162766
ZJ018410,0.08632078766822815,0.02556067705154419,0.012567281723022461,0.09142627567052841,0.15509626269340515,0.15646789968013763,0.26312997937202454,0.20943084359169006
ZJ018411,0.009982342831790447,0.008596152067184448,0.0033614153508096933,0.0052340212278068066,0.008823482319712639,0.9430515766143799,0.01024757418781519,0.010703503154218197
ZJ018412,0.9513870477676392,0.006587381940335035,0.0017324425280094147,0.00803389959037304,0.006367221474647522,0.004904560744762421,0.006091626826673746,0.014895835891366005
ZJ018413,0.43244585394859314,0.1454673707485199,0.24763824045658112,0.013799876905977726,0.0628645196557045,0.01748843677341938,0.0527784489095211,0.027517305687069893
ZJ018414,0.17963683605194092,0.15483564138412476,0.15863782167434692,0.0627378523349762,0.1352689415216446,0.045138418674468994,0.12089689821004868,0.14284758269786835
ZJ018415,0.028836410492658615,0.02425244450569153,0.010766474530100822,0.015157491900026798,0.044594407081604004,0.8201797008514404,0.031680721789598465,0.02453240379691124
ZJ018416,0.16095224022865295,0.027021700516343117,0.03166643902659416,0.027301006019115448,0.03265910595655441,0.009645898826420307,0.03377986326813698,0.6769736409187317
ZJ018417,0.28360146284103394,0.09489411860704422,0.4729596972465515,0.015472466126084328,0.06328931450843811,0.009212895296514034,0.03333016484975815,0.027239888906478882
ZJ018418,0.20404303073883057,0.1553746610879898,0.10962352156639099,0.07396703958511353,0.11376389116048813,0.04379335418343544,0.14772215485572815,0.1517123579978943
ZJ018419,0.9439255595207214,0.006409153807908297,0.001876089721918106,0.007521913852542639,0.022756699472665787,0.00495455926284194,0.006194601766765118,0.006361394189298153
ZJ018420,0.08283627033233643,0.2609165608882904,0.004898464772850275,0.06731519848108292,0.04044976830482483,0.02639917843043804,0.03913510590791702,0.47804948687553406
ZJ018421,0.07075151801109314,0.05604228749871254,0.6788148880004883,0.0369034968316555,0.05357441306114197,0.01686982810497284,0.03142159432172775,0.055621977895498276
ZJ018422,0.5595961213111877,0.025055620819330215,0.13921599090099335,0.0784391537308693,0.06609798222780228,0.029378006234765053,0.025247540324926376,0.07696960121393204
ZJ018423,0.022030441090464592,0.8174458146095276,0.002527392702177167,0.023759160190820694,0.01344884093850851,0.01735607162117958,0.05558411031961441,0.04784811660647392
ZJ018424,0.03252706676721573,0.7528740763664246,0.01621522195637226,0.02068469673395157,0.02495569922029972,0.03258780017495155,0.05350308492779732,0.06665228307247162
ZJ018425,0.12234488129615784,0.015772251412272453,0.002639166312292218,0.7303565740585327,0.016475986689329147,0.012267470359802246,0.01848010905086994,0.08166354894638062
ZJ018426,0.029361126944422722,0.021277431398630142,0.008934063836932182,0.016258087009191513,0.040036890655756,0.8241481184959412,0.034558411687612534,0.025425827130675316
ZJ018427,0.014949425123631954,0.8517057299613953,0.005138049367815256,0.011411122046411037,0.02521849051117897,0.016080325469374657,0.052937231957912445,0.022559670731425285
ZJ018428,0.08360638469457626,0.12670397758483887,0.647101640701294,0.013631169684231281,0.05745777115225792,0.006904026493430138,0.04322575405240059,0.02136925980448723
ZJ018429,0.1781568080186844,0.09947817772626877,0.5245001316070557,0.01907675713300705,0.07557201385498047,0.01566018909215927,0.036659494042396545,0.05089638754725456
ZJ018430,0.13404659926891327,0.1700565665960312,0.5584716200828552,0.013358158059418201,0.06543468683958054,0.00867806002497673,0.032920047640800476,0.017034271731972694
ZJ018431,0.1719791442155838,0.056451957672834396,0.41881778836250305,0.043560560792684555,0.07397662848234177,0.01073509268462658,0.009042331948876381,0.21543648838996887
ZJ018432,0.1686784029006958,0.11932501941919327,0.5409871339797974,0.018092066049575806,0.07293114811182022,0.01456823106855154,0.03771399334073067,0.027703972533345222
ZJ018433,0.10614156723022461,0.11598867923021317,0.0031466172076761723,0.04189126566052437,0.08834241330623627,0.04403035342693329,0.5573806762695312,0.043078381568193436
ZJ018434,0.08410251885652542,0.09898170828819275,0.1292206346988678,0.026124393567442894,0.12429026514291763,0.1285148561000824,0.31564420461654663,0.09312143921852112
ZJ018435,0.05792722851037979,0.7301163673400879,0.005102548748254776,0.03482412174344063,0.05686178803443909,0.023796165362000465,0.0643741637468338,0.026997555047273636
ZJ018436,0.1724795550107956,0.06509141623973846,0.47433340549468994,0.04522807151079178,0.11329260468482971,0.01888398826122284,0.0199566837400198,0.0907343178987503
ZJ018437,0.006157536990940571,0.0048443335108459,0.002996872877702117,0.00861295685172081,0.011680133640766144,0.008193866349756718,0.9375210404396057,0.019993355497717857
ZJ018438,0.18553543090820312,0.07731929421424866,0.48782819509506226,0.03053920902311802,0.10175652801990509,0.020571397617459297,0.04093378782272339,0.05551617965102196
ZJ018439,0.009572168812155724,0.017423123121261597,0.0031275555957108736,0.030384613201022148,0.014430735260248184,0.027316104620695114,0.839614748954773,0.05813102051615715
ZJ018440,0.01574760489165783,0.017867568880319595,0.0060471235774457455,0.011239724233746529,0.020483748987317085,0.8829496502876282,0.028415940701961517,0.017248615622520447
ZJ018441,0.008378959260880947,0.9273942112922668,0.005791784729808569,0.015554675832390785,0.011126645840704441,0.012893760576844215,0.009023057296872139,0.00983682181686163
ZJ018442,0.11126434803009033,0.08222225308418274,0.5649892687797546,0.024018030613660812,0.10452266782522202,0.0191775131970644,0.04299721494317055,0.050808727741241455
ZJ018443,0.16928938031196594,0.0730946883559227,0.5409078001976013,0.02801652066409588,0.05651472508907318,0.008017771877348423,0.09586332738399506,0.028295764699578285
ZJ018444,0.028058525174856186,0.3636685013771057,0.004877667408436537,0.04737061634659767,0.03498350828886032,0.031673263758420944,0.0925382599234581,0.39682963490486145
ZJ018445,0.22080042958259583,0.09179093688726425,0.5279040336608887,0.017339292913675308,0.06276090443134308,0.007950394414365292,0.04697728902101517,0.024476714432239532
ZJ018446,0.015831835567951202,0.9101817011833191,0.004171350039541721,0.01052373182028532,0.012703126296401024,0.01174305472522974,0.01604365184903145,0.018801501020789146
ZJ018447,0.07533860951662064,0.024404918774962425,0.0035734260454773903,0.49883583188056946,0.025035053491592407,0.057444773614406586,0.03349856659770012,0.2818688154220581
ZJ018448,0.08668847382068634,0.764287531375885,0.014046002179384232,0.02472314052283764,0.03408532217144966,0.025830360129475594,0.020468920469284058,0.02987023815512657
ZJ018449,0.052328117191791534,0.16033852100372314,0.4707691967487335,0.010393009521067142,0.08746825158596039,0.16326288878917694,0.030016319826245308,0.025423657149076462
ZJ018450,0.01582868956029415,0.0696134865283966,0.00545906089246273,0.032264504581689835,0.015007895417511463,0.024564923718571663,0.7536709308624268,0.083590567111969
ZJ018451,0.19014592468738556,0.08381425589323044,0.41954460740089417,0.045209791511297226,0.11483374238014221,0.024962300434708595,0.02765410579741001,0.09383530169725418
ZJ018452,0.16961748898029327,0.09415524452924728,0.5169453620910645,0.026043515652418137,0.057533394545316696,0.01555296964943409,0.0498589389026165,0.07029304653406143
ZJ018453,0.03586139157414436,0.7673509120941162,0.024930167943239212,0.012965834699571133,0.038940414786338806,0.023802023380994797,0.05019121989607811,0.045958131551742554
ZJ018454,0.0755835697054863,0.09509891271591187,0.13167576491832733,0.03212069347500801,0.08690804243087769,0.17805375158786774,0.24729347229003906,0.1532658040523529
ZJ018455,0.11509492248296738,0.025708749890327454,0.647837221622467,0.044258274137973785,0.038890499621629715,0.021865924820303917,0.020576167851686478,0.08576823025941849
ZJ018456,0.0043516866862773895,0.9388535022735596,0.0028321207500994205,0.009782368317246437,0.006941766943782568,0.012267960235476494,0.012042609043419361,0.012927980162203312
ZJ018457,0.012915009632706642,0.8975710272789001,0.007846200838685036,0.027292335405945778,0.01653987355530262,0.015063091181218624,0.006928625050932169,0.015843922272324562
ZJ018458,0.04607083275914192,0.05771290510892868,0.01288718730211258,0.05642757564783096,0.043428096920251846,0.027820713818073273,0.28729042410850525,0.4683622717857361
ZJ018459,0.15256191790103912,0.14980007708072662,0.35664117336273193,0.0227071400731802,0.1010277271270752,0.09937897324562073,0.06129637360572815,0.05658658221364021
ZJ018460,0.14598555862903595,0.06252091377973557,0.49175241589546204,0.06614288687705994,0.08432460576295853,0.023538285866379738,0.026865806430578232,0.09886946529150009
ZJ018461,0.2735080420970917,0.5028612613677979,0.0030060464050620794,0.04381953924894333,0.0476393848657608,0.043852511793375015,0.06393221020698547,0.021381018683314323
ZJ018462,0.5385339856147766,0.09187068790197372,0.013720856979489326,0.04959455505013466,0.11355382949113846,0.024739369750022888,0.034801121801137924,0.13318556547164917
ZJ018463,0.00929267518222332,0.015085010789334774,0.005898588337004185,0.007989089004695415,0.012895489111542702,0.9326457977294922,0.00919727049767971,0.006996047217398882
ZJ018464,0.007093688938766718,0.9434950351715088,0.00355088384822011,0.010004586540162563,0.007664194330573082,0.010385237634181976,0.010145389474928379,0.007660906761884689
ZJ018465,0.22985680401325226,0.10190586000680923,0.4671246111392975,0.02152624912559986,0.07924412935972214,0.010064625181257725,0.047443389892578125,0.042834315448999405
ZJ018466,0.004684422165155411,0.0065421536564826965,0.0033429653849452734,0.008205045945942402,0.006553018931299448,0.006738455966114998,0.9485629796981812,0.01537110935896635
ZJ018467,0.14408722519874573,0.16034476459026337,0.48331108689308167,0.022266758605837822,0.09404534101486206,0.016568511724472046,0.04681951552629471,0.032556790858507156
ZJ018468,0.006623047403991222,0.009508335031569004,0.0023105463478714228,0.9519709348678589,0.00582207040861249,0.007658030837774277,0.008411407470703125,0.007695690728724003
ZJ018469,0.08003280311822891,0.12809394299983978,0.19999797642230988,0.017918502911925316,0.08488278090953827,0.41865894198417664,0.048845019191503525,0.02157001756131649
ZJ018470,0.294852077960968,0.17283689975738525,0.29097574949264526,0.019849687814712524,0.10286220163106918,0.01991436444222927,0.0627434104681015,0.03596564754843712
ZJ018471,0.12173568457365036,0.07332047075033188,0.32811641693115234,0.16195166110992432,0.07194172590970993,0.02442350797355175,0.05496948957443237,0.1635410338640213
ZJ018472,0.029114678502082825,0.021793339401483536,0.00877206027507782,0.01659920997917652,0.040092870593070984,0.8189921379089355,0.038681190460920334,0.025954551994800568
ZJ018473,0.14739687740802765,0.12585864961147308,0.5607816576957703,0.02073710225522518,0.07159216701984406,0.017648685723543167,0.03338751569390297,0.022597383707761765
ZJ018474,0.03783393278717995,0.853201150894165,0.0029322998598217964,0.014551462605595589,0.01918935775756836,0.026580622419714928,0.019781921058893204,0.025929242372512817
ZJ018475,0.293194442987442,0.05872165411710739,0.38982123136520386,0.06686905771493912,0.053001049906015396,0.03205649182200432,0.03835225850343704,0.06798379123210907
ZJ018476,0.09913655370473862,0.025248469784855843,0.0027781319804489613,0.045468978583812714,0.027876704931259155,0.04780227318406105,0.6978210806846619,0.053867802023887634
ZJ018477,0.2733343541622162,0.1447608321905136,0.3301202654838562,0.02919592149555683,0.12010255455970764,0.018151039257645607,0.059289466589689255,0.025045568123459816
ZJ018478,0.8992109894752502,0.016454599797725677,0.0029685639310628176,0.011863376945257187,0.024032413959503174,0.00927912537008524,0.012090988457202911,0.02410002425312996
ZJ018479,0.019276976585388184,0.1305672973394394,0.0064355493523180485,0.053222380578517914,0.030475828796625137,0.028841758146882057,0.16769185662269592,0.5634884238243103
ZJ018480,0.018946660682559013,0.1612798124551773,0.003945421427488327,0.025096915662288666,0.025934772565960884,0.024059593677520752,0.03391534462571144,0.7068214416503906
ZJ018481,0.27307575941085815,0.1540340632200241,0.06541930139064789,0.0546211414039135,0.1015750989317894,0.036521632224321365,0.17574062943458557,0.13901236653327942
ZJ018482,0.07379312068223953,0.004587763454765081,0.002608777955174446,0.010282715782523155,0.009281879290938377,0.009146910160779953,0.8774909973144531,0.012807930819690228
ZJ018483,0.004250513389706612,0.0023087766021490097,0.002552117221057415,0.0053976355120539665,0.003259457414969802,0.004568839445710182,0.9727649092674255,0.004897738341242075
ZJ018484,0.8620850443840027,0.014881039038300514,0.0030270456336438656,0.017577167600393295,0.04232312738895416,0.019095230847597122,0.028579913079738617,0.012431338429450989
ZJ018485,0.004561127629131079,0.0027922233566641808,0.003052229294553399,0.0054410286247730255,0.0032965883146971464,0.004499860107898712,0.9708808064460754,0.005476132966578007
ZJ018486,0.005056795198470354,0.01891755498945713,0.0017167527694255114,0.006865331437438726,0.006247531156986952,0.006788463797420263,0.9369608759880066,0.017446676269173622
ZJ018487,0.013836350291967392,0.01855318993330002,0.00485498271882534,0.010033600963652134,0.013865337707102299,0.910146176815033,0.01675134338438511,0.01195906475186348
ZJ018488,0.032503873109817505,0.36262643337249756,0.00469078728929162,0.030892733484506607,0.02013499289751053,0.01595889963209629,0.469426691532135,0.06376563757658005
ZJ018489,0.004050528630614281,0.002931320806965232,0.0027062627486884594,0.006251724902540445,0.0040782056748867035,0.004132742527872324,0.970772922039032,0.005076326429843903
ZJ018490,0.5967571139335632,0.02670230157673359,0.003072411986067891,0.022664405405521393,0.25116705894470215,0.02305326983332634,0.04223362356424332,0.034349873661994934
ZJ018491,0.23680846393108368,0.11404763162136078,0.43541207909584045,0.01411189790815115,0.08331387490034103,0.01348644308745861,0.08655202388763428,0.016267625615000725
ZJ018492,0.21177802979946136,0.19013452529907227,0.4116913080215454,0.011237317696213722,0.05987659841775894,0.014729907736182213,0.06306573003530502,0.03748660162091255
ZJ018493,0.015283525921404362,0.025618193671107292,0.005653305910527706,0.013754590414464474,0.017089953646063805,0.8847607970237732,0.023099923506379128,0.0147397480905056
ZJ018494,0.931444525718689,0.011752158403396606,0.002203933196142316,0.009600387886166573,0.008549787104129791,0.007783058565109968,0.0065285032615065575,0.022137660533189774
ZJ018495,0.10844364762306213,0.15538093447685242,0.04373295605182648,0.06620188802480698,0.06939307600259781,0.034744102507829666,0.12181852012872696,0.40028488636016846
ZJ018496,0.08570768684148788,0.043626148253679276,0.013803177513182163,0.03405485674738884,0.1191997081041336,0.04210983216762543,0.5878647565841675,0.07363384962081909
ZJ018497,0.9565156698226929,0.006717853248119354,0.0016554294852539897,0.004862464964389801,0.005462323315441608,0.0070003001019358635,0.012417593039572239,0.00536834541708231
ZJ018498,0.34854891896247864,0.11525336652994156,0.059471286833286285,0.05139372870326042,0.12666496634483337,0.08147426694631577,0.12748152017593384,0.08971194922924042
ZJ018499,0.33462512493133545,0.12122499197721481,0.3074314594268799,0.024523138999938965,0.12367671728134155,0.018928635865449905,0.04704567790031433,0.022544220089912415
ZJ018500,0.16975395381450653,0.08052963763475418,0.5761525630950928,0.013559789396822453,0.0887766182422638,0.011869838461279869,0.038954123854637146,0.020403437316417694
ZJ018501,0.011799255385994911,0.01451762206852436,0.002156104426831007,0.011369140818715096,0.012690573930740356,0.9247758984565735,0.00920883659273386,0.013482577167451382
ZJ018502,0.007331531960517168,0.9400771260261536,0.005180887877941132,0.010976268909871578,0.011493424884974957,0.011454231105744839,0.005518748890608549,0.007967852987349033
ZJ018503,0.005123555660247803,0.006788851227611303,0.003982477821409702,0.012043263763189316,0.006983599625527859,0.004689349792897701,0.9425176382064819,0.01787121780216694
ZJ018504,0.3433108329772949,0.1174062117934227,0.35272422432899475,0.015976032242178917,0.06879255175590515,0.021308550611138344,0.057626064866781235,0.02285546064376831
ZJ018505,0.96820068359375,0.00558238523080945,0.0018046903423964977,0.005436824634671211,0.003909834660589695,0.004803133197128773,0.004839212633669376,0.0054231975227594376
ZJ018506,0.061429712921381,0.013667160645127296,0.0047529470175504684,0.012650289572775364,0.8783231377601624,0.0067844269797205925,0.00657636346295476,0.015816014260053635
ZJ018507,0.05225105583667755,0.5361956357955933,0.0030504774767905474,0.03419233113527298,0.03218730911612511,0.02739945612847805,0.25298312306404114,0.06174060329794884
ZJ018508,0.012658950872719288,0.013778152875602245,0.0013607583241537213,0.020675459876656532,0.015011178329586983,0.9156874418258667,0.00847679190337658,0.012351169250905514
ZJ018509,0.9495629072189331,0.006396960932761431,0.0025229821912944317,0.011143205687403679,0.007947109639644623,0.006109936628490686,0.00856596790254116,0.007750942371785641
ZJ018510,0.14830927550792694,0.045048583298921585,0.02212897129356861,0.04293854162096977,0.4975937008857727,0.05214369297027588,0.02171814814209938,0.1701190024614334
ZJ018511,0.28207165002822876,0.1544601172208786,0.37344691157341003,0.0191347636282444,0.05994553864002228,0.01789068803191185,0.0632522851228714,0.029797997325658798
ZJ018512,0.23311977088451385,0.1753196120262146,0.40004581212997437,0.020357560366392136,0.04970872029662132,0.024603331461548805,0.06581808626651764,0.03102707676589489
ZJ018513,0.10300525277853012,0.13466207683086395,0.5158416628837585,0.021752869710326195,0.06070655956864357,0.015802744776010513,0.12004208564758301,0.028186818584799767
ZJ018514,0.05463900417089462,0.009649080224335194,0.002554986160248518,0.023258253931999207,0.02702067419886589,0.025713462382555008,0.8410148620605469,0.01614973694086075
ZJ018515,0.7211742997169495,0.029154738411307335,0.01559386681765318,0.020921412855386734,0.042842186987400055,0.07953889667987823,0.07017932832241058,0.020595239475369453
ZJ018516,0.653014600276947,0.026130443438887596,0.15670229494571686,0.04366524890065193,0.04051847755908966,0.014473468996584415,0.03689253702759743,0.02860294282436371
ZJ018517,0.15479177236557007,0.0815448984503746,0.4802844524383545,0.03913728892803192,0.10394688695669174,0.02160121500492096,0.029269305989146233,0.08942416310310364
ZJ018518,0.15761347115039825,0.059015531092882156,0.09886208921670914,0.15291820466518402,0.0962466225028038,0.026601219549775124,0.08717523515224457,0.3215676546096802
ZJ018519,0.24363240599632263,0.1756262332201004,0.39370447397232056,0.026606755331158638,0.0730520486831665,0.015378384850919247,0.04909675940871239,0.022902995347976685
ZJ018520,0.24613235890865326,0.009352774359285831,0.0013522595399990678,0.013339465484023094,0.0117588359862566,0.01045157015323639,0.6975023746490479,0.01011031586676836
ZJ018521,0.1928093433380127,0.16373154520988464,0.08359067142009735,0.06541787087917328,0.11420979350805283,0.04366287589073181,0.17832842469215393,0.15824948251247406
ZJ018522,0.08832844346761703,0.0859697014093399,0.5912859439849854,0.01711539924144745,0.09967660158872604,0.04711659252643585,0.052630651742219925,0.017876742407679558
ZJ018523,0.029216084629297256,0.05292622745037079,0.01802900992333889,0.018938785418868065,0.047931008040905,0.7643380761146545,0.05032999813556671,0.01829085871577263
ZJ018524,0.27707165479660034,0.0822543352842331,0.4249255359172821,0.020507052540779114,0.11922043561935425,0.007928669452667236,0.044991202652454376,0.02310118079185486
ZJ018525,0.23553401231765747,0.19104139506816864,0.21004025638103485,0.023835621774196625,0.09130973368883133,0.019099052995443344,0.11577232927083969,0.11336766928434372
ZJ018526,0.053932078182697296,0.3641453683376312,0.01036872435361147,0.03538799285888672,0.029141327366232872,0.020328430458903313,0.03498655930161476,0.45170947909355164
ZJ018527,0.02314414083957672,0.022308332845568657,0.007970904931426048,0.01401028223335743,0.038549236953258514,0.8413360118865967,0.029789863154292107,0.022891322150826454
ZJ018528,0.12020456790924072,0.030513346195220947,0.014608306810259819,0.04922406002879143,0.031397923827171326,0.01907961070537567,0.04039543494582176,0.6945767998695374
ZJ018529,0.009339227341115475,0.9155386090278625,0.004461691249161959,0.010695668868720531,0.007865802384912968,0.009104680269956589,0.02546367049217224,0.01753074862062931
ZJ018530,0.32813653349876404,0.16858971118927002,0.27551722526550293,0.022359570488333702,0.06020614132285118,0.015317416749894619,0.09398187696933746,0.035891517996788025
ZJ018531,0.14191526174545288,0.054554395377635956,0.38780030608177185,0.11221291124820709,0.08932042121887207,0.04065583273768425,0.05548499524593353,0.11805592477321625
ZJ018532,0.012795976363122463,0.9388689398765564,0.004625522531569004,0.010982892476022243,0.008696414530277252,0.00782135222107172,0.006340780761092901,0.009868200868368149
ZJ018533,0.012257776223123074,0.012176590971648693,0.0037625443655997515,0.013466308824717999,0.013842307031154633,0.9165074825286865,0.016016613692045212,0.011970406398177147
ZJ018534,0.005862196441739798,0.006740217562764883,0.0019004849018529058,0.9559853672981262,0.0041961162351071835,0.010154588147997856,0.007262273225933313,0.007898733951151371
ZJ018535,0.060552630573511124,0.03358842432498932,0.7839862108230591,0.02295108698308468,0.046610478311777115,0.010952205397188663,0.018337683752179146,0.02302129752933979
ZJ018536,0.25395089387893677,0.08953217417001724,0.49050065875053406,0.018857348710298538,0.07002289593219757,0.009760373272001743,0.04090188443660736,0.02647378295660019
ZJ018537,0.165962353348732,0.2026863843202591,0.3266341984272003,0.04231100529432297,0.14123888313770294,0.03655238449573517,0.04425863176584244,0.0403560996055603
ZJ018538,0.9319753050804138,0.008291645906865597,0.0019717831164598465,0.0139996949583292,0.012624839320778847,0.00951975118368864,0.011043446138501167,0.010573461651802063
ZJ018539,0.19510327279567719,0.014482486993074417,0.00505472207441926,0.0274820476770401,0.23169934749603271,0.019039379432797432,0.4898340404033661,0.017304711043834686
ZJ018540,0.05281178280711174,0.053608763962984085,0.00937325693666935,0.12178695946931839,0.0826198160648346,0.05183557793498039,0.4112178087234497,0.21674612164497375
ZJ018541,0.07985343039035797,0.5846991539001465,0.0072990222834050655,0.03532801941037178,0.032066185027360916,0.02714378945529461,0.1539955586194992,0.0796147808432579
ZJ018542,0.15700727701187134,0.05192209407687187,0.37156543135643005,0.07061544805765152,0.07065079361200333,0.016751179471611977,0.045292928814888,0.21619485318660736
ZJ018543,0.017457300797104836,0.018832383677363396,0.006317347753793001,0.010279054753482342,0.02161654457449913,0.8829457759857178,0.026892008259892464,0.015659641474485397
ZJ018544,0.02264767698943615,0.030667511746287346,0.0023009832948446274,0.02177547849714756,0.022130882367491722,0.017861807718873024,0.8246293663978577,0.05798637121915817
ZJ018545,0.33581849932670593,0.13959896564483643,0.2961465120315552,0.023986345157027245,0.07039057463407516,0.012161745689809322,0.08629412949085236,0.035603318363428116
ZJ018546,0.01633898727595806,0.028571808710694313,0.0014515601797029376,0.011732911691069603,0.01419870089739561,0.009533974342048168,0.9034263491630554,0.014745793305337429
ZJ018547,0.9383553862571716,0.007187254261225462,0.002952647628262639,0.01238454319536686,0.019602863118052483,0.0069582113064825535,0.006231545004993677,0.006327532231807709
ZJ018548,0.07701167464256287,0.048564761877059937,0.004340330138802528,0.4757927656173706,0.025221504271030426,0.015002872794866562,0.05030030757188797,0.30376583337783813
ZJ018549,0.00973457656800747,0.008883735164999962,0.00515645882114768,0.9240997433662415,0.007847629487514496,0.01593102514743805,0.010888809338212013,0.01745801977813244
ZJ018550,0.19975300133228302,0.13767164945602417,0.47590985894203186,0.021711163222789764,0.08370301872491837,0.017194462940096855,0.034929580986499786,0.029127217829227448
ZJ018551,0.25548845529556274,0.18101093173027039,0.07827664911746979,0.050599854439496994,0.09388518333435059,0.029812928289175034,0.18836915493011475,0.1225569024682045
ZJ018552,0.2712179720401764,0.09733061492443085,0.4316748082637787,0.02303953468799591,0.100301094353199,0.01372379157692194,0.038544297218322754,0.024167906492948532
ZJ018553,0.4236908555030823,0.11079470813274384,0.22239451110363007,0.020969917997717857,0.09815185517072678,0.011009168811142445,0.09455018490552902,0.01843874156475067
ZJ018554,0.0035306073259562254,0.01023500133305788,0.0024254543241113424,0.006918691098690033,0.00516986520960927,0.006528554018586874,0.957297682762146,0.007894222624599934
ZJ018555,0.00911577045917511,0.9153233170509338,0.006538551766425371,0.01701221615076065,0.011656701564788818,0.01490672305226326,0.013674555346369743,0.01177214365452528
ZJ018556,0.16497902572155,0.08117407560348511,0.5302575826644897,0.01965249516069889,0.11367548257112503,0.01253774855285883,0.03961028903722763,0.03811326250433922
ZJ018557,0.00791914202272892,0.010924997739493847,0.0019374117255210876,0.011198516935110092,0.010959606617689133,0.9381265044212341,0.007946029305458069,0.010987810790538788
ZJ018558,0.1213306337594986,0.03506123647093773,0.013187023811042309,0.035654474049806595,0.6523939967155457,0.03839034214615822,0.028109092265367508,0.0758732333779335
ZJ018559,0.8671987652778625,0.050691157579422,0.004876039456576109,0.014681668020784855,0.020163560286164284,0.013554096221923828,0.019185466691851616,0.009649206884205341
ZJ018560,0.09390192478895187,0.3411394953727722,0.28204813599586487,0.022923845797777176,0.109378881752491,0.01404932327568531,0.06034564599394798,0.07621277868747711
ZJ018561,0.13656368851661682,0.06637132167816162,0.09323232620954514,0.11710438132286072,0.09454616904258728,0.035391777753829956,0.09903386980295181,0.35775646567344666
ZJ018562,0.2604217827320099,0.11287734657526016,0.4511340856552124,0.018898557871580124,0.06061405688524246,0.017986079677939415,0.03749850392341614,0.040569551289081573
ZJ018563,0.006505029741674662,0.9081203937530518,0.004756647627800703,0.016916746273636818,0.01100578811019659,0.014089180156588554,0.024073675274848938,0.014532613568007946
ZJ018564,0.07832315564155579,0.09530503302812576,0.13086800277233124,0.025851240381598473,0.09637430310249329,0.09981893748044968,0.3842293918132782,0.08922993391752243
ZJ018565,0.0543917641043663,0.07946539670228958,0.011868945322930813,0.014492757618427277,0.0298085268586874,0.01408454217016697,0.060862161219120026,0.7350258827209473
ZJ018566,0.9553701877593994,0.0066679175943136215,0.0017269179224967957,0.007389208767563105,0.00624766293913126,0.006050590425729752,0.009018935263156891,0.007528544403612614
ZJ018567,0.004359489772468805,0.004856055602431297,0.0024556447751820087,0.0076017724350094795,0.004661255516111851,0.005110034253448248,0.9639531970024109,0.007002582773566246
ZJ018568,0.18420520424842834,0.15606917440891266,0.12202601134777069,0.07750222086906433,0.12060648947954178,0.04461120441555977,0.1406799554824829,0.1542997658252716
ZJ018569,0.08169057220220566,0.09561613202095032,0.25332140922546387,0.07893965393304825,0.11679708957672119,0.02183789573609829,0.07892204076051712,0.27287518978118896
ZJ018570,0.24363724887371063,0.08483519405126572,0.03894011676311493,0.04629277437925339,0.17153020203113556,0.04579239338636398,0.10434307903051376,0.2646290361881256
ZJ018571,0.29481881856918335,0.18108601868152618,0.3600478768348694,0.013246039859950542,0.052840933203697205,0.014471090398728848,0.05397310107946396,0.029516087844967842
ZJ018572,0.23508335649967194,0.1775953471660614,0.38988393545150757,0.01667407900094986,0.07143745571374893,0.016968822106719017,0.06822038441896439,0.02413659356534481
ZJ018573,0.010889356955885887,0.014835216104984283,0.002698294585570693,0.008801582269370556,0.012787755578756332,0.9292024970054626,0.010224741883575916,0.010560499504208565
ZJ018574,0.18278299272060394,0.060120727866888046,0.4897286593914032,0.03683149442076683,0.04974408447742462,0.05651060491800308,0.03899019584059715,0.08529125154018402
ZJ018575,0.9671933054924011,0.00524358032271266,0.0017984946025535464,0.0054585374891757965,0.004516659304499626,0.004903402179479599,0.007168142590671778,0.003717780113220215
ZJ018576,0.2557414174079895,0.12247232347726822,0.3182424306869507,0.0230688638985157,0.041250646114349365,0.007282580249011517,0.12257363647222519,0.10936813056468964
ZJ018577,0.21954791247844696,0.21277642250061035,0.4183100759983063,0.016294335946440697,0.030667897313833237,0.018759161233901978,0.038806479424238205,0.04483779892325401
ZJ018578,0.09167435020208359,0.04860658571124077,0.6604290008544922,0.029867878183722496,0.048256006091833115,0.017894016578793526,0.03540622442960739,0.06786597520112991
ZJ018579,0.4069214463233948,0.049472127109766006,0.007968496531248093,0.07261938601732254,0.04142197221517563,0.021196730434894562,0.019441921263933182,0.3809579312801361
ZJ018580,0.02279331535100937,0.01410409901291132,0.0026293182745575905,0.25204789638519287,0.01627936027944088,0.6395903825759888,0.02471531368792057,0.027840284630656242
ZJ018581,0.1904410719871521,0.22139091789722443,0.3712210953235626,0.019721949473023415,0.09025075286626816,0.012171498499810696,0.05033419653773308,0.0444684736430645
ZJ018582,0.14968402683734894,0.03015892766416073,0.6792460083961487,0.02227661944925785,0.025113379582762718,0.011396213434636593,0.018960153684020042,0.06316458433866501
ZJ018583,0.24686875939369202,0.18783853948116302,0.3745008707046509,0.02102827839553356,0.05545360594987869,0.022264251485466957,0.05829080939292908,0.0337548665702343
ZJ018584,0.11409702152013779,0.08037158101797104,0.5993985533714294,0.05810863524675369,0.027981644496321678,0.005768516566604376,0.022711046040058136,0.09156296402215958
ZJ018585,0.20621530711650848,0.17928707599639893,0.19877368211746216,0.023729989305138588,0.08252717554569244,0.016472166404128075,0.22876667976379395,0.06422790139913559
ZJ018586,0.1857428103685379,0.14862918853759766,0.48680517077445984,0.020412739366292953,0.06797836720943451,0.01311464048922062,0.04676564782857895,0.030551403760910034
ZJ018587,0.004914609715342522,0.0035553285852074623,0.0017187789781019092,0.006369543261826038,0.0035230733919888735,0.007264686748385429,0.9642226696014404,0.008431287482380867
ZJ018588,0.18696342408657074,0.11052486300468445,0.5523375868797302,0.016610637307167053,0.06688423454761505,0.007974246516823769,0.039987824857234955,0.01871713623404503
ZJ018589,0.010296170599758625,0.007653357926756144,0.0016762029845267534,0.9386668801307678,0.003931065555661917,0.022704536095261574,0.007156551815569401,0.007915233261883259
ZJ018590,0.3554801642894745,0.15892185270786285,0.13266471028327942,0.017195265740156174,0.09711278229951859,0.03227130323648453,0.182773157954216,0.02358071319758892
ZJ018591,0.009761657565832138,0.009772546589374542,0.002744855359196663,0.007002681959420443,0.010239426977932453,0.9420628547668457,0.009571517817676067,0.008844477124512196
ZJ018592,0.21716256439685822,0.060068365186452866,0.4961793124675751,0.05415657162666321,0.05188669636845589,0.030907774344086647,0.0322558656334877,0.057382844388484955
ZJ018593,0.017495354637503624,0.01912366785109043,0.0066383942030370235,0.012051169760525227,0.02251657284796238,0.8719192743301392,0.032076526433229446,0.018178991973400116
ZJ018594,0.9639400243759155,0.006249638274312019,0.0015569261740893126,0.005993312690407038,0.00631811935454607,0.004806123208254576,0.004758102353662252,0.006377791985869408
ZJ018595,0.011067411862313747,0.8536636829376221,0.003887420753017068,0.030424637719988823,0.013659229502081871,0.01629076525568962,0.052198491990566254,0.01880837231874466
ZJ018596,0.9692981839179993,0.005016593728214502,0.001203019986860454,0.007175142876803875,0.004590247757732868,0.003843827173113823,0.004826919175684452,0.004046121146529913
ZJ018597,0.26124194264411926,0.11364306509494781,0.44269299507141113,0.020555604249238968,0.07901979982852936,0.012349736876785755,0.045085251331329346,0.025411617010831833
ZJ018598,0.9634992480278015,0.006470453459769487,0.0019935504533350468,0.005819863639771938,0.00968815665692091,0.004665491636842489,0.004242070019245148,0.00362111977301538
ZJ018599,0.1876400262117386,0.1462644785642624,0.03095792606472969,0.07223962992429733,0.13328693807125092,0.2560260593891144,0.13350901007652283,0.040075961500406265
ZJ018600,0.20183530449867249,0.07370343059301376,0.04895750805735588,0.05299850553274155,0.09779956191778183,0.02468135766685009,0.39393559098243713,0.10608876496553421
ZJ018601,0.09833148866891861,0.023491544649004936,0.07052519917488098,0.2055845558643341,0.05837847292423248,0.020462214946746826,0.05589476227760315,0.46733176708221436
ZJ018602,0.2348421812057495,0.1444741189479828,0.09686703979969025,0.07731127738952637,0.10340406000614166,0.03559768572449684,0.09097263962030411,0.21653103828430176
ZJ018603,0.959281325340271,0.004713534377515316,0.0013619897654280066,0.011062704026699066,0.004493071231991053,0.0051419492810964584,0.008215258829295635,0.005730285309255123
ZJ018604,0.93736332654953,0.011280619539320469,0.00326366676017642,0.004728458821773529,0.00837232731282711,0.008609660901129246,0.013622332364320755,0.012759688310325146
ZJ018605,0.23234358429908752,0.13585150241851807,0.07294278591871262,0.06289290636777878,0.10215111821889877,0.03798779845237732,0.18120630085468292,0.17462405562400818
ZJ018606,0.16860994696617126,0.08569739013910294,0.11249636858701706,0.12486624717712402,0.1048261970281601,0.026662908494472504,0.12978477776050568,0.24705615639686584
ZJ018607,0.008148270659148693,0.012217668816447258,0.004358615260571241,0.0064582847990095615,0.011041296645998955,0.9419714212417603,0.008661018684506416,0.0071433777920901775
ZJ018608,0.058791905641555786,0.01612401381134987,0.003151936922222376,0.7363656163215637,0.01928827166557312,0.027741603553295135,0.027292456477880478,0.11124417185783386
ZJ018609,0.9491761326789856,0.010703159496188164,0.00243116426281631,0.00946900062263012,0.007442712318152189,0.006689423695206642,0.005450540222227573,0.008637877181172371
ZJ018610,0.44004592299461365,0.06595990806818008,0.02773945778608322,0.07896795123815536,0.08491398394107819,0.14756818115711212,0.054627541452646255,0.10017703473567963
ZJ018611,0.9530771970748901,0.00854344293475151,0.0026217945851385593,0.00918733049184084,0.010196211747825146,0.005515072029083967,0.004638431128114462,0.006220506504178047
ZJ018612,0.014317940920591354,0.015678096562623978,0.006928215268999338,0.008241689763963223,0.016822684556245804,0.9138549566268921,0.01388397067785263,0.010272493585944176
ZJ018613,0.007885274477303028,0.8655223250389099,0.0023896570783108473,0.011961528100073338,0.007928282022476196,0.014442226849496365,0.05344211682677269,0.03642861917614937
ZJ018614,0.005391303915530443,0.9376999139785767,0.0034245115239173174,0.01047324575483799,0.007372668944299221,0.011397949419915676,0.015655189752578735,0.008585235103964806
ZJ018615,0.04674974083900452,0.47932010889053345,0.01586485654115677,0.03872009366750717,0.05632902309298515,0.0322093665599823,0.26252812147140503,0.06827864050865173
ZJ018616,0.07726757973432541,0.15147335827350616,0.05283282324671745,0.02095203287899494,0.05388196185231209,0.027480151504278183,0.25944575667381287,0.3566663861274719
ZJ018617,0.9623655080795288,0.006229232996702194,0.0017281894106417894,0.006982443388551474,0.004882778041064739,0.005106294993311167,0.006218836642801762,0.006486798636615276
ZJ018618,0.9060325026512146,0.00556457182392478,0.003167310729622841,0.01096887607127428,0.025137435644865036,0.007613066583871841,0.021808115765452385,0.019708096981048584
ZJ018619,0.3720686435699463,0.09137333929538727,0.3843211233615875,0.018630515784025192,0.06341755390167236,0.0139454435557127,0.0393836684525013,0.01685968041419983
ZJ018620,0.07269739359617233,0.0142393559217453,0.0028603794053196907,0.03645716980099678,0.019921105355024338,0.012445532716810703,0.019024215638637543,0.822354793548584
ZJ018621,0.23423495888710022,0.12794634699821472,0.08640413731336594,0.08487273752689362,0.1193159744143486,0.03139178082346916,0.06583675742149353,0.24999725818634033
ZJ018622,0.07578030228614807,0.0784098282456398,0.016366831958293915,0.013955811969935894,0.02351556532084942,0.020648444071412086,0.6430606842041016,0.12826256453990936
ZJ018623,0.23775896430015564,0.15795645117759705,0.38975781202316284,0.019243232905864716,0.08339423686265945,0.012589547783136368,0.07197941094636917,0.027320340275764465
ZJ018624,0.03439771384000778,0.8951604962348938,0.012403177097439766,0.008686413057148457,0.02062179706990719,0.012911718338727951,0.00679435208439827,0.009024286642670631
ZJ018625,0.01491363812237978,0.012938886880874634,0.0022894786670804024,0.015354892238974571,0.009865207597613335,0.91793292760849,0.01449665054678917,0.012208306230604649
ZJ018626,0.1812199056148529,0.12464460730552673,0.4872871935367584,0.026490243151783943,0.08308542519807816,0.021945318207144737,0.037814173847436905,0.03751309961080551
ZJ018627,0.003328995080664754,0.0032157974783331156,0.0022292446810752153,0.007864551618695259,0.004270423203706741,0.0045544798485934734,0.9641314744949341,0.010405069217085838
ZJ018628,0.9711809158325195,0.005026709288358688,0.0013783610193058848,0.005227718036621809,0.005420183762907982,0.0037991623394191265,0.0039490871131420135,0.0040178922936320305
ZJ018629,0.9643299579620361,0.004171271808445454,0.0019849578384310007,0.0052152215503156185,0.009787281975150108,0.004255066160112619,0.006713169161230326,0.003543042577803135
ZJ018630,0.016242602840065956,0.017700791358947754,0.006305491551756859,0.011622308753430843,0.021777290850877762,0.8792910575866699,0.029943328350782394,0.017117181792855263
ZJ018631,0.24054507911205292,0.12131058424711227,0.47034844756126404,0.01875622756779194,0.06635137647390366,0.011185580864548683,0.03458317741751671,0.0369194895029068
ZJ018632,0.12580060958862305,0.14996503293514252,0.5721007585525513,0.018679851666092873,0.05791737139225006,0.017357125878334045,0.035259541124105453,0.022919749841094017
ZJ018633,0.3450838625431061,0.17284773290157318,0.09622638672590256,0.03903089463710785,0.13465069234371185,0.05774807557463646,0.09595133364200592,0.05846105515956879
ZJ018634,0.003054796252399683,0.0031115643214434385,0.00299154594540596,0.005022652447223663,0.003455287776887417,0.0052544185891747475,0.969714879989624,0.0073947543278336525
ZJ018635,0.009991590864956379,0.0037193286698311567,0.0016640046378597617,0.00778600899502635,0.005828240420669317,0.004987091291695833,0.9565937519073486,0.009430024772882462
ZJ018636,0.005194336175918579,0.9516463875770569,0.0030880558770149946,0.010273346677422523,0.0062413522973656654,0.008828729391098022,0.005784323904663324,0.008943501859903336
ZJ018637,0.5080088973045349,0.053556207567453384,0.024996407330036163,0.040315426886081696,0.0682646632194519,0.03834472969174385,0.14364449679851532,0.12286921590566635
ZJ018638,0.2994403839111328,0.119754858314991,0.34689465165138245,0.023549402132630348,0.0481177493929863,0.02511056698858738,0.10434633493423462,0.03278600051999092
ZJ018639,0.18500177562236786,0.1838553249835968,0.406955361366272,0.019047144800424576,0.1095653772354126,0.01425671111792326,0.05148223415017128,0.029836062341928482
ZJ018640,0.28271499276161194,0.08242426067590714,0.5095669627189636,0.025448497384786606,0.032644107937812805,0.013883457519114017,0.01390176173299551,0.03941591456532478
ZJ018641,0.14785711467266083,0.11164359003305435,0.6139021515846252,0.013733056373894215,0.051779359579086304,0.006310202647000551,0.022801201790571213,0.031973354518413544
ZJ018642,0.1463933289051056,0.10278987139463425,0.05807369574904442,0.05819666013121605,0.12209560722112656,0.050858043134212494,0.13247761130332947,0.3291151523590088
ZJ018643,0.1344677358865738,0.047121286392211914,0.5896207094192505,0.06594714522361755,0.04299343377351761,0.01903676427900791,0.018961085006594658,0.08185186237096786
ZJ018644,0.019552666693925858,0.052538495510816574,0.004148708190768957,0.025878535583615303,0.02123485691845417,0.01949988678097725,0.7904699444770813,0.06667692214250565
ZJ018645,0.007053769193589687,0.025647830218076706,0.003564402461051941,0.013061141595244408,0.012721128761768341,0.013073671609163284,0.8316034078598022,0.09327464550733566
ZJ018646,0.15373070538043976,0.12686772644519806,0.47990933060646057,0.02852546237409115,0.08714834600687027,0.021118884906172752,0.07622259110212326,0.026476968079805374
ZJ018647,0.011805758811533451,0.018960729241371155,0.0038469904102385044,0.010788328014314175,0.011956330388784409,0.914881706237793,0.01586028002202511,0.011899873614311218
ZJ018648,0.31873619556427,0.20897868275642395,0.27652081847190857,0.02653309516608715,0.06382273137569427,0.024281851947307587,0.06289132684469223,0.018235336989164352
ZJ018649,0.17171363532543182,0.08197441697120667,0.5296769142150879,0.03582289442420006,0.0734693855047226,0.01757635921239853,0.02412661723792553,0.06563981622457504
ZJ018650,0.1734684705734253,0.1111215278506279,0.48378312587738037,0.025508809834718704,0.10801200568675995,0.022381747141480446,0.04480675607919693,0.03091754950582981
ZJ018651,0.11706601828336716,0.0634164959192276,0.6598644256591797,0.042613573372364044,0.024067474529147148,0.009368968196213245,0.029806338250637054,0.05379663407802582
ZJ018652,0.10129298269748688,0.033813197165727615,0.691673219203949,0.04834263399243355,0.038140710443258286,0.013075905852019787,0.016883237287402153,0.05677805095911026
ZJ018653,0.09225104749202728,0.05950256437063217,0.03913118690252304,0.1089303195476532,0.18873818218708038,0.14711320400238037,0.1852244883775711,0.17910903692245483
ZJ018654,0.049387868493795395,0.06024398282170296,0.7358888983726501,0.038468167185783386,0.052810780704021454,0.010530812665820122,0.014609343372285366,0.03806009888648987
ZJ018655,0.02478725090622902,0.021811988204717636,0.0026217116974294186,0.016476958990097046,0.015280601568520069,0.8653770089149475,0.03604940325021744,0.017595121636986732
ZJ018656,0.010882917791604996,0.9192841649055481,0.004019312094897032,0.018167614936828613,0.009164401330053806,0.010736912488937378,0.006351095624268055,0.021393539384007454
ZJ018657,0.023251056671142578,0.004662817809730768,0.0030137395951896906,0.008010664954781532,0.011284158565104008,0.00892579834908247,0.9248223900794983,0.016029369086027145
ZJ018658,0.18495230376720428,0.08689167350530624,0.5104178190231323,0.023615557700395584,0.0952322706580162,0.01924537867307663,0.043271858245134354,0.03637314587831497
ZJ018659,0.0030176700092852116,0.0027417319361120462,0.0030295345932245255,0.005570551380515099,0.003579010721296072,0.005276931915432215,0.969525933265686,0.0072586615569889545
ZJ018660,0.35716068744659424,0.045656800270080566,0.0037172199226915836,0.050488490611314774,0.06854198127985,0.053105346858501434,0.3986038565635681,0.022725511342287064
ZJ018661,0.2202538698911667,0.17332997918128967,0.06947352737188339,0.06442656368017197,0.10023139417171478,0.03714317828416824,0.151552215218544,0.18358927965164185
ZJ018662,0.13690166175365448,0.09971669316291809,0.2599655091762543,0.0705980584025383,0.0819639042019844,0.024599241092801094,0.043884310871362686,0.2823706567287445
ZJ018663,0.13057151436805725,0.0805046334862709,0.10164526104927063,0.13749022781848907,0.08558204025030136,0.03996100276708603,0.11659305542707443,0.3076522648334503
ZJ018664,0.31290486454963684,0.019498195499181747,0.01801721192896366,0.01831299066543579,0.03430549427866936,0.025086507201194763,0.5547990202903748,0.0170756783336401
ZJ018665,0.9533852338790894,0.00805637612938881,0.0022561815567314625,0.005765079520642757,0.010087257251143456,0.006430672015994787,0.007233819458633661,0.006785375066101551
ZJ018666,0.9519239664077759,0.00445838738232851,0.0013329448411241174,0.010142264887690544,0.005184998270124197,0.007070475723594427,0.011779487133026123,0.00810749176889658
ZJ018667,0.0201584342867136,0.8647232055664062,0.007290464825928211,0.014106924645602703,0.016215063631534576,0.030574122443795204,0.019765283912420273,0.02716652676463127
ZJ018668,0.951843798160553,0.009798329323530197,0.0018347451696172357,0.008586793206632137,0.008469919674098492,0.0073141795583069324,0.0059174527414143085,0.006234811618924141
ZJ018669,0.020438512787222862,0.8890355825424194,0.006635082419961691,0.0127225611358881,0.0129725756123662,0.01962178573012352,0.015236113220453262,0.023337773978710175
ZJ018670,0.005836367141455412,0.006423706188797951,0.0026868327986449003,0.9606369137763977,0.004571651108562946,0.004248542245477438,0.00865226797759533,0.006943712010979652
ZJ018671,0.041838496923446655,0.022815274074673653,0.01394322607666254,0.7397496700286865,0.01609659194946289,0.02230742946267128,0.04435880854725838,0.09889055043458939
ZJ018672,0.14146605134010315,0.12203540652990341,0.4783410131931305,0.02912410907447338,0.05434204638004303,0.021413441747426987,0.028507230803370476,0.1247706413269043
ZJ018673,0.9361100196838379,0.012793086469173431,0.0016625265125185251,0.009906990453600883,0.006202726159244776,0.008446578867733479,0.013330994173884392,0.011547146365046501
ZJ018674,0.017339421436190605,0.038632895797491074,0.014966163784265518,0.007657195907086134,0.0168923232704401,0.8641895055770874,0.017092227935791016,0.02323029935359955
ZJ018675,0.009300529025495052,0.9258608818054199,0.006711379159241915,0.014693725854158401,0.011647745966911316,0.014192301779985428,0.007050436455756426,0.010542931966483593
ZJ018676,0.05951646715402603,0.05226420611143112,0.06629255414009094,0.08337568491697311,0.07115104049444199,0.03718994930386543,0.0654141753911972,0.564795970916748
ZJ018677,0.22247548401355743,0.07833322137594223,0.06845902651548386,0.07325650006532669,0.1551630198955536,0.02896561287343502,0.23433926701545715,0.1390078216791153
ZJ018678,0.27404364943504333,0.18579113483428955,0.3305303752422333,0.0156394112855196,0.0781388059258461,0.015698084607720375,0.06637918204069138,0.03377935662865639
ZJ018679,0.17786969244480133,0.18660186231136322,0.43992361426353455,0.022825069725513458,0.07904287427663803,0.011377453804016113,0.05729060247540474,0.025068877264857292
ZJ018680,0.032397445291280746,0.05824790149927139,0.00819989200681448,0.032755885273218155,0.026693178340792656,0.016282541677355766,0.018506938591599464,0.8069162964820862
ZJ018681,0.00570945767685771,0.9453433156013489,0.002640928141772747,0.00902330782264471,0.004993114620447159,0.012053442187607288,0.007819690741598606,0.01241669524461031
ZJ018682,0.07052697241306305,0.4267962574958801,0.007617802359163761,0.019686756655573845,0.040628813207149506,0.038034841418266296,0.36397916078567505,0.03272941708564758
ZJ018683,0.12328476458787918,0.5210108160972595,0.012597181834280491,0.022010328248143196,0.05450143292546272,0.01822042278945446,0.2164047807455063,0.031970322132110596
ZJ018684,0.004341143649071455,0.016980251297354698,0.001913994550704956,0.004449958447366953,0.004101446829736233,0.005915023386478424,0.9515733122825623,0.010724819265305996
ZJ018685,0.9448489546775818,0.009437092579901218,0.002120531164109707,0.007988670840859413,0.016909774392843246,0.005257645156234503,0.006487986072897911,0.006949307397007942
ZJ018686,0.18455517292022705,0.11568450927734375,0.10706235468387604,0.030321864411234856,0.08935725688934326,0.044624004513025284,0.3202487826347351,0.1081460565328598
ZJ018687,0.8989304900169373,0.00852829311043024,0.0015435544773936272,0.04201957955956459,0.018367145210504532,0.004889427684247494,0.01257175114005804,0.013149687089025974
ZJ018688,0.11115262657403946,0.11067906767129898,0.4988739788532257,0.03149370476603508,0.0856018215417862,0.024252358824014664,0.07718712091445923,0.06075941026210785
ZJ018689,0.2387533336877823,0.056830957531929016,0.09737983345985413,0.1380748450756073,0.11504724621772766,0.03148097172379494,0.09168429672718048,0.23074853420257568
ZJ018690,0.25383082032203674,0.1311185508966446,0.4167948365211487,0.02599451132118702,0.0839952901005745,0.01634788140654564,0.052674051374197006,0.019244059920310974
ZJ018691,0.7002374529838562,0.034970492124557495,0.013477948494255543,0.01913052797317505,0.051200464367866516,0.04906000941991806,0.10872957110404968,0.023193543776869774
ZJ018692,0.6127246022224426,0.027385685592889786,0.031774964183568954,0.09864449501037598,0.09156610816717148,0.012004997581243515,0.06851361691951752,0.05738552659749985
ZJ018693,0.3411251902580261,0.027792243286967278,0.005005233455449343,0.1789896935224533,0.13077814877033234,0.01714245043694973,0.06447452306747437,0.23469257354736328
ZJ018694,0.08891492336988449,0.04065048322081566,0.04199232533574104,0.1647612601518631,0.04367394372820854,0.06155336648225784,0.06359349936246872,0.4948602616786957
ZJ018695,0.0032992768101394176,0.0033724766690284014,0.003548501757904887,0.005103299394249916,0.0036867468152195215,0.0055428314954042435,0.9679264426231384,0.007520428393036127
ZJ018696,0.14555886387825012,0.0654573068022728,0.1290140599012375,0.13041064143180847,0.09906081855297089,0.033419813960790634,0.11118140816688538,0.28589707612991333
ZJ018697,0.09537696838378906,0.09421826153993607,0.46649134159088135,0.06170734763145447,0.08882777392864227,0.046225208789110184,0.02961626835167408,0.11753683537244797
ZJ018698,0.008085464127361774,0.010618841275572777,0.0033599429298192263,0.006739605683833361,0.007777784485369921,0.9461076855659485,0.008973436430096626,0.008337212726473808
ZJ018699,0.23767974972724915,0.0452771931886673,0.3569830656051636,0.09103422611951828,0.07215136289596558,0.03290644288063049,0.02638157829642296,0.13758637011051178
ZJ018700,0.016494188457727432,0.01624222658574581,0.00619122851639986,0.010209056548774242,0.0187698882073164,0.9004366993904114,0.011920863762497902,0.019735760986804962
ZJ018701,0.21606458723545074,0.1653803586959839,0.394020676612854,0.017705027014017105,0.08742840588092804,0.012843526899814606,0.07795948535203934,0.028597956523299217
ZJ018702,0.8727563619613647,0.0330706425011158,0.0019134412286803126,0.0142857376486063,0.01353286299854517,0.015697624534368515,0.037685737013816833,0.011057542636990547
ZJ018703,0.0038768555968999863,0.0025266343727707863,0.002593073295429349,0.0084193404763937,0.004894655663520098,0.006635504774749279,0.9615243673324585,0.009529578499495983
ZJ018704,0.18481743335723877,0.19357232749462128,0.11964736878871918,0.06146617606282234,0.13963539898395538,0.04590821638703346,0.11267063766717911,0.14228245615959167
ZJ018705,0.9107045531272888,0.00982305221259594,0.0030911799985915422,0.015222069807350636,0.03816211223602295,0.008343663066625595,0.006709483917802572,0.007943866774439812
ZJ018706,0.10067177563905716,0.04344548285007477,0.46706297993659973,0.05625012889504433,0.07076407223939896,0.029536982998251915,0.06980404257774353,0.16246458888053894
ZJ018707,0.03051120415329933,0.046611424535512924,0.008938204497098923,0.05642854794859886,0.036228813230991364,0.024702729657292366,0.2606847882270813,0.5358943343162537
ZJ018708,0.38177490234375,0.12725137174129486,0.06079031154513359,0.040486227720975876,0.07016538828611374,0.1466456949710846,0.11218810826539993,0.06069796904921532
ZJ018709,0.3635234534740448,0.07439877092838287,0.2597895562648773,0.03281129524111748,0.15140090882778168,0.019308563321828842,0.04279922693967819,0.05596823990345001
ZJ018710,0.013962357304990292,0.014279431663453579,0.00276188924908638,0.022085482254624367,0.01629447005689144,0.011031054891645908,0.026745691895484924,0.8928395509719849
ZJ018711,0.010905060917139053,0.9312438368797302,0.003777134697884321,0.020204784348607063,0.010616015642881393,0.00934196449816227,0.005864118691533804,0.008047104813158512
ZJ018712,0.009077141992747784,0.005458613857626915,0.0037709951866418123,0.008246981538832188,0.008340785279870033,0.00987350381910801,0.9467546939849854,0.0084772864356637
ZJ018713,0.135182186961174,0.04108114540576935,0.4779374599456787,0.08636422455310822,0.026118174195289612,0.00808093510568142,0.04051968455314636,0.18471617996692657
ZJ018714,0.09278371185064316,0.7700062394142151,0.0027744234539568424,0.029812516644597054,0.04834837466478348,0.02081887423992157,0.017322881147265434,0.01813294179737568
ZJ018715,0.08462999016046524,0.03388778865337372,0.7505038380622864,0.03162034600973129,0.031010838225483894,0.007464611437171698,0.02248377725481987,0.0383988581597805
ZJ018716,0.2542612552642822,0.20082102715969086,0.09442112594842911,0.049516938626766205,0.10673147439956665,0.027755994349718094,0.15198390185832977,0.1145082414150238
ZJ018717,0.031247524544596672,0.7985615730285645,0.004718298092484474,0.016210291534662247,0.04098701477050781,0.019249077886343002,0.06687582284212112,0.02215045876801014
ZJ018718,0.08138013631105423,0.09317510575056076,0.5865100622177124,0.03951094299554825,0.06828974187374115,0.01804615929722786,0.028617901727557182,0.08446992188692093
ZJ018719,0.010120706632733345,0.9366450309753418,0.0061483909375965595,0.014404555782675743,0.008845863863825798,0.011648972518742085,0.005440083798021078,0.006746477913111448
ZJ018720,0.2849172055721283,0.10406381636857986,0.261770099401474,0.02606903575360775,0.1380850225687027,0.022295137867331505,0.04175666347146034,0.12104298174381256
ZJ018721,0.4093259871006012,0.018435945734381676,0.0055262865498661995,0.01772068440914154,0.4847334027290344,0.014456536620855331,0.022365646436810493,0.027435556054115295
ZJ018722,0.15037326514720917,0.12554576992988586,0.15331627428531647,0.09935349971055984,0.11032184958457947,0.025666315108537674,0.10632716119289398,0.22909583151340485
ZJ018723,0.13582736253738403,0.10832367837429047,0.5948607921600342,0.021857023239135742,0.06269289553165436,0.010752683505415916,0.04301423951983452,0.02267136424779892
ZJ018724,0.14337632060050964,0.07546822726726532,0.08067767322063446,0.07491998374462128,0.04575669392943382,0.06972009688615799,0.12263458222150803,0.38744643330574036
ZJ018725,0.1957245171070099,0.08218510448932648,0.5561100244522095,0.01432415097951889,0.07938843220472336,0.01020101085305214,0.02952622063457966,0.032540563493967056
ZJ018726,0.23370949923992157,0.10189444571733475,0.4068877696990967,0.04645877704024315,0.09398336708545685,0.017782805487513542,0.02739981934428215,0.07188358902931213
ZJ018727,0.12675794959068298,0.03910396620631218,0.5223096013069153,0.0836280807852745,0.05377968028187752,0.027035901322960854,0.021190447732806206,0.12619443237781525
ZJ018728,0.05963427200913429,0.03172080218791962,0.07662838697433472,0.09279081970453262,0.10995706915855408,0.028307326138019562,0.12202055007219315,0.47894081473350525
ZJ018729,0.17381128668785095,0.10367897897958755,0.09166189283132553,0.11721459776163101,0.10099463909864426,0.04109992831945419,0.10180623829364777,0.26973238587379456
ZJ018730,0.08072756975889206,0.19181956350803375,0.4460724890232086,0.02217460609972477,0.12064772099256516,0.023933760821819305,0.08361728489398956,0.03100704215466976
ZJ018731,0.21845480799674988,0.013210101053118706,0.004952530842274427,0.014390668831765652,0.7111092805862427,0.011899733915925026,0.011074274778366089,0.014908645302057266
ZJ018732,0.913016676902771,0.007467147894203663,0.0017873549368232489,0.012408887036144733,0.014933840371668339,0.013339562341570854,0.029190490022301674,0.007856098003685474
ZJ018733,0.01838100329041481,0.8947306275367737,0.01413317583501339,0.0089369872584939,0.026815392076969147,0.015803156420588493,0.011941180564463139,0.00925834197551012
ZJ018734,0.15959416329860687,0.13890667259693146,0.10961878299713135,0.07195153832435608,0.11763584613800049,0.04652126878499985,0.16204260289669037,0.19372911751270294
ZJ018735,0.7550771832466125,0.03064604662358761,0.017015501856803894,0.03313563019037247,0.05516601353883743,0.022575007751584053,0.05063130334019661,0.035753343254327774
ZJ018736,0.008964644744992256,0.9291163682937622,0.007432210724800825,0.017856640741229057,0.009067092090845108,0.012417474761605263,0.0075825974345207214,0.007562906481325626
ZJ018737,0.011838932521641254,0.016649696975946426,0.005885811522603035,0.008659090846776962,0.02142457477748394,0.911105751991272,0.015876512974500656,0.008559691719710827
ZJ018738,0.02109210006892681,0.05499214679002762,0.002709242282435298,0.02432153932750225,0.02044711448252201,0.015011731535196304,0.8240150213241577,0.037411101162433624
ZJ018739,0.22175933420658112,0.17133381962776184,0.34705856442451477,0.03278016671538353,0.09090398997068405,0.03300311788916588,0.04834764078259468,0.05481339246034622
ZJ018740,0.08478612452745438,0.24354806542396545,0.025314994156360626,0.03150048106908798,0.059349145740270615,0.045607227832078934,0.16522961854934692,0.3446643352508545
ZJ018741,0.30209505558013916,0.11263997107744217,0.43103861808776855,0.01871923916041851,0.06227570399641991,0.013281834311783314,0.03365107998251915,0.026298515498638153
ZJ018742,0.1104813888669014,0.042746514081954956,0.011407553218305111,0.06787670403718948,0.38154929876327515,0.11459577828645706,0.13588574528694153,0.13545694947242737
ZJ018743,0.013519431464374065,0.04605774208903313,0.0017485093558207154,0.012687014415860176,0.014789796434342861,0.014145156368613243,0.8708604574203491,0.026191871613264084
ZJ018744,0.5259070992469788,0.028842031955718994,0.12925057113170624,0.08751048892736435,0.05369913578033447,0.025334278121590614,0.024097014218568802,0.1253594011068344
ZJ018745,0.2001352161169052,0.07811946421861649,0.12846693396568298,0.0646388977766037,0.11084184795618057,0.030491337180137634,0.10504273325204849,0.28226354718208313
ZJ018746,0.005913307424634695,0.005256896838545799,0.004979114513844252,0.007106435485184193,0.00606396421790123,0.01425894908607006,0.945087194442749,0.011334125883877277
ZJ018747,0.9220954775810242,0.010807713493704796,0.001985027687624097,0.009706945158541203,0.008192707784473896,0.007727280259132385,0.00775233656167984,0.0317324735224247
ZJ018748,0.08131908625364304,0.047257740050554276,0.5742875337600708,0.04066694527864456,0.06728819012641907,0.029163600876927376,0.05611486732959747,0.10390199720859528
ZJ018749,0.06857810914516449,0.033067669719457626,0.028852706775069237,0.036889951676130295,0.040423039346933365,0.01647939160466194,0.03855572268366814,0.7371534109115601
ZJ018750,0.18007215857505798,0.14483606815338135,0.10023116320371628,0.08373809605836868,0.11946744471788406,0.04414855316281319,0.09296349436044693,0.2345430850982666
ZJ018751,0.6814559102058411,0.06849926710128784,0.019095705822110176,0.03298628702759743,0.07274706661701202,0.023036455735564232,0.03412647917866707,0.06805282086133957
ZJ018752,0.006118789315223694,0.0029004919342696667,0.0024475222453475,0.005375683773308992,0.00393205089494586,0.006502998992800713,0.9650601744651794,0.007662247866392136
ZJ018753,0.02854413539171219,0.01767783984541893,0.0021584590431302786,0.04287974536418915,0.017731204628944397,0.015131409280002117,0.024369219318032265,0.8515080213546753
ZJ018754,0.013406936079263687,0.06746771931648254,0.0030427316669374704,0.019571693614125252,0.020621873438358307,0.015953032299876213,0.05338427796959877,0.8065516948699951
ZJ018755,0.006021093111485243,0.931747317314148,0.0029325271025300026,0.015787892043590546,0.007697816472500563,0.009314577095210552,0.017491137608885765,0.009007628075778484
ZJ018756,0.08041176944971085,0.06746485084295273,0.704728364944458,0.028675943613052368,0.028728285804390907,0.01925201341509819,0.03673146292567253,0.03400733694434166
ZJ018757,0.16130143404006958,0.20581269264221191,0.4908413290977478,0.019629571586847305,0.044054366648197174,0.023498306050896645,0.037762608379125595,0.017099741846323013
ZJ018758,0.15539398789405823,0.08868534117937088,0.4610314965248108,0.0660654827952385,0.09396094083786011,0.028403108939528465,0.0262258630245924,0.08023384213447571
ZJ018759,0.31022152304649353,0.09363823384046555,0.027049150317907333,0.041593462228775024,0.08138230443000793,0.2794562578201294,0.10337889194488525,0.06328018009662628
ZJ018760,0.18711335957050323,0.029443731531500816,0.006658573634922504,0.02479657530784607,0.6942033171653748,0.013044534251093864,0.011591065675020218,0.03314877673983574
ZJ018761,0.2552609443664551,0.12425331771373749,0.42516329884529114,0.014309876598417759,0.09509545564651489,0.014851987361907959,0.041155554354190826,0.029909593984484673
ZJ018762,0.10169664770364761,0.11120859533548355,0.5405500531196594,0.03446614369750023,0.06933917105197906,0.011390465311706066,0.08329743891954422,0.048051442950963974
ZJ018763,0.08248527348041534,0.02694310061633587,0.7534887194633484,0.03933398053050041,0.02699156291782856,0.009825218468904495,0.015718728303909302,0.045213483273983
ZJ018764,0.18680492043495178,0.08931028842926025,0.5454314351081848,0.02207283116877079,0.07706238329410553,0.013312241993844509,0.03994029760360718,0.02606557309627533
ZJ018765,0.013932904228568077,0.015034913085401058,0.0038161524571478367,0.008986399509012699,0.012328481301665306,0.9154967665672302,0.018877839669585228,0.011526607908308506
ZJ018766,0.3571785092353821,0.007829847745597363,0.0017860343214124441,0.017205363139510155,0.00911917444318533,0.011733257211744785,0.5827783942222595,0.012369456700980663
ZJ018767,0.008418207988142967,0.013433131389319897,0.0035242848098278046,0.00983615405857563,0.011900544166564941,0.011297621764242649,0.010399368591606617,0.9311906695365906
ZJ018768,0.22314101457595825,0.15375646948814392,0.18738290667533875,0.038920141756534576,0.13276207447052002,0.026179911568760872,0.16521678864955902,0.07264070957899094
ZJ018769,0.3408539891242981,0.1515575498342514,0.3457930386066437,0.011940541677176952,0.04100187495350838,0.01936391554772854,0.0638950988650322,0.025593942031264305
ZJ018770,0.009077521041035652,0.010809688828885555,0.0022568765562027693,0.007259586360305548,0.010357866995036602,0.9441916346549988,0.00833650678396225,0.007710350677371025
ZJ018771,0.01668579876422882,0.012547159567475319,0.0034560610074549913,0.006760450080037117,0.013487917371094227,0.9180119037628174,0.01941733993589878,0.009633434005081654
ZJ018772,0.01583532989025116,0.8903360962867737,0.003270768327638507,0.02111932635307312,0.010756129398941994,0.011352330446243286,0.009829319082200527,0.03750058263540268
ZJ018773,0.7806046009063721,0.07116078585386276,0.002348358277231455,0.02215709164738655,0.02424800768494606,0.024045968428254128,0.055983081459999084,0.019452162086963654
ZJ018774,0.3600699305534363,0.13458691537380219,0.29872244596481323,0.022493867203593254,0.08331849426031113,0.016258148476481438,0.06703744828701019,0.01751275360584259
ZJ018775,0.06507070362567902,0.10078152269124985,0.06486228108406067,0.039553675800561905,0.06403417140245438,0.3466811180114746,0.18767902255058289,0.1313374638557434
ZJ018776,0.1504533588886261,0.11716753989458084,0.2601403295993805,0.031311534345149994,0.1859445571899414,0.09325888007879257,0.09369805455207825,0.06802570819854736
ZJ018777,0.9489608407020569,0.008313551545143127,0.0012115685967728496,0.00966761913150549,0.005683535244315863,0.006810437887907028,0.009188744239509106,0.010163644328713417
ZJ018778,0.004032828379422426,0.004258325789123774,0.0032923149410635233,0.006460960954427719,0.00469581875950098,0.005691334139555693,0.9652430415153503,0.0063253301195800304
ZJ018779,0.022311534732580185,0.020846998319029808,0.0031255625654011965,0.013791543431580067,0.014686180278658867,0.8794712424278259,0.028356565162539482,0.01741030067205429
ZJ018780,0.9504374861717224,0.005367770325392485,0.0017028977163136005,0.00672651082277298,0.006571381818503141,0.00671776058152318,0.014532778412103653,0.007943390868604183
ZJ018781,0.1999145895242691,0.16286516189575195,0.40812429785728455,0.016007917001843452,0.06378107517957687,0.01340771559625864,0.09732239693403244,0.038576822727918625
ZJ018782,0.090725377202034,0.11582690477371216,0.28756678104400635,0.07426154613494873,0.13249948620796204,0.01933479495346546,0.07822344452142715,0.20156167447566986
ZJ018783,0.23600877821445465,0.0783742219209671,0.5086249709129333,0.017910053953528404,0.08841905742883682,0.013156181201338768,0.03371884673833847,0.02378794550895691
ZJ018784,0.08228220045566559,0.14680463075637817,0.1469181776046753,0.02160777896642685,0.18056894838809967,0.2793459892272949,0.040142182260751724,0.10233010351657867
ZJ018785,0.003285831306129694,0.0028408688958734274,0.002517446642741561,0.005486950743943453,0.00348431384190917,0.004689971916377544,0.9667649865150452,0.010929716750979424
ZJ018786,0.005680432543158531,0.007282834500074387,0.004053455777466297,0.014619366265833378,0.0127759650349617,0.015264296904206276,0.8612903356552124,0.079033263027668
ZJ018787,0.007875615730881691,0.011743001639842987,0.005589608568698168,0.03700857609510422,0.0219153743237257,0.01620582863688469,0.8524599075317383,0.04720219597220421
ZJ018788,0.1249060407280922,0.050393376499414444,0.5660921931266785,0.02997731976211071,0.0711282342672348,0.010611075907945633,0.010811762884259224,0.13607996702194214
ZJ018789,0.7914436459541321,0.0072087780572474,0.0016221505356952548,0.011895624920725822,0.02157660387456417,0.010463678278028965,0.14322619140148163,0.012563294731080532
ZJ018790,0.009819675236940384,0.014130990020930767,0.002688482403755188,0.008810853585600853,0.012777850963175297,0.9295140504837036,0.013601938262581825,0.008656186051666737
ZJ018791,0.20118023455142975,0.07165183126926422,0.08665597438812256,0.1052946150302887,0.1196892037987709,0.039912715554237366,0.1112891212105751,0.264326274394989
ZJ018792,0.20159855484962463,0.16557681560516357,0.11417079716920853,0.07168331742286682,0.10654230415821075,0.040745966136455536,0.16137544810771942,0.13830676674842834
ZJ018793,0.22498555481433868,0.09475014358758926,0.4442034959793091,0.0687490850687027,0.05005248263478279,0.01524263620376587,0.032451797276735306,0.0695648044347763
ZJ018794,0.16303397715091705,0.05478401854634285,0.5848433375358582,0.023255951702594757,0.0694291815161705,0.037828173488378525,0.027637379243969917,0.03918806090950966
ZJ018795,0.1906612664461136,0.07186635583639145,0.16369415819644928,0.019158752635121346,0.04816993325948715,0.008730539120733738,0.026194298639893532,0.4715246856212616
ZJ018796,0.9109196662902832,0.008869827724993229,0.0013983387034386396,0.016574878245592117,0.008253535255789757,0.009338364005088806,0.007951969280838966,0.03669353947043419
ZJ018797,0.2749616205692291,0.16827601194381714,0.36631494760513306,0.019726846367120743,0.07372944056987762,0.013974884524941444,0.06042703613638878,0.022589214146137238
ZJ018798,0.008328969590365887,0.011091775260865688,0.003526007756590843,0.005390651524066925,0.010203892365098,0.9462715983390808,0.008218888193368912,0.0069681392051279545
ZJ018799,0.2638342082500458,0.07574103772640228,0.1083497703075409,0.14027252793312073,0.10454680770635605,0.02649226039648056,0.08947545289993286,0.19128794968128204
ZJ018800,0.19178184866905212,0.08833325654268265,0.27776145935058594,0.08488582074642181,0.0412633903324604,0.06243615970015526,0.05559248849749565,0.19794560968875885
ZJ018801,0.009045984596014023,0.01574130170047283,0.0046045659109950066,0.007642506621778011,0.012999355792999268,0.9297440052032471,0.011081010103225708,0.009141266345977783
ZJ018802,0.028049344196915627,0.028391452506184578,0.0026617811527103186,0.023809676989912987,0.016845088452100754,0.8392581939697266,0.04075636342167854,0.020228080451488495
ZJ018803,0.14538727700710297,0.098371721804142,0.044559650123119354,0.053598519414663315,0.12000235915184021,0.05848998948931694,0.15476539731025696,0.32482507824897766
ZJ018804,0.014717298559844494,0.01727996952831745,0.004715323448181152,0.01037521194666624,0.01311270147562027,0.9039984345436096,0.023292966187000275,0.01250799186527729
ZJ018805,0.9544888138771057,0.0049008531495928764,0.0014630845980718732,0.007512394804507494,0.005613499786704779,0.00505486037582159,0.00878307968378067,0.012183439917862415
ZJ018806,0.0387149304151535,0.7719826102256775,0.017289981245994568,0.017140507698059082,0.0309081319719553,0.017988314852118492,0.0659513846039772,0.040024127811193466
ZJ018807,0.22775767743587494,0.15777160227298737,0.3460370600223541,0.03139033168554306,0.12299028784036636,0.02102561853826046,0.06566466391086578,0.027362743392586708
ZJ018808,0.13841025531291962,0.037646323442459106,0.628978431224823,0.03651677444577217,0.062121082097291946,0.025245830416679382,0.023044968023896217,0.048036277294158936
ZJ018809,0.4103914499282837,0.03455900773406029,0.003958176821470261,0.09930244833230972,0.052238401025533676,0.01723269745707512,0.12259425967931747,0.25972357392311096
ZJ018810,0.43480703234672546,0.1071610078215599,0.2272522747516632,0.022035159170627594,0.048176899552345276,0.021236145868897438,0.10707321017980576,0.03225826472043991
ZJ018811,0.9382839798927307,0.005567830987274647,0.0016991334268823266,0.006784827448427677,0.01038567814975977,0.007285655476152897,0.02048935554921627,0.009503482840955257
ZJ018812,0.23462671041488647,0.18652649223804474,0.19628092646598816,0.09745628386735916,0.09004583954811096,0.03488700091838837,0.02167593315243721,0.13850082457065582
ZJ018813,0.025879133492708206,0.018183019012212753,0.005012198351323605,0.24438954889774323,0.017587024718523026,0.603736937046051,0.04049782082438469,0.0447143092751503
ZJ018814,0.004014808218926191,0.0031139091588556767,0.0031359875574707985,0.006360709201544523,0.0036169840022921562,0.005608746781945229,0.9683544635772705,0.0057944031432271
ZJ018815,0.01308485958725214,0.008488758467137814,0.0022060107439756393,0.005558059085160494,0.011038682423532009,0.943566620349884,0.007630256470292807,0.00842673983424902
ZJ018816,0.15001675486564636,0.09947744756937027,0.6269774436950684,0.014067432843148708,0.05121927335858345,0.010700637474656105,0.022793415933847427,0.024747617542743683
ZJ018817,0.09357992559671402,0.1065162643790245,0.12181972712278366,0.0916731208562851,0.1152399331331253,0.025812722742557526,0.09122346341609955,0.35413479804992676
ZJ018818,0.47165316343307495,0.03733952343463898,0.00805794820189476,0.02821812406182289,0.22441597282886505,0.05869665369391441,0.06907819211483002,0.10254046320915222
ZJ018819,0.011367321945726871,0.009520992636680603,0.0013320917496457696,0.02141854539513588,0.007696347311139107,0.9284386038780212,0.009912008419632912,0.010314070619642735
ZJ018820,0.960759699344635,0.006806902587413788,0.0016158223152160645,0.0062315757386386395,0.006793517153710127,0.005412629339843988,0.005602121353149414,0.0067778080701828
ZJ018821,0.8564373850822449,0.016322750598192215,0.012189209461212158,0.008046206086874008,0.01861785724759102,0.010360274463891983,0.05807169899344444,0.019954495131969452
ZJ018822,0.2540604770183563,0.10897848755121231,0.4697254002094269,0.025880245491862297,0.06937077641487122,0.008332653902471066,0.03404516726732254,0.02960679493844509
ZJ018823,0.07326903194189072,0.7362786531448364,0.011655030772089958,0.010289620608091354,0.02908238209784031,0.029206477105617523,0.08218655735254288,0.028032226487994194
ZJ018824,0.10776733607053757,0.089276522397995,0.6541925668716431,0.013425284065306187,0.0771850124001503,0.010081920772790909,0.0323076993227005,0.015763672068715096
ZJ018825,0.22022321820259094,0.1808139830827713,0.39594566822052,0.023752877488732338,0.08952409774065018,0.019451851025223732,0.049357447773218155,0.020930834114551544
ZJ018826,0.00559206260368228,0.9521386623382568,0.002283104695379734,0.007320255972445011,0.006689641159027815,0.010465951636433601,0.006782631389796734,0.008727749809622765
ZJ018827,0.007435481995344162,0.009628958068788052,0.0032810638658702374,0.0055952249094843864,0.008756332099437714,0.9510471820831299,0.00790063664317131,0.006355154328048229
ZJ018828,0.05407807603478432,0.04840564355254173,0.7872875332832336,0.023488620296120644,0.03696151822805405,0.009179235436022282,0.01849859394133091,0.022100720554590225
ZJ018829,0.16011442244052887,0.03566909581422806,0.014553005807101727,0.017888959497213364,0.02898552268743515,0.02161635085940361,0.6666726469993591,0.05450000241398811
ZJ018830,0.01283082365989685,0.9180206060409546,0.0077935801818966866,0.01784212328493595,0.015265239402651787,0.013859277591109276,0.005835098680108786,0.00855320505797863
ZJ018831,0.26373451948165894,0.10840043425559998,0.45297691226005554,0.025369616225361824,0.07876138389110565,0.009522524662315845,0.03275616466999054,0.028478475287556648
ZJ018832,0.9671136140823364,0.006002233363687992,0.001658193883486092,0.005186513066291809,0.005913805682212114,0.004993672948330641,0.004371807910501957,0.004760156851261854
ZJ018833,0.14398668706417084,0.05398846045136452,0.5788325667381287,0.02599506452679634,0.04626842588186264,0.049470454454422,0.036224108189344406,0.06523425877094269
ZJ018834,0.179080531001091,0.12387991696596146,0.4753994643688202,0.020054789260029793,0.08618015795946121,0.026535142213106155,0.059717897325754166,0.029152069240808487
ZJ018835,0.23750558495521545,0.13656733930110931,0.4420182406902313,0.017372190952301025,0.08827907592058182,0.011884680017828941,0.04572901129722595,0.020643925294280052
ZJ018836,0.2939215898513794,0.200532004237175,0.09265998750925064,0.025473788380622864,0.03194840997457504,0.019219277426600456,0.06258170306682587,0.2736632823944092
ZJ018837,0.04003435745835304,0.03255116939544678,0.0027392134070396423,0.022460350766777992,0.01615782268345356,0.8216642141342163,0.03994147852063179,0.02445141039788723
ZJ018838,0.11161162704229355,0.22584860026836395,0.061258669942617416,0.027282729744911194,0.07737163454294205,0.04240540787577629,0.3104657530784607,0.14375558495521545
ZJ018839,0.11010009050369263,0.34786471724510193,0.00368684739805758,0.08772429823875427,0.03371555358171463,0.04232274740934372,0.30685922503471375,0.06772652268409729
ZJ018840,0.2892906069755554,0.14493127167224884,0.3716685473918915,0.021612446755170822,0.048770345747470856,0.017848743125796318,0.06985597312450409,0.03602215647697449
ZJ018841,0.024214448407292366,0.004790726583451033,0.004069888964295387,0.005594051443040371,0.004239657893776894,0.0075065214186906815,0.9428325295448303,0.0067521873861551285
ZJ018842,0.010916879400610924,0.9186181426048279,0.0074582090601325035,0.017250198870897293,0.012075030244886875,0.014216951094567776,0.007932036183774471,0.011532502248883247
ZJ018843,0.23766270279884338,0.12464778870344162,0.42229193449020386,0.02368868887424469,0.08054757863283157,0.016131915152072906,0.0691419392824173,0.02588748186826706
ZJ018844,0.1587023288011551,0.15453575551509857,0.40170130133628845,0.03242658078670502,0.12171268463134766,0.033158157020807266,0.06262306123971939,0.03514014184474945
ZJ018845,0.010941837914288044,0.013467158190906048,0.0031897376757115126,0.011247753165662289,0.012550187297165394,0.9243885278701782,0.015538006089627743,0.008676884695887566
ZJ018846,0.2087852656841278,0.20734556019306183,0.1961054652929306,0.04312637820839882,0.20123349130153656,0.023820331320166588,0.06482918560504913,0.0547543503344059
ZJ018847,0.3169255256652832,0.01102476567029953,0.005478325299918652,0.012597132474184036,0.6136654019355774,0.007966930978000164,0.020941216498613358,0.011400636285543442
ZJ018848,0.2658274471759796,0.2105017453432083,0.15309937298297882,0.044586680829524994,0.09832271933555603,0.021621130406856537,0.1291094720363617,0.07693146169185638
ZJ018849,0.9674258828163147,0.0061051128432154655,0.0017998152179643512,0.005637407302856445,0.006620875559747219,0.004609469324350357,0.003824209328740835,0.003977199085056782
ZJ018850,0.15803594887256622,0.1645413339138031,0.13937997817993164,0.03699492663145065,0.13019749522209167,0.06760042160749435,0.20514823496341705,0.09810159355401993
ZJ018851,0.048555560410022736,0.40788379311561584,0.015435892157256603,0.07083973288536072,0.041134193539619446,0.05278223380446434,0.06274424493312836,0.3006243109703064
ZJ018852,0.9628205895423889,0.006288538221269846,0.0018643138464540243,0.005581102333962917,0.006619564723223448,0.006168982945382595,0.00576135003939271,0.004895536229014397
ZJ018853,0.2962612509727478,0.03378494083881378,0.0038914501201361418,0.04420645162463188,0.053655821830034256,0.12781362235546112,0.3892892301082611,0.05109725892543793
ZJ018854,0.004897925071418285,0.006173218134790659,0.0032226713374257088,0.007574271876364946,0.004878814332187176,0.006068441551178694,0.9577457904815674,0.009438841603696346
ZJ018855,0.2565658986568451,0.2815859317779541,0.13145653903484344,0.02335384488105774,0.10715849697589874,0.01964087225496769,0.12109064310789108,0.05914776027202606
ZJ018856,0.1830722838640213,0.10737954825162888,0.42123332619667053,0.06140826642513275,0.08415058255195618,0.028244366869330406,0.022567538544535637,0.09194409102201462
ZJ018857,0.014249888248741627,0.009392795152962208,0.0011755721643567085,0.04260699078440666,0.00965371634811163,0.8948575854301453,0.01662985421717167,0.011433706618845463
ZJ018858,0.22444286942481995,0.15855075418949127,0.4130457043647766,0.01702190935611725,0.07279327511787415,0.01574045792222023,0.05681786313652992,0.041587188839912415
ZJ018859,0.0175323486328125,0.8086127042770386,0.004403330385684967,0.01564708910882473,0.01787090301513672,0.015049989335238934,0.09822479635477066,0.02265876531600952
ZJ018860,0.12377100437879562,0.21074308454990387,0.030632777139544487,0.023892730474472046,0.0765797421336174,0.027797402814030647,0.4374440908432007,0.06913909316062927
ZJ018861,0.19229979813098907,0.1897699385881424,0.36379650235176086,0.019867265596985817,0.056045860052108765,0.03706658259034157,0.09812372922897339,0.04303031414747238
ZJ018862,0.1431931108236313,0.055495135486125946,0.12245183438062668,0.12794825434684753,0.0942389965057373,0.031987275928258896,0.09805923700332642,0.32662612199783325
ZJ018863,0.27398577332496643,0.14257454872131348,0.3816465735435486,0.0265838410705328,0.06154570356011391,0.02060903236269951,0.06531641632318497,0.027738066390156746
ZJ018864,0.011412751860916615,0.6570025086402893,0.0030435901135206223,0.04572002589702606,0.01854548417031765,0.02088574692606926,0.05882686376571655,0.1845630556344986
ZJ018865,0.05661972612142563,0.15013518929481506,0.2871767580509186,0.01913278177380562,0.11738575249910355,0.2816750109195709,0.04903088137507439,0.038843926042318344
ZJ018866,0.14624105393886566,0.04380739852786064,0.585479199886322,0.06975031644105911,0.04392270743846893,0.015646658837795258,0.018709585070610046,0.07644307613372803
ZJ018867,0.03255762904882431,0.02197892963886261,0.00873557198792696,0.05527874454855919,0.02082187496125698,0.01219766866415739,0.017723580822348595,0.830706000328064
ZJ018868,0.01175046805292368,0.009840797632932663,0.003510842565447092,0.007258727215230465,0.01084564346820116,0.9339187145233154,0.012852783314883709,0.010022006928920746
ZJ018869,0.040067609399557114,0.03635479509830475,0.043941665440797806,0.012134912423789501,0.017782088369131088,0.01063974853605032,0.8074129819869995,0.03166623413562775
ZJ018870,0.9408290982246399,0.009982817806303501,0.002304822439327836,0.00937692541629076,0.013834296725690365,0.0068116323091089725,0.00624817842617631,0.010612313635647297
ZJ018871,0.155292809009552,0.25504523515701294,0.4326362907886505,0.020068692043423653,0.053988467901945114,0.02584652043879032,0.04105463996529579,0.016067344695329666
ZJ018872,0.10782717168331146,0.03201865777373314,0.7117652893066406,0.042513445019721985,0.030777323991060257,0.007845019921660423,0.023795219138264656,0.043457891792058945
ZJ018873,0.00957833044230938,0.009791098535060883,0.0023845077957957983,0.009887673892080784,0.011028291657567024,0.9294896721839905,0.013501236215233803,0.014339223504066467
ZJ018874,0.9637759923934937,0.006808463018387556,0.0016845918726176023,0.006621812470257282,0.006082024425268173,0.004294221755117178,0.006141549441963434,0.004591356031596661
ZJ018875,0.02347669191658497,0.8846740126609802,0.005209734663367271,0.01629912480711937,0.012807796709239483,0.00980630237609148,0.03683820366859436,0.010888220742344856
ZJ018876,0.2789192199707031,0.10915423929691315,0.40526682138442993,0.03199917450547218,0.07229991257190704,0.015147766098380089,0.02849872224032879,0.05871419236063957
ZJ018877,0.02691296674311161,0.8953253626823425,0.004553159233182669,0.03240588679909706,0.012011225335299969,0.010469955392181873,0.009451358579099178,0.008869974873960018
ZJ018878,0.16352175176143646,0.10480716079473495,0.5090786218643188,0.029808472841978073,0.08776994794607162,0.0222379881888628,0.05438435077667236,0.028391661122441292
ZJ018879,0.0065156095661222935,0.9430017471313477,0.003374065039679408,0.012708240188658237,0.008815682493150234,0.009558310732245445,0.007764533162117004,0.008261810056865215
ZJ018880,0.021762875840067863,0.9127383828163147,0.0016782633028924465,0.0177835114300251,0.009084717370569706,0.011756392195820808,0.015425988472998142,0.009769921191036701
ZJ018881,0.1352953314781189,0.1521609127521515,0.002899640239775181,0.08936027437448502,0.030025437474250793,0.03230943903326988,0.4831867516040802,0.07476222515106201
ZJ018882,0.024392180144786835,0.020036574453115463,0.007870014756917953,0.015981338918209076,0.03536023944616318,0.8383316993713379,0.03454767167568207,0.023480279371142387
ZJ018883,0.022003857418894768,0.019269730895757675,0.00750674307346344,0.013159154914319515,0.03199257329106331,0.8620315790176392,0.024740371853113174,0.019295906648039818
ZJ018884,0.020048383623361588,0.009304358623921871,0.0021555772982537746,0.017738590016961098,0.010438473895192146,0.012145950458943844,0.03264990821480751,0.8955187201499939
ZJ018885,0.1628367006778717,0.045496728271245956,0.05437370389699936,0.14665330946445465,0.05967855826020241,0.040087368339300156,0.0800185352563858,0.41085508465766907
ZJ018886,0.6424820423126221,0.01719820499420166,0.00497379619628191,0.012363646179437637,0.28067389130592346,0.008968142792582512,0.0130688501521945,0.02027144841849804
ZJ018887,0.09750807285308838,0.13481633365154266,0.04085105285048485,0.031062686815857887,0.05238159000873566,0.029931550845503807,0.5262402296066284,0.08720844238996506
ZJ018888,0.22700975835323334,0.10405629873275757,0.17623768746852875,0.10693282634019852,0.13504678010940552,0.027349496260285378,0.05194194242358208,0.1714252382516861
ZJ018889,0.009490094147622585,0.006255557294934988,0.0018820917466655374,0.006699387915432453,0.008029625751078129,0.007541556842625141,0.9510864019393921,0.009015299379825592
ZJ018890,0.009146582335233688,0.015357397496700287,0.004765806253999472,0.00771638797596097,0.012528828345239162,0.9327690005302429,0.009863373823463917,0.007852560840547085
ZJ018891,0.2549755573272705,0.1866357922554016,0.15308170020580292,0.048961106687784195,0.10900135338306427,0.024934686720371246,0.13531097769737244,0.08709874004125595
ZJ018892,0.038545265793800354,0.03337156027555466,0.013069206848740578,0.02241688407957554,0.05195283517241478,0.7651779055595398,0.03420675918459892,0.04125954583287239
ZJ018893,0.020840654149651527,0.8953389525413513,0.005575814284384251,0.011479830369353294,0.017850542441010475,0.019872650504112244,0.014645788818597794,0.014395713806152344
ZJ018894,0.17855291068553925,0.1426457166671753,0.4304611384868622,0.023278264328837395,0.08747044950723648,0.030321836471557617,0.05664292350411415,0.05062682926654816
ZJ018895,0.11501912027597427,0.09073734283447266,0.5945940613746643,0.049549657851457596,0.02628510631620884,0.012612931430339813,0.036559633910655975,0.07464209944009781
ZJ018896,0.013617645017802715,0.8928638696670532,0.007426212076097727,0.030049076303839684,0.015619496814906597,0.014585647732019424,0.011173226870596409,0.014664772897958755
ZJ018897,0.14278201758861542,0.04799222573637962,0.33926036953926086,0.08460939675569534,0.02979581244289875,0.009921842254698277,0.04646281525492668,0.29917553067207336
ZJ018898,0.02928796410560608,0.02161887101829052,0.008138610981404781,0.05289671570062637,0.04501069337129593,0.03231460601091385,0.034558504819869995,0.7761741280555725
ZJ018899,0.009439359419047832,0.9283680319786072,0.0029641706496477127,0.01308111660182476,0.012227806262671947,0.014176646247506142,0.008243180811405182,0.011499724350869656
ZJ018900,0.18616876006126404,0.1151755303144455,0.5088691115379333,0.014956201426684856,0.08721990883350372,0.01140893716365099,0.05941753834486008,0.016783997416496277
ZJ018901,0.9615852236747742,0.006292541045695543,0.0018254058668389916,0.006739618256688118,0.00514029897749424,0.005423146300017834,0.006692000199109316,0.006301660556346178
ZJ018902,0.12021937966346741,0.1145378053188324,0.5999203324317932,0.015137984417378902,0.05353710427880287,0.01582764834165573,0.043883103877305984,0.03693663701415062
ZJ018903,0.21716026961803436,0.16191332042217255,0.4092879891395569,0.023929676041007042,0.10539311170578003,0.020176488906145096,0.04030076786875725,0.02183842472732067
ZJ018904,0.14201587438583374,0.18375442922115326,0.261616587638855,0.03792345151305199,0.12038914114236832,0.10844507813453674,0.09531886875629425,0.050536591559648514
ZJ018905,0.9592819809913635,0.008135952986776829,0.0018989460077136755,0.008003714494407177,0.005751762539148331,0.004302285611629486,0.004869728349149227,0.007755617145448923
ZJ018906,0.20652706921100616,0.1483568698167801,0.42272332310676575,0.03133910521864891,0.09437913447618484,0.01858438178896904,0.05713034048676491,0.02095983736217022
ZJ018907,0.2376786172389984,0.165813148021698,0.1962672770023346,0.024165449663996696,0.0655737817287445,0.023295646533370018,0.19993866980075836,0.08726748824119568
ZJ018908,0.1680205911397934,0.19703936576843262,0.4289761185646057,0.018037425354123116,0.08263383060693741,0.01675785332918167,0.07223283499479294,0.016301950439810753
ZJ018909,0.11586374789476395,0.09571482241153717,0.02320736087858677,0.0399620346724987,0.0633367970585823,0.030738871544599533,0.031108716502785683,0.600067675113678
ZJ018910,0.005943020805716515,0.009037276729941368,0.0036203134804964066,0.012579258531332016,0.011476488783955574,0.020580308511853218,0.9220958948135376,0.014667452313005924
ZJ018911,0.010450901463627815,0.0027282079681754112,0.0018879713024944067,0.00566559424623847,0.00372119527310133,0.004509126767516136,0.9639840126037598,0.007053006440401077
ZJ018912,0.11820157617330551,0.09388236701488495,0.29366424679756165,0.0531536303460598,0.07841357588768005,0.011510626412928104,0.1108042523264885,0.2403697371482849
ZJ018913,0.005834009498357773,0.9476991295814514,0.0038220875430852175,0.010266060940921307,0.0094320522621274,0.011343349702656269,0.004802269861102104,0.006801155395805836
ZJ018914,0.2676915228366852,0.13931438326835632,0.3876371681690216,0.02203061617910862,0.06763534992933273,0.01612819917500019,0.07566921412944794,0.023893501609563828
ZJ018915,0.004733891226351261,0.006144939921796322,0.0023340603802353144,0.004924296867102385,0.003707088530063629,0.005108983721584082,0.9679017663002014,0.005144952796399593
ZJ018916,0.2808910608291626,0.16255436837673187,0.32312703132629395,0.02819417044520378,0.08460361510515213,0.02349829114973545,0.05109909549355507,0.04603228345513344
ZJ018917,0.010056769475340843,0.9178606867790222,0.008055933751165867,0.02278292179107666,0.011010163463652134,0.013616089709103107,0.007230847608298063,0.009386491030454636
ZJ018918,0.015875909477472305,0.8699754476547241,0.004168844781816006,0.011282459832727909,0.010715842247009277,0.014269834384322166,0.05115535110235214,0.022556301206350327
ZJ018919,0.12870725989341736,0.24490098655223846,0.17870676517486572,0.03965577483177185,0.1127951443195343,0.06495796889066696,0.10412001609802246,0.12615610659122467
ZJ018920,0.17618761956691742,0.08537611365318298,0.4373311400413513,0.037140268832445145,0.11535017937421799,0.025329062715172768,0.03082338720560074,0.0924621969461441
ZJ018921,0.09413103014230728,0.0982644259929657,0.014304525218904018,0.07885945588350296,0.10925432294607162,0.037617117166519165,0.30586132407188416,0.2617078125476837
ZJ018922,0.02474152110517025,0.013715176843106747,0.0022985602263361216,0.014525068923830986,0.012648509815335274,0.01404193602502346,0.02317802421748638,0.8948512077331543
ZJ018923,0.9449619650840759,0.00851993914693594,0.0016393093392252922,0.010625177063047886,0.006429154891520739,0.007209054660052061,0.01431826688349247,0.006297096610069275
ZJ018924,0.005527568515390158,0.004275857005268335,0.002145003993064165,0.00641478318721056,0.0033914593514055014,0.004455188754945993,0.9685031771659851,0.005286982748657465
ZJ018925,0.015316053293645382,0.015242846682667732,0.0070874327793717384,0.009246399626135826,0.02789921872317791,0.8975047469139099,0.012110341340303421,0.015592945739626884
ZJ018926,0.03296281769871712,0.04978281259536743,0.01291708741337061,0.026106083765625954,0.05797595530748367,0.03700803592801094,0.6359469294548035,0.1473003476858139
ZJ018927,0.14375993609428406,0.06668321788311005,0.6588663458824158,0.012681415304541588,0.06473094969987869,0.008313935250043869,0.03132520988583565,0.013638986274600029
ZJ018928,0.28235891461372375,0.012406783178448677,0.0014561745338141918,0.015546629205346107,0.013462412171065807,0.010743042454123497,0.6445540189743042,0.019472040235996246
ZJ018929,0.9270299673080444,0.012125246226787567,0.0025973746087402105,0.008406216278672218,0.024329693987965584,0.007238761521875858,0.010039876215159893,0.008232882246375084
ZJ018930,0.20547911524772644,0.1392739713191986,0.47639456391334534,0.02301822416484356,0.08618640899658203,0.014693796634674072,0.029524382203817368,0.02542952634394169
ZJ018931,0.2798950970172882,0.08815137296915054,0.4887544512748718,0.013744980096817017,0.06273502111434937,0.00725560262799263,0.03584146499633789,0.0236219335347414
ZJ018932,0.13888543844223022,0.04895201697945595,0.4334714114665985,0.1008780375123024,0.032725609838962555,0.010065203532576561,0.049990445375442505,0.18503183126449585
ZJ018933,0.0068468437530100346,0.943396806716919,0.0035802966449409723,0.009597818367183208,0.007324709556996822,0.010498383082449436,0.010147985070943832,0.008607105351984501
ZJ018934,0.014787075109779835,0.011327680200338364,0.0028336811810731888,0.00613437918946147,0.010410008020699024,0.9301124811172485,0.01534094475209713,0.00905384961515665
ZJ018935,0.12189564853906631,0.0819464698433876,0.5356811881065369,0.034608542919158936,0.08647408336400986,0.007305331528186798,0.08186514675617218,0.05022360756993294
ZJ018936,0.22707945108413696,0.10271431505680084,0.5195388197898865,0.011729220859706402,0.045131273567676544,0.011081007309257984,0.05711674317717552,0.02560914307832718
ZJ018937,0.2629915773868561,0.16354037821292877,0.415328711271286,0.01881180889904499,0.06762423366308212,0.011702466756105423,0.04375439137220383,0.01624647155404091
ZJ018938,0.024096569046378136,0.01979643665254116,0.007964307442307472,0.015393245965242386,0.035646263509988785,0.8399415612220764,0.03413175791501999,0.023029843345284462
ZJ018939,0.06782805174589157,0.537208616733551,0.0444030798971653,0.02434580959379673,0.05412093177437782,0.027137480676174164,0.11207389831542969,0.13288207352161407
ZJ018940,0.9268253445625305,0.00650597270578146,0.0030594044364988804,0.012823458760976791,0.02620408497750759,0.008365598507225513,0.009606299921870232,0.0066098738461732864
ZJ018941,0.14737913012504578,0.10433397442102432,0.6242824792861938,0.013691526837646961,0.05245457589626312,0.010041425935924053,0.022603129968047142,0.025213738903403282
ZJ018942,0.02170976623892784,0.7800933718681335,0.002860594540834427,0.01895933970808983,0.01898670196533203,0.015197054482996464,0.09021975100040436,0.051973436027765274
ZJ018943,0.058653973042964935,0.023358367383480072,0.0038177426904439926,0.23736190795898438,0.03192814067006111,0.06604991108179092,0.04890964925289154,0.5299202799797058
ZJ018944,0.9467965364456177,0.00937294214963913,0.0015460886061191559,0.00751948868855834,0.009581918828189373,0.008271918632090092,0.011798974126577377,0.005112096667289734
ZJ018945,0.15701033174991608,0.06434691697359085,0.5148282051086426,0.03555929660797119,0.04948773235082626,0.0587867870926857,0.041369929909706116,0.078610859811306
ZJ018946,0.0694887712597847,0.036828987300395966,0.8127142190933228,0.018896235153079033,0.019704394042491913,0.005362057127058506,0.020388294011354446,0.0166170634329319
ZJ018947,0.007599840871989727,0.9327006340026855,0.003977879416197538,0.014922860078513622,0.010492502711713314,0.013997815549373627,0.0074165621772408485,0.008891882374882698
ZJ018948,0.11981622874736786,0.37203866243362427,0.16390912234783173,0.03029644303023815,0.09616414457559586,0.01956046372652054,0.10118935257196426,0.09702558815479279
ZJ018949,0.27083390951156616,0.20001263916492462,0.08823709189891815,0.051641713827848434,0.10115332156419754,0.024463733658194542,0.13606654107570648,0.1275910586118698
ZJ018950,0.05057685449719429,0.033757131546735764,0.76949542760849,0.016670839861035347,0.06720144301652908,0.013920373283326626,0.015575903467833996,0.03280201554298401
ZJ018951,0.08056420832872391,0.11805759370326996,0.5487945079803467,0.0221474040299654,0.06991766393184662,0.008868072181940079,0.1105480045080185,0.04110253229737282
ZJ018952,0.002851535566151142,0.0030830453615635633,0.0028496149461716413,0.008070548065006733,0.003945439588278532,0.004039186052978039,0.9639186263084412,0.011242073960602283
ZJ018953,0.17590026557445526,0.19560003280639648,0.44524046778678894,0.020272856578230858,0.07387483865022659,0.010697017423808575,0.053014855831861496,0.02539963461458683
ZJ018954,0.009712672792375088,0.027470145374536514,0.001798224519006908,0.011102141812443733,0.011212184093892574,0.01086203008890152,0.905597448348999,0.022245211526751518
ZJ018955,0.005454378202557564,0.014180234633386135,0.0026128124445676804,0.0073586758226156235,0.007113419007509947,0.015294644050300121,0.9356760382652283,0.012309696525335312
ZJ018956,0.014236681163311005,0.024158524349331856,0.004862596280872822,0.013699352741241455,0.0133166229352355,0.8952473402023315,0.02061009220778942,0.013868764042854309
ZJ018957,0.015155925415456295,0.02693953923881054,0.005689945071935654,0.019449351355433464,0.01950281299650669,0.013704655691981316,0.02301577664911747,0.8765419125556946
ZJ018958,0.2911356985569,0.15244746208190918,0.3824666142463684,0.016048450022935867,0.05981021374464035,0.017154231667518616,0.060719262808561325,0.020218124613165855
ZJ018959,0.9630768299102783,0.005911393091082573,0.002102229278534651,0.006284341681748629,0.006434588227421045,0.005348868202418089,0.005301518831402063,0.005540190264582634
ZJ018960,0.03303086757659912,0.0187583789229393,0.008992941118776798,0.37886762619018555,0.032826874405145645,0.03145371749997139,0.13971024751663208,0.3563593029975891
ZJ018961,0.17069201171398163,0.11519454419612885,0.028473062440752983,0.13985446095466614,0.10237187892198563,0.1883114129304886,0.17493019998073578,0.08017247170209885
ZJ018962,0.9182394742965698,0.02228596620261669,0.0018164986977353692,0.011661848053336143,0.009209208190441132,0.009965945035219193,0.014500061050057411,0.012321043759584427
ZJ018963,0.19079439342021942,0.14683111011981964,0.4403751790523529,0.020186221227049828,0.09827987104654312,0.01858511194586754,0.05774058774113655,0.0272075105458498
ZJ018964,0.13934853672981262,0.11971540749073029,0.3205769658088684,0.06796874105930328,0.10611099749803543,0.055775031447410583,0.06206059455871582,0.12844374775886536
ZJ018965,0.09656974673271179,0.6791203618049622,0.05281773582100868,0.016175473108887672,0.05647747963666916,0.022098200395703316,0.03793809562921524,0.03880291432142258
ZJ018966,0.01793663017451763,0.012774325907230377,0.0031559851486235857,0.009092368185520172,0.021693266928195953,0.9089663028717041,0.015558448620140553,0.010822721756994724
ZJ018967,0.006344485562294722,0.9278793931007385,0.002933586249127984,0.00883537158370018,0.009252726100385189,0.017785731703042984,0.015914546325802803,0.011054226197302341
ZJ018968,0.2077125608921051,0.08628261834383011,0.4835490584373474,0.026255903765559196,0.08948522806167603,0.01573880948126316,0.04248606413602829,0.04848981648683548
ZJ018969,0.2656397223472595,0.15497371554374695,0.4128668010234833,0.02321735955774784,0.06652262806892395,0.01352802012115717,0.045279573649168015,0.017972150817513466
ZJ018970,0.11364656686782837,0.09817545861005783,0.483196496963501,0.03616786003112793,0.1017272025346756,0.03694227337837219,0.06914235651493073,0.06100171431899071
ZJ018971,0.013182236813008785,0.033943843096494675,0.004147450439631939,0.07754883915185928,0.02211819589138031,0.048600275069475174,0.6451503038406372,0.15530887246131897
ZJ018972,0.19976922869682312,0.14677754044532776,0.4888477027416229,0.0201015193015337,0.0721784383058548,0.013608083128929138,0.034777604043483734,0.023939834907650948
ZJ018973,0.018070297315716743,0.01476758997887373,0.0021061229053884745,0.02028578333556652,0.0146253677085042,0.8938104510307312,0.020062940195202827,0.016271337866783142
ZJ018974,0.22138412296772003,0.1992446631193161,0.33065468072891235,0.014355964958667755,0.06592533737421036,0.012940838932991028,0.10294950008392334,0.052544914186000824
ZJ018975,0.225760355591774,0.15094739198684692,0.44898271560668945,0.015464995056390762,0.08736032247543335,0.012260187417268753,0.033846694976091385,0.0253773033618927
ZJ018976,0.22079794108867645,0.23486480116844177,0.07207037508487701,0.05912000313401222,0.09948588162660599,0.03273877874016762,0.15782134234905243,0.12310086190700531
ZJ018977,0.9473778009414673,0.006006797309964895,0.0014139310223981738,0.006708553526550531,0.0050082881934940815,0.005934217944741249,0.021782172843813896,0.005768225062638521
ZJ018978,0.014664225280284882,0.8255195021629333,0.003247421234846115,0.022993633523583412,0.01230878196656704,0.01674838922917843,0.04119759052991867,0.06332040578126907
ZJ018979,0.024554891511797905,0.027671929448843002,0.005361421965062618,0.017567351460456848,0.018358081579208374,0.8600363731384277,0.02680663764476776,0.019643381237983704
ZJ018980,0.007319037336856127,0.010581834241747856,0.00296295084990561,0.010166729800403118,0.00937772635370493,0.011960603296756744,0.013988750986754894,0.9336423873901367
ZJ018981,0.11459909379482269,0.056503795087337494,0.17670884728431702,0.11103532463312149,0.12406964600086212,0.03285598009824753,0.1104375571012497,0.27378979325294495
ZJ018982,0.14562110602855682,0.048806723207235336,0.5091509222984314,0.07839545607566833,0.0533360093832016,0.030498169362545013,0.019876431673765182,0.11431515961885452
ZJ018983,0.4947855472564697,0.025407196953892708,0.006070408038794994,0.2252553105354309,0.17324896156787872,0.02161126583814621,0.03075791709125042,0.022863371297717094
ZJ018984,0.09892906993627548,0.09667742252349854,0.41908079385757446,0.06916894018650055,0.07716821134090424,0.04877365380525589,0.03208436444401741,0.15811745822429657
ZJ018985,0.13044089078903198,0.26357221603393555,0.45271462202072144,0.020571652799844742,0.04490933567285538,0.026587456464767456,0.04439553618431091,0.016808409243822098
ZJ018986,0.2829921841621399,0.1464368849992752,0.08475913852453232,0.06253064423799515,0.09455930441617966,0.03608451411128044,0.15682236850261688,0.13581500947475433
ZJ018987,0.2286214679479599,0.13090863823890686,0.4122554659843445,0.014227388426661491,0.08820939809083939,0.025452326983213425,0.06866852939128876,0.03165671229362488
ZJ018988,0.005133927334100008,0.0065047661773860455,0.00359164085239172,0.012993958778679371,0.008162983693182468,0.009666784666478634,0.9242175817489624,0.02972833812236786
ZJ018989,0.24554158747196198,0.25041866302490234,0.3465835750102997,0.016663532704114914,0.05957632511854172,0.0144327562302351,0.04433385282754898,0.0224496740847826
ZJ018990,0.18865445256233215,0.15242639183998108,0.31977322697639465,0.026367798447608948,0.04002082720398903,0.12622614204883575,0.05967722833156586,0.08685393631458282
ZJ018991,0.01689118891954422,0.004572493489831686,0.0017827044939622283,0.006181121803820133,0.004230986814945936,0.0053469156846404076,0.9515854120254517,0.009409238584339619
ZJ018992,0.014739003963768482,0.8978888988494873,0.006994573399424553,0.013036973774433136,0.013982070609927177,0.01708132028579712,0.018233871087431908,0.018043220043182373
ZJ018993,0.8422786593437195,0.01043488085269928,0.008229563944041729,0.030779557302594185,0.013448650017380714,0.013004500418901443,0.05686400458216667,0.02496013417840004
ZJ018994,0.3245493471622467,0.10365916043519974,0.3576678931713104,0.023323284462094307,0.044410720467567444,0.021991407498717308,0.09209005534648895,0.032308198511600494
ZJ018995,0.017760707065463066,0.05674629658460617,0.004079474601894617,0.025038816034793854,0.030711743980646133,0.020169697701931,0.10990239679813385,0.7355908751487732
ZJ018996,0.01219945028424263,0.01423707976937294,0.0036304634995758533,0.013863963074982166,0.013982269912958145,0.014124724082648754,0.010723896324634552,0.917238175868988
ZJ018997,0.07643507421016693,0.03983115777373314,0.14735090732574463,0.28029391169548035,0.10084278881549835,0.1820557564496994,0.04293236508965492,0.13025808334350586
ZJ018998,0.12029748409986496,0.5425981879234314,0.03309742361307144,0.02925693802535534,0.04793812334537506,0.02438165433704853,0.16308380663394928,0.03934633359313011
ZJ018999,0.19749616086483002,0.1960754692554474,0.38372424244880676,0.01362587884068489,0.08212454617023468,0.026449427008628845,0.0713779628276825,0.029126301407814026
ZJ019000,0.006587224081158638,0.006644265726208687,0.0030155950225889683,0.9578466415405273,0.005139321554452181,0.004877636209130287,0.00860292837023735,0.00728644011542201
ZJ019001,0.9517916440963745,0.004629422910511494,0.0034374992828816175,0.009346996434032917,0.00646370742470026,0.006696817930787802,0.007541600614786148,0.0100923553109169
ZJ019002,0.1357470154762268,0.05983056128025055,0.6318416595458984,0.03885794058442116,0.05112075060606003,0.01256957184523344,0.02365315891802311,0.046379245817661285
ZJ019003,0.29587844014167786,0.15874484181404114,0.3436237573623657,0.022621169686317444,0.10757492482662201,0.016176490113139153,0.037283942103385925,0.01809646561741829
ZJ019004,0.07502665370702744,0.011242474429309368,0.002523886738345027,0.01822808012366295,0.012508739717304707,0.008444804698228836,0.01250331848859787,0.8595221042633057
ZJ019005,0.007535872980952263,0.011305290274322033,0.0014683115296065807,0.009428697638213634,0.008420934900641441,0.006596698425710201,0.9444483518600464,0.010795827023684978
ZJ019006,0.2376219630241394,0.022656703367829323,0.005271731875836849,0.01967117376625538,0.6557921767234802,0.011583789251744747,0.012243358418345451,0.03515911474823952
ZJ019007,0.9627054333686829,0.006919866893440485,0.0018532295944169164,0.007279529701918364,0.008157960139214993,0.00439068116247654,0.004472152329981327,0.004221098031848669
ZJ019008,0.008031469769775867,0.006649050861597061,0.002355898730456829,0.9399868249893188,0.004007960204035044,0.008623817004263401,0.010688051581382751,0.019656844437122345
ZJ019009,0.15251073241233826,0.23987999558448792,0.4309760630130768,0.019165916368365288,0.06333940476179123,0.027479561045765877,0.05014900118112564,0.0164993517100811
ZJ019010,0.15311765670776367,0.05340304598212242,0.3795822560787201,0.09920185804367065,0.03514893352985382,0.01208315510302782,0.05541335418820381,0.2120497226715088
ZJ019011,0.0120026720687747,0.007782840169966221,0.0030029278714209795,0.00752659747377038,0.009362923912703991,0.9435378313064575,0.008530985563993454,0.008253195323050022
ZJ019012,0.02054831013083458,0.008737331256270409,0.0017114249058067799,0.011937689036130905,0.010021308436989784,0.007797835860401392,0.9090267419815063,0.03021940402686596
ZJ019013,0.003724758280441165,0.004971542861312628,0.0032357387244701385,0.007865028455853462,0.004020757973194122,0.0059004356153309345,0.9635235071182251,0.006758173927664757
ZJ019014,0.19918395578861237,0.14269617199897766,0.43060946464538574,0.02566353790462017,0.08765494078397751,0.018402641639113426,0.04134932532906532,0.05443994700908661
ZJ019015,0.25382548570632935,0.04790542274713516,0.011965150944888592,0.04361338913440704,0.03941357508301735,0.02249378338456154,0.030962809920310974,0.5498203635215759
ZJ019016,0.9413263201713562,0.011211276054382324,0.004254328086972237,0.010162054561078548,0.008901798166334629,0.007379181683063507,0.007829935289919376,0.008935020305216312
ZJ019017,0.20511065423488617,0.11009515076875687,0.5227495431900024,0.020012320950627327,0.07485587149858475,0.012193504720926285,0.027275364845991135,0.02770756371319294
ZJ019018,0.15404380857944489,0.028971808031201363,0.024468718096613884,0.16349276900291443,0.0697181299328804,0.07793550193309784,0.06030304729938507,0.4210662543773651
ZJ019019,0.010648134164512157,0.010745921172201633,0.004516487009823322,0.02301287092268467,0.012874865904450417,0.03128913417458534,0.8718892931938171,0.035023339092731476
ZJ019020,0.008103867992758751,0.012764978222548962,0.00402100570499897,0.00666092848405242,0.009582241997122765,0.9447008371353149,0.007415918167680502,0.006750261411070824
ZJ019021,0.1625489741563797,0.07798906415700912,0.11679281294345856,0.12829658389091492,0.11951954662799835,0.03355760499835014,0.11029118299484253,0.2510041892528534
ZJ019022,0.9629507660865784,0.0072678253054618835,0.0015013031661510468,0.006435215938836336,0.0055174739100039005,0.004442285746335983,0.0048257033340632915,0.00705933291465044
ZJ019023,0.15517659485340118,0.16163499653339386,0.4807496964931488,0.01752900518476963,0.08870302885770798,0.010532104410231113,0.05082861706614494,0.034846022725105286
ZJ019024,0.9640987515449524,0.00810901541262865,0.0014331551501527429,0.006800378672778606,0.004475347697734833,0.004824471659958363,0.003604486119002104,0.006654444616287947
ZJ019025,0.9184153079986572,0.009848779067397118,0.0040999711491167545,0.010761468671262264,0.02978520095348358,0.007762864697724581,0.01289599109441042,0.006430374458432198
ZJ019026,0.21013140678405762,0.1736137419939041,0.43373382091522217,0.02812756784260273,0.07056576758623123,0.013339304365217686,0.04918871447443962,0.021299703046679497
ZJ019027,0.007434207014739513,0.9377557635307312,0.004120527766644955,0.014116806909441948,0.009816744364798069,0.010576997883617878,0.005122089292854071,0.01105673611164093
ZJ019028,0.22782495617866516,0.2530144453048706,0.020379111170768738,0.08150000870227814,0.04362904652953148,0.10120481252670288,0.0939742848277092,0.1784733384847641
ZJ019029,0.003818216035142541,0.0027403426356613636,0.0028346406761556864,0.005872200708836317,0.004080391954630613,0.006188640370965004,0.9618435502052307,0.012622003443539143
ZJ019030,0.19093111157417297,0.121868796646595,0.5194004774093628,0.026169532909989357,0.06707963347434998,0.018460465595126152,0.03924700245261192,0.01684296689927578
ZJ019031,0.014516414143145084,0.012429353781044483,0.0015282403910532594,0.013691790401935577,0.014444981701672077,0.9259254932403564,0.007637093309313059,0.009826602414250374
ZJ019032,0.1503552496433258,0.09704189002513885,0.044575318694114685,0.05101761594414711,0.08110801875591278,0.023265134543180466,0.44127872586250305,0.11135794967412949
ZJ019033,0.09049432724714279,0.08960723131895065,0.6039809584617615,0.037536654621362686,0.050543349236249924,0.012082596309483051,0.03463843837380409,0.08111647516489029
ZJ019034,0.4535166323184967,0.15859033167362213,0.15333308279514313,0.019107580184936523,0.06615057587623596,0.013384955003857613,0.1066167801618576,0.029300102964043617
ZJ019035,0.009699415415525436,0.009808585047721863,0.003929483238607645,0.008734242059290409,0.013819131068885326,0.9342451691627502,0.008647345006465912,0.011116634123027325
ZJ019036,0.18543791770935059,0.06959212571382523,0.456535667181015,0.04730521887540817,0.1093796044588089,0.01923929527401924,0.0220731683075428,0.09043703228235245
ZJ019037,0.004010731820017099,0.0029878951609134674,0.002839986700564623,0.005151379853487015,0.0035965426359325647,0.004497696179896593,0.9691464304924011,0.007769332733005285
ZJ019038,0.012306415475904942,0.010956451296806335,0.0032598325051367283,0.08986898511648178,0.01522092055529356,0.014806677587330341,0.020678473636507988,0.8329023122787476
ZJ019039,0.034080058336257935,0.809455156326294,0.012433923780918121,0.0271955206990242,0.02852184884250164,0.028335098177194595,0.01960035413503647,0.04037805274128914
ZJ019040,0.2367887794971466,0.06515122205018997,0.07590816915035248,0.030644308775663376,0.08413312584161758,0.03355948254466057,0.3767869770526886,0.0970279648900032
ZJ019041,0.9269461035728455,0.009080996736884117,0.002056191209703684,0.011030313558876514,0.010188722983002663,0.021556586027145386,0.014337767846882343,0.0048033082857728004
ZJ019042,0.014881719835102558,0.8925235271453857,0.0024479874409735203,0.011840450577437878,0.008900754153728485,0.010742437094449997,0.04006281495094299,0.018600286915898323
ZJ019043,0.06870414316654205,0.10677479207515717,0.23152028024196625,0.047983985394239426,0.11006609350442886,0.012077117338776588,0.3380752205848694,0.0847984105348587
ZJ019044,0.9590882658958435,0.008016834035515785,0.002123274141922593,0.007918928749859333,0.006294555030763149,0.004786068107932806,0.004962940700352192,0.006809137295931578
ZJ019045,0.10082368552684784,0.14644166827201843,0.3180910348892212,0.02558925747871399,0.13792216777801514,0.18344232439994812,0.04402722790837288,0.04366263002157211
ZJ019046,0.25848162174224854,0.17061331868171692,0.09139517694711685,0.05411912128329277,0.08985253423452377,0.026990776881575584,0.19450734555721283,0.11404009908437729
ZJ019047,0.00837134663015604,0.011194276623427868,0.003712309757247567,0.00651146424934268,0.00823158398270607,0.943976879119873,0.00924106314778328,0.00876111350953579
ZJ019048,0.15207500755786896,0.15426450967788696,0.401740700006485,0.03003036230802536,0.1199023500084877,0.029383232817053795,0.05191865563392639,0.0606851801276207
ZJ019049,0.01695430465042591,0.04836709797382355,0.004445115569978952,0.0581505224108696,0.043608710169792175,0.019361725077033043,0.377835214138031,0.431277334690094
ZJ019050,0.13818851113319397,0.12529104948043823,0.6315160393714905,0.010483038611710072,0.047497402876615524,0.006157672498375177,0.023512106388807297,0.017354197800159454
ZJ019051,0.011481263674795628,0.9278358817100525,0.002754500601440668,0.01780674420297146,0.007963250391185284,0.011089258827269077,0.011509339325129986,0.009559638798236847
ZJ019052,0.8622694611549377,0.03662858158349991,0.0019019580213353038,0.01367049291729927,0.012304617092013359,0.01686170883476734,0.04571085423231125,0.010652318596839905
ZJ019053,0.006387931760400534,0.00880616158246994,0.0023287497460842133,0.9537444710731506,0.005437599960714579,0.007675353437662125,0.0082223666831851,0.007397311273962259
ZJ019054,0.1586880087852478,0.12146013230085373,0.48927515745162964,0.018674330785870552,0.0804569348692894,0.02158465050160885,0.07969719171524048,0.030163627117872238
ZJ019055,0.003362177172675729,0.0026032726746052504,0.0029065089765936136,0.005752563942223787,0.0036456172820180655,0.0035796575248241425,0.972176194190979,0.0059740920551121235
ZJ019056,0.09681738913059235,0.21936456859111786,0.01568133383989334,0.16759081184864044,0.18723377585411072,0.07383560389280319,0.07902277261018753,0.16045375168323517
ZJ019057,0.16797737777233124,0.20085981488227844,0.07866133749485016,0.059075359255075455,0.12004374712705612,0.03239443525671959,0.12068529427051544,0.22030264139175415
ZJ019058,0.048264630138874054,0.03388861566781998,0.003262326354160905,0.03266717121005058,0.02944745123386383,0.04062333703041077,0.753994882106781,0.05785152316093445
ZJ019059,0.1072428897023201,0.076841801404953,0.566403865814209,0.05018479749560356,0.03313976526260376,0.013917756266891956,0.032706696540117264,0.11956238746643066
ZJ019060,0.0064481995068490505,0.018694670870900154,0.0022172376047819853,0.0068013835698366165,0.003966016229242086,0.006411985494196415,0.9470663666725159,0.008394167758524418
ZJ019061,0.24870413541793823,0.6051284670829773,0.0021708428394049406,0.022416984662413597,0.020955737680196762,0.027916979044675827,0.054887037724256516,0.017819760367274284
ZJ019062,0.26483842730522156,0.17329634726047516,0.034241147339344025,0.08173058182001114,0.04831593856215477,0.08142928034067154,0.13294345140457153,0.18320482969284058
ZJ019063,0.004530292935669422,0.004125939216464758,0.002125606406480074,0.007900523021817207,0.003801249200478196,0.004711651708930731,0.9651514291763306,0.0076531642116606236
ZJ019064,0.7758268713951111,0.026131846010684967,0.010043403133749962,0.014742130413651466,0.03165435045957565,0.009469324722886086,0.11168117821216583,0.02045084908604622
ZJ019065,0.31772464513778687,0.15719394385814667,0.34902697801589966,0.015945199877023697,0.07618680596351624,0.013905996456742287,0.045939862728118896,0.0240765567868948
ZJ019066,0.9420507550239563,0.008152855560183525,0.00200243410654366,0.012521668337285519,0.010793288238346577,0.006621908862143755,0.007923317141830921,0.009933740831911564
ZJ019067,0.07994811236858368,0.11455990374088287,0.16661681234836578,0.10794033855199814,0.19649755954742432,0.08612249046564102,0.07040021568536758,0.177914559841156
ZJ019068,0.30038338899612427,0.14406029880046844,0.15111802518367767,0.017765000462532043,0.0626114010810852,0.01818966306746006,0.25592657923698425,0.04994566738605499
ZJ019069,0.006778866518288851,0.006807481870055199,0.0023373120930045843,0.9565339088439941,0.003769621718674898,0.009691714309155941,0.006523939315229654,0.0075572170317173
ZJ019070,0.9449918866157532,0.010306155309081078,0.0020728339441120625,0.009600202552974224,0.007646988146007061,0.005467498209327459,0.011429360136389732,0.008485029451549053
ZJ019071,0.15688316524028778,0.15034577250480652,0.47008681297302246,0.022259362041950226,0.10431934893131256,0.01624237187206745,0.046390555799007416,0.03347264602780342
ZJ019072,0.005989537574350834,0.9362742304801941,0.0033423975110054016,0.009053321555256844,0.005620270501822233,0.015387247316539288,0.011866373009979725,0.012466583400964737
ZJ019073,0.016517797484993935,0.01820303685963154,0.006259798537939787,0.011198999360203743,0.021388662979006767,0.8784548044204712,0.02972976677119732,0.018247107043862343
ZJ019074,0.19176027178764343,0.048236213624477386,0.4751880168914795,0.07724857330322266,0.0627896636724472,0.027225833386182785,0.02148517593741417,0.0960661992430687
ZJ019075,0.009334427304565907,0.01037508249282837,0.008853715844452381,0.0056379386223852634,0.009829926304519176,0.9366695284843445,0.0078031448647379875,0.011496240273118019
ZJ019076,0.2634128928184509,0.14834150671958923,0.38548246026039124,0.020909689366817474,0.06060003489255905,0.01054087933152914,0.07730567455291748,0.03340683877468109
ZJ019077,0.32807496190071106,0.12349280714988708,0.30852198600769043,0.025329044088721275,0.06628590822219849,0.019883496686816216,0.0937478318810463,0.03466395288705826
ZJ019078,0.00939645990729332,0.013525852002203465,0.006695194635540247,0.006642905529588461,0.011061973869800568,0.9360363483428955,0.00846780277788639,0.008173313923180103
ZJ019079,0.06281222403049469,0.08122024685144424,0.059033047407865524,0.021952062845230103,0.07887227088212967,0.02804476208984852,0.5112820863723755,0.1567832976579666
ZJ019080,0.11796454340219498,0.08229313790798187,0.4274809658527374,0.04379593953490257,0.06884602457284927,0.008753187023103237,0.1069951206445694,0.14387112855911255
ZJ019081,0.0041848476976156235,0.0065526762045919895,0.002289749216288328,0.0052141896449029446,0.0034503054339438677,0.004764071200042963,0.9672986268997192,0.006245551165193319
ZJ019082,0.012649069540202618,0.011437416076660156,0.0026254826225340366,0.008911848068237305,0.01583758182823658,0.9226978421211243,0.01628829352557659,0.009552482515573502
ZJ019083,0.8838617205619812,0.02405536361038685,0.0041915299370884895,0.010482342913746834,0.04408668354153633,0.008154611103236675,0.010347975417971611,0.014819708652794361
ZJ019084,0.7855226993560791,0.014876607805490494,0.001569721382111311,0.021454893052577972,0.013309570960700512,0.012844313867390156,0.12193388491868973,0.028488319367170334
ZJ019085,0.11947974562644958,0.1501915156841278,0.09371758252382278,0.06491599231958389,0.13289478421211243,0.11836327612400055,0.13097858428955078,0.18945848941802979
ZJ019086,0.2196965515613556,0.10457785427570343,0.4903683066368103,0.021942269057035446,0.08068700134754181,0.01038458663970232,0.04855836182832718,0.0237850621342659
ZJ019087,0.005190326366573572,0.008316968567669392,0.00461813947185874,0.02656233124434948,0.01401984877884388,0.009497551247477531,0.8745801448822021,0.05721474811434746
ZJ019088,0.013421363197267056,0.9198984503746033,0.005417926236987114,0.013691284693777561,0.013475274667143822,0.012212676927447319,0.012416018173098564,0.009466981515288353
ZJ019089,0.21793438494205475,0.23154117166996002,0.3678753972053528,0.01741083525121212,0.0793130025267601,0.015663323923945427,0.051074832677841187,0.019187090918421745
ZJ019090,0.003574299393221736,0.004470209591090679,0.0026754429563879967,0.007257641293108463,0.004305683542042971,0.005477303173393011,0.9549357295036316,0.017303653061389923
ZJ019091,0.027105432003736496,0.0088649932295084,0.008967298083007336,0.21707722544670105,0.02189687266945839,0.014916318468749523,0.05707414075732231,0.6440977454185486
ZJ019092,0.0066738370805978775,0.9356951713562012,0.004139312077313662,0.013300159014761448,0.00806012935936451,0.011467240750789642,0.008899655193090439,0.011764614842832088
ZJ019093,0.012302972376346588,0.8986362814903259,0.010276077315211296,0.022696172818541527,0.01861041970551014,0.01674719713628292,0.009754213504493237,0.010976634919643402
ZJ019094,0.16722609102725983,0.08122757077217102,0.06554978340864182,0.11243657767772675,0.09811937808990479,0.040391236543655396,0.13601693511009216,0.29903244972229004
ZJ019095,0.9541652798652649,0.009055211208760738,0.0023494139313697815,0.009976466186344624,0.006795940920710564,0.005882745608687401,0.005534880794584751,0.0062401373870670795
ZJ019096,0.18014328181743622,0.012732456438243389,0.0025158661883324385,0.012158818542957306,0.019388418644666672,0.012422597967088223,0.7314878106117249,0.029150700196623802
ZJ019097,0.9557315707206726,0.006266848184168339,0.0016308319754898548,0.008799205534160137,0.006336814723908901,0.007797969039529562,0.006355267483741045,0.007081582676619291
ZJ019098,0.21068301796913147,0.29455652832984924,0.2621470093727112,0.0202644020318985,0.09293714910745621,0.021501513198018074,0.058454275131225586,0.03945605456829071
ZJ019099,0.2219727784395218,0.12247855961322784,0.46307462453842163,0.019380085170269012,0.08075792342424393,0.015881434082984924,0.05284428596496582,0.023610273376107216
ZJ019100,0.10401874035596848,0.10948673635721207,0.5002854466438293,0.020516041666269302,0.11621074378490448,0.02555668354034424,0.0788852795958519,0.045040313154459
ZJ019101,0.14673839509487152,0.15454089641571045,0.1172349601984024,0.02421926148235798,0.05292332172393799,0.010969659313559532,0.4737708866596222,0.019602682441473007
ZJ019102,0.1442907154560089,0.14898303151130676,0.4716002345085144,0.023855013772845268,0.10836107283830643,0.008563083596527576,0.053204383701086044,0.04114251211285591
ZJ019103,0.08745651692152023,0.05645279958844185,0.6451168656349182,0.059431515634059906,0.028217732906341553,0.005110614001750946,0.013501552864909172,0.10471236705780029
ZJ019104,0.12955278158187866,0.06037323549389839,0.7064939141273499,0.010402967222034931,0.02809242531657219,0.01026266161352396,0.026028385385870934,0.028793619945645332
ZJ019105,0.13220591843128204,0.09474729001522064,0.6529930830001831,0.020777422934770584,0.0375242605805397,0.014386187307536602,0.014857299625873566,0.032508473843336105
ZJ019106,0.010318100452423096,0.9175638556480408,0.004044234286993742,0.016374332830309868,0.010308678261935711,0.013243195600807667,0.007761857938021421,0.02038567326962948
ZJ019107,0.006380350328981876,0.9447216987609863,0.003937537781894207,0.012054123915731907,0.009970330633223057,0.010994947515428066,0.004980479832738638,0.006960614584386349
ZJ019108,0.9534516930580139,0.009510237723588943,0.002347076078876853,0.008090920746326447,0.00802973285317421,0.005874980241060257,0.005668341647833586,0.0070269666612148285
ZJ019109,0.4468115568161011,0.10805278271436691,0.048052504658699036,0.05372725427150726,0.08450062572956085,0.04855450242757797,0.07413554936647415,0.13616527616977692
ZJ019110,0.0034603679087013006,0.004032918252050877,0.003906747791916132,0.005382760427892208,0.004415759351104498,0.007128573954105377,0.9602545499801636,0.011418365873396397
ZJ019111,0.47615817189216614,0.09972979873418808,0.27203863859176636,0.022190479561686516,0.02969256415963173,0.00809920858591795,0.054532572627067566,0.03755861520767212
ZJ019112,0.07696853578090668,0.024715818464756012,0.7816132307052612,0.02768491953611374,0.02962259016931057,0.006966030690819025,0.016560854390263557,0.03586800768971443
ZJ019113,0.9434046745300293,0.0056237527169287205,0.0016850137617439032,0.019415969029068947,0.011125816963613033,0.0052504343912005424,0.0063460227102041245,0.007148340344429016
ZJ019114,0.00433192728087306,0.0038272077217698097,0.0029960961546748877,0.005988781806081533,0.004235274624079466,0.004990982357412577,0.9679397344589233,0.005689954850822687
ZJ019115,0.011970586143434048,0.772427499294281,0.004839456174522638,0.019750215113162994,0.020132659003138542,0.0278791356831789,0.05797569826245308,0.08502481132745743
ZJ019116,0.27917417883872986,0.1112406998872757,0.2812904715538025,0.032042331993579865,0.09443529695272446,0.05101303383708,0.11334220319986343,0.037461746484041214
ZJ019117,0.2515118420124054,0.1138128712773323,0.4119126498699188,0.014296318404376507,0.047268934547901154,0.012603511102497578,0.1121210902929306,0.03647275269031525
ZJ019118,0.06141944229602814,0.08383235335350037,0.035286933183670044,0.42963695526123047,0.04030201584100723,0.033723797649145126,0.027313075959682465,0.28848543763160706
ZJ019119,0.13795483112335205,0.09960289299488068,0.6421326398849487,0.013428931124508381,0.052427370101213455,0.009700079448521137,0.0227788258343935,0.021974440664052963
ZJ019120,0.18426041305065155,0.2710936963558197,0.3523018956184387,0.0208781436085701,0.07733440399169922,0.013039205223321915,0.048089589923620224,0.03300263732671738
ZJ019121,0.9420458078384399,0.010805445723235607,0.002852342091500759,0.006606606300920248,0.015973234549164772,0.006641090381890535,0.008258990943431854,0.006816464941948652
ZJ019122,0.05569992586970329,0.02108960598707199,0.002672665985301137,0.01019257865846157,0.01338705513626337,0.00879819504916668,0.8436566591262817,0.04450325667858124
ZJ019123,0.006900789216160774,0.008247187361121178,0.0024882485158741474,0.9471305012702942,0.0046654087491333485,0.01263392809778452,0.007810291368514299,0.010123682208359241
ZJ019124,0.006720204371958971,0.9475914239883423,0.0032122964039444923,0.008489145897328854,0.007819701917469501,0.010102195665240288,0.006180064287036657,0.009884948842227459
ZJ019125,0.005751727614551783,0.004337309394031763,0.0022363667376339436,0.00700102373957634,0.005281236954033375,0.006450398825109005,0.9601964950561523,0.008745349012315273
ZJ019126,0.9456880688667297,0.009899428114295006,0.0023506060242652893,0.00658646784722805,0.01029651053249836,0.007604047190397978,0.012194900773465633,0.005380003713071346
ZJ019127,0.19162100553512573,0.07141608744859695,0.6187763214111328,0.011428212746977806,0.05602303147315979,0.009823392145335674,0.030815793201327324,0.010096159763634205
ZJ019128,0.23405097424983978,0.15258632600307465,0.09471078962087631,0.07722046971321106,0.10815365612506866,0.043541695922613144,0.14546041190624237,0.14427563548088074
ZJ019129,0.2494223564863205,0.04649980738759041,0.5471153855323792,0.03786945715546608,0.05536259710788727,0.006832247134298086,0.023915482684969902,0.032982680946588516
ZJ019130,0.01181221567094326,0.9105055928230286,0.008902160450816154,0.022520817816257477,0.013162024319171906,0.015343701466917992,0.008395643904805183,0.009357822127640247
ZJ019131,0.00285320938564837,0.0032047114800661802,0.00288890628144145,0.008760583586990833,0.0043095555156469345,0.004025716334581375,0.9618881344795227,0.012069244869053364
ZJ019132,0.07623390108346939,0.07238008081912994,0.028822820633649826,0.043966144323349,0.10113199800252914,0.049608632922172546,0.406613290309906,0.22124311327934265
ZJ019133,0.1645708978176117,0.1185334324836731,0.524275541305542,0.01494795922189951,0.07463471591472626,0.015725761651992798,0.06947993487119675,0.017831705510616302
ZJ019134,0.9478229284286499,0.009147753939032555,0.0030018752440810204,0.010848008096218109,0.01231225486844778,0.005802213214337826,0.0052255792543292046,0.005839517340064049
ZJ019135,0.9630836844444275,0.006540748290717602,0.0016121671069413424,0.005809236783534288,0.005902125500142574,0.0051974584348499775,0.005687257274985313,0.0061673568561673164
ZJ019136,0.0075670587830245495,0.009133318439126015,0.0020438621286302805,0.007262956351041794,0.008934040553867817,0.9500646591186523,0.0073768566362559795,0.007617209572345018
ZJ019137,0.01826132833957672,0.012401152402162552,0.003487583249807358,0.03129167854785919,0.021220561116933823,0.012771248817443848,0.046450670808553696,0.8541158437728882
ZJ019138,0.6763812899589539,0.054383184760808945,0.09268425405025482,0.01278256718069315,0.09899796545505524,0.014551524072885513,0.03585531562566757,0.014363947324454784
ZJ019139,0.028909964486956596,0.027681825682520866,0.04336747154593468,0.06466325372457504,0.0501776821911335,0.028101438656449318,0.0627303421497345,0.6943680644035339
ZJ019140,0.08001750707626343,0.05461612716317177,0.6811937689781189,0.040405720472335815,0.03409630432724953,0.024093404412269592,0.0408080592751503,0.04476916790008545
ZJ019141,0.06468049436807632,0.09033603221178055,0.6139781475067139,0.0458432212471962,0.07829846441745758,0.01711667887866497,0.028133206069469452,0.061613816767930984
ZJ019142,0.2775983512401581,0.12796875834465027,0.3673030436038971,0.02822733297944069,0.08628928661346436,0.01789773814380169,0.062376536428928375,0.03233902528882027
ZJ019143,0.08762969821691513,0.11538532376289368,0.487432599067688,0.028321392834186554,0.11603409796953201,0.04580302536487579,0.0624292716383934,0.05696452409029007
ZJ019144,0.004197572357952595,0.0046000853180885315,0.00246677384711802,0.005838416516780853,0.004389486275613308,0.005579283460974693,0.9645431041717529,0.008385451510548592
ZJ019145,0.14639301598072052,0.051077909767627716,0.4024299383163452,0.07349826395511627,0.025968486443161964,0.009245188906788826,0.04333009198307991,0.24805709719657898
ZJ019146,0.10341288894414902,0.10204819589853287,0.10271520167589188,0.07655602693557739,0.237692728638649,0.1554122269153595,0.11080829799175262,0.11135448515415192
ZJ019147,0.9110051989555359,0.029569867998361588,0.006221966352313757,0.008862526156008244,0.02258257381618023,0.008654057048261166,0.005949414800852537,0.007154408376663923
ZJ019148,0.15576429665088654,0.053288783878088,0.11351535469293594,0.11261945962905884,0.13309502601623535,0.039047516882419586,0.08997957408428192,0.30268996953964233
ZJ019149,0.2827771008014679,0.14652670919895172,0.04680545628070831,0.06986937671899796,0.08324296027421951,0.03942745551466942,0.17410872876644135,0.15724223852157593
ZJ019150,0.027414895594120026,0.019685663282871246,0.005059021059423685,0.4498792588710785,0.01587851718068123,0.4197278618812561,0.03570747748017311,0.026647301390767097
ZJ019151,0.005883410107344389,0.0040395366959273815,0.003692028345540166,0.005745622329413891,0.004503633826971054,0.007829762995243073,0.9592385292053223,0.009067581035196781
ZJ019152,0.17130659520626068,0.04462376981973648,0.006136159412562847,0.03983338922262192,0.06599390506744385,0.5017825365066528,0.1086239144206047,0.06169973686337471
ZJ019153,0.20974810421466827,0.33928361535072327,0.010081322863698006,0.04325750097632408,0.1416829526424408,0.0401524193584919,0.15223604440689087,0.06355807930231094
ZJ019154,0.009805338457226753,0.921271800994873,0.0030100990552455187,0.01589146815240383,0.008513674139976501,0.010476607829332352,0.00698916194960475,0.024041909724473953
ZJ019155,0.17879080772399902,0.12177876383066177,0.44330933690071106,0.02952205203473568,0.11793388426303864,0.024944914504885674,0.04811621829867363,0.03560399264097214
ZJ019156,0.47821149230003357,0.06718222051858902,0.2619551718235016,0.018626254051923752,0.054772548377513885,0.033946823328733444,0.036142826080322266,0.049162607640028
ZJ019157,0.011134047992527485,0.01078906562179327,0.00652651023119688,0.00672539509832859,0.013226927258074284,0.9353592991828918,0.009267212823033333,0.006971626542508602
ZJ019158,0.30211982131004333,0.1549227088689804,0.3481341302394867,0.017889559268951416,0.06097995862364769,0.01667599007487297,0.06866033375263214,0.030617548152804375
ZJ019159,0.09052212536334991,0.0569739043712616,0.7117664217948914,0.029576225206255913,0.035273052752017975,0.011296950280666351,0.029445350170135498,0.03514593094587326
ZJ019160,0.003664028597995639,0.0028687426820397377,0.002629572991281748,0.007296704687178135,0.0038614366203546524,0.004570719785988331,0.9706614017486572,0.004447509068995714
ZJ019161,0.11180118471384048,0.0979713425040245,0.6058846712112427,0.015278980135917664,0.06474686414003372,0.015705136582255363,0.03790297359228134,0.05070891231298447
ZJ019162,0.08041758835315704,0.07141950726509094,0.5775384902954102,0.049419719725847244,0.06205633655190468,0.032551828771829605,0.03572982922196388,0.09086672216653824
ZJ019163,0.21442276239395142,0.24857309460639954,0.18042148649692535,0.020608555525541306,0.05558372661471367,0.030908804386854172,0.17979414761066437,0.06968743354082108
ZJ019164,0.28861555457115173,0.15234455466270447,0.3332671821117401,0.02327151596546173,0.053887978196144104,0.02070312388241291,0.10077520459890366,0.02713494747877121
ZJ019165,0.1804727464914322,0.10316815972328186,0.5186668634414673,0.02060168795287609,0.0934339165687561,0.013827336020767689,0.034537650644779205,0.035291656851768494
ZJ019166,0.2028917521238327,0.15022124350070953,0.41219907999038696,0.01866711862385273,0.13189004361629486,0.013462194241583347,0.04475412145256996,0.025914493948221207
ZJ019167,0.029743265360593796,0.8122067451477051,0.01380150392651558,0.014305549673736095,0.020899148657917976,0.012884250842034817,0.06376293301582336,0.03239656612277031
ZJ019168,0.00734701519832015,0.009431963786482811,0.002926602028310299,0.007419125642627478,0.0070195687003433704,0.953782320022583,0.006200165022164583,0.0058733029291033745
ZJ019169,0.22475385665893555,0.1250428408384323,0.41107600927352905,0.03644128516316414,0.08969885110855103,0.016282064840197563,0.03703862056136131,0.05966648459434509
ZJ019170,0.014805969782173634,0.013421333394944668,0.006926462519913912,0.008576960302889347,0.019596105441451073,0.9119241833686829,0.010097064077854156,0.014651963487267494
ZJ019171,0.00962870568037033,0.008683453314006329,0.002952942159026861,0.04409065470099449,0.016001354902982712,0.009761839173734188,0.02358391135931015,0.8852971196174622
ZJ019172,0.15792225301265717,0.08177370578050613,0.1231541708111763,0.1113429144024849,0.10715451836585999,0.034976858645677567,0.1214657872915268,0.26220977306365967
ZJ019173,0.9085793495178223,0.007202044129371643,0.0020239646546542645,0.01440748292952776,0.016444796696305275,0.011722475290298462,0.03090681880712509,0.008713078685104847
ZJ019174,0.7234869003295898,0.012293653562664986,0.01023171003907919,0.012863803654909134,0.02403794787824154,0.0074812257662415504,0.17986251413822174,0.029742151498794556
ZJ019175,0.21052604913711548,0.13401159644126892,0.4808378219604492,0.01607026904821396,0.06925544142723083,0.010476283729076385,0.052636150270700455,0.026186363771557808
ZJ019176,0.6167234182357788,0.054035551846027374,0.08534634858369827,0.0236055850982666,0.0965309739112854,0.013481346890330315,0.09202471375465393,0.018252035602927208
ZJ019177,0.2606383264064789,0.1387118548154831,0.37742504477500916,0.02773350663483143,0.09918130934238434,0.019505802541971207,0.04851095378398895,0.028293229639530182
ZJ019178,0.14843419194221497,0.18961110711097717,0.5154095888137817,0.01945539191365242,0.046951767057180405,0.023749761283397675,0.04019326716661453,0.01619497872889042
ZJ019179,0.1468988060951233,0.09425807744264603,0.03311271220445633,0.0569123737514019,0.09163641929626465,0.05705346539616585,0.1863892674446106,0.33373889327049255
ZJ019180,0.06074581295251846,0.0741257444024086,0.06185639649629593,0.09971801936626434,0.28598710894584656,0.053222592920064926,0.02266881614923477,0.34167546033859253
ZJ019181,0.04376934468746185,0.10674910992383957,0.03838254511356354,0.05186503753066063,0.09165596961975098,0.016764910891652107,0.5639122724533081,0.08690083026885986
ZJ019182,0.05888207629323006,0.03005496971309185,0.10318605601787567,0.6157272458076477,0.0428573302924633,0.05006616190075874,0.025656813755631447,0.07356929779052734
ZJ019183,0.956166684627533,0.007105372380465269,0.0014791832072660327,0.007391332648694515,0.005504258442670107,0.006188064347952604,0.008516593836247921,0.007648501079529524
ZJ019184,0.9298323392868042,0.006594850216060877,0.0018600884359329939,0.014630883000791073,0.01155373826622963,0.006564971525222063,0.009443998336791992,0.019519101828336716
ZJ019185,0.07923605293035507,0.029938338324427605,0.7886899709701538,0.031636882573366165,0.02134690433740616,0.00825359858572483,0.01611454226076603,0.0247837845236063
ZJ019186,0.2318708747625351,0.057745084166526794,0.4866439700126648,0.051827944815158844,0.052876539528369904,0.032159484922885895,0.03158998489379883,0.055286142975091934
ZJ019187,0.036862339824438095,0.011610143817961216,0.003816126612946391,0.010716660879552364,0.011424249969422817,0.019991546869277954,0.8906927108764648,0.014886187389492989
ZJ019188,0.30881360173225403,0.11521399021148682,0.2634128928184509,0.025840934365987778,0.06916983425617218,0.018039816990494728,0.03207269683480263,0.16743619740009308
ZJ019189,0.9592868089675903,0.007796830497682095,0.0018272461602464318,0.007597348187118769,0.006392387673258781,0.005153815262019634,0.0064208535477519035,0.005524724721908569
ZJ019190,0.7160565853118896,0.02221173793077469,0.007128796074539423,0.10424668341875076,0.045546792447566986,0.022671431303024292,0.012053048238158226,0.07008495181798935
ZJ019191,0.1574794054031372,0.3607689440250397,0.20145387947559357,0.0214061439037323,0.08491025120019913,0.01563054881989956,0.08931827545166016,0.06903256475925446
ZJ019192,0.1333915889263153,0.10281254351139069,0.029399611055850983,0.03610718622803688,0.05432739108800888,0.01402288768440485,0.5428096055984497,0.08712922036647797
ZJ019193,0.1526816189289093,0.09940123558044434,0.5983155369758606,0.028142672032117844,0.052526261657476425,0.015495662577450275,0.01893291063606739,0.034504082053899765
ZJ019194,0.01916605606675148,0.015773843973875046,0.0021113974507898092,0.018455997109413147,0.020309031009674072,0.8954781889915466,0.014196925796568394,0.014508523978292942
ZJ019195,0.1839420050382614,0.06219402700662613,0.05020248889923096,0.041330233216285706,0.07333975285291672,0.31088000535964966,0.22625388205051422,0.05185761675238609
ZJ019196,0.2592855989933014,0.06966295093297958,0.07099340111017227,0.13448768854141235,0.08856894075870514,0.03682886064052582,0.11793138086795807,0.22224120795726776
ZJ019197,0.009952003136277199,0.0103059196844697,0.00277945795096457,0.007739142514765263,0.010930607095360756,0.9364426136016846,0.012088178656995296,0.009762111119925976
ZJ019198,0.14283350110054016,0.34955543279647827,0.055062197148799896,0.04426409676671028,0.10137934237718582,0.0340961217880249,0.19639945030212402,0.07640985399484634
ZJ019199,0.13099589943885803,0.10735562443733215,0.05934188887476921,0.05873919650912285,0.1333337277173996,0.05210191383957863,0.1397048532962799,0.31842687726020813
ZJ019200,0.09999760240316391,0.022355951368808746,0.013738363981246948,0.3131275177001953,0.0356476753950119,0.03731943294405937,0.07448942214250565,0.40332406759262085
ZJ019201,0.1954965889453888,0.17753571271896362,0.05272374302148819,0.05471018701791763,0.09519660472869873,0.03226938471198082,0.21026133000850677,0.18180640041828156
ZJ019202,0.17417679727077484,0.17262022197246552,0.09099002927541733,0.06637261062860489,0.11475945264101028,0.047131411731243134,0.17996200919151306,0.15398742258548737
ZJ019203,0.15120454132556915,0.06627953797578812,0.13351739943027496,0.06300011277198792,0.05346100032329559,0.028145326301455498,0.09326110035181046,0.41113099455833435
ZJ019204,0.025861898437142372,0.017450451850891113,0.005775590427219868,0.5761219263076782,0.022425208240747452,0.03536985069513321,0.09130716323852539,0.2256878912448883
ZJ019205,0.09289981424808502,0.05509483441710472,0.6934577226638794,0.03414926677942276,0.04771309345960617,0.01295459270477295,0.03084978461265564,0.03288096934556961
ZJ019206,0.008989662863314152,0.9222954511642456,0.005941271781921387,0.015704834833741188,0.012011237442493439,0.014732399955391884,0.01145376730710268,0.008871442638337612
ZJ019207,0.9637823104858398,0.006213350687175989,0.0016012480482459068,0.007133475039154291,0.004591684322804213,0.004906671587377787,0.007322429213672876,0.004448897670954466
ZJ019208,0.08268678933382034,0.03764551132917404,0.6531676054000854,0.03777123987674713,0.04376634210348129,0.01878884993493557,0.04132380336523056,0.08484991639852524
ZJ019209,0.4005237817764282,0.027689537033438683,0.009429262951016426,0.06552772223949432,0.185574471950531,0.11856595426797867,0.10523547977209091,0.08745376765727997
ZJ019210,0.28258034586906433,0.13257341086864471,0.397256463766098,0.01755697652697563,0.05382012948393822,0.0108271399512887,0.07590379565954208,0.02948181703686714
ZJ019211,0.08684476464986801,0.06466853618621826,0.5487116575241089,0.0478789322078228,0.024647898972034454,0.01311309915035963,0.04059036821126938,0.17354482412338257
ZJ019212,0.9437983632087708,0.011771343648433685,0.0028099624905735254,0.009301923215389252,0.008252077735960484,0.0065089943818748,0.007421453017741442,0.010135868564248085
ZJ019213,0.06505735963582993,0.0174016784876585,0.04134209081530571,0.27608567476272583,0.04906940087676048,0.02088421955704689,0.05923808738589287,0.47092151641845703
ZJ019214,0.24489526450634003,0.13740494847297668,0.3975784480571747,0.028068626299500465,0.09147120267152786,0.018969297409057617,0.05639197677373886,0.025220269337296486
ZJ019215,0.07200487703084946,0.2717008888721466,0.024058876559138298,0.07605549693107605,0.04664669930934906,0.062041811645030975,0.06685058772563934,0.38064077496528625
ZJ019216,0.19259998202323914,0.0731293335556984,0.44635137915611267,0.048192959278821945,0.11265438050031662,0.016833769157528877,0.02063760533928871,0.0896005854010582
ZJ019217,0.05911152809858322,0.011624873615801334,0.004617462866008282,0.011638917960226536,0.03158153221011162,0.016128184273838997,0.8408604264259338,0.024437015876173973
ZJ019218,0.18601953983306885,0.14026953279972076,0.41229334473609924,0.017288165166974068,0.08338410407304764,0.020372819155454636,0.1157764121890068,0.02459605783224106
ZJ019219,0.024756820872426033,0.01726464368402958,0.0020295141730457544,0.01748819835484028,0.012888208962976933,0.8797670602798462,0.028448091819882393,0.017357422038912773
ZJ019220,0.039411839097738266,0.039100512862205505,0.0038108087610453367,0.15766535699367523,0.030722446739673615,0.4961518347263336,0.13655221462249756,0.0965849757194519
ZJ019221,0.014249888248741627,0.009392795152962208,0.0011755721643567085,0.04260699078440666,0.00965371634811163,0.8948575854301453,0.01662985421717167,0.011433706618845463
ZJ019222,0.1295114904642105,0.07970436662435532,0.020316800102591515,0.09418608993291855,0.08819825947284698,0.06858424097299576,0.17080041766166687,0.34869837760925293
ZJ019223,0.7676238417625427,0.013394569046795368,0.002861857647076249,0.018460005521774292,0.062387172132730484,0.016208145767450333,0.102583147585392,0.016481254249811172
ZJ019224,0.9538102149963379,0.0065419916063547134,0.001506624510511756,0.015622335486114025,0.004857816267758608,0.004322823602706194,0.006002023816108704,0.0073361569084227085
ZJ019225,0.3032878339290619,0.020242702215909958,0.011609178967773914,0.03270953148603439,0.532735288143158,0.02309662103652954,0.0282734502106905,0.048045407980680466
ZJ019226,0.34568291902542114,0.11155980825424194,0.2652631998062134,0.023983383551239967,0.05079640820622444,0.037722352892160416,0.10699177533388138,0.05800009146332741
ZJ019227,0.9144710898399353,0.006425375584512949,0.001630436279810965,0.013611532747745514,0.00799085944890976,0.009286073967814445,0.03166346624493599,0.014921107329428196
ZJ019228,0.18375630676746368,0.05728263780474663,0.5400737524032593,0.04712805151939392,0.04694303125143051,0.009334743022918701,0.03395078703761101,0.08153071254491806
ZJ019229,0.9555996060371399,0.007382044102996588,0.0016230782493948936,0.00791012030094862,0.007373470813035965,0.005848980043083429,0.0060210940428078175,0.008241614326834679
ZJ019230,0.004957483150064945,0.010996649973094463,0.0025490287225693464,0.004611782729625702,0.005013235379010439,0.00572276720777154,0.9568493962287903,0.009299728088080883
ZJ019231,0.008149754256010056,0.9434462785720825,0.004765104502439499,0.012099068611860275,0.008454658091068268,0.010437133722007275,0.005857792217284441,0.006790327839553356
ZJ019232,0.24902431666851044,0.1810450255870819,0.12502935528755188,0.04871217533946037,0.11811568588018417,0.024789607152342796,0.1591847836971283,0.09409903734922409
ZJ019233,0.8196982145309448,0.015166188590228558,0.004133715759962797,0.014671403914690018,0.1156633198261261,0.008768744766712189,0.009935895912349224,0.011962602846324444
ZJ019234,0.04837598279118538,0.016604764387011528,0.0022823275066912174,0.03777117282152176,0.03259899467229843,0.06953977048397064,0.7208357453346252,0.07199122756719589
ZJ019235,0.20247313380241394,0.05892322584986687,0.5208688974380493,0.044999849051237106,0.06013663113117218,0.013041965663433075,0.03085300885140896,0.06870324909687042
ZJ019236,0.00873667560517788,0.9347332119941711,0.005334934219717979,0.016183635219931602,0.008824145421385765,0.012649448588490486,0.006102606188505888,0.007435414008796215
ZJ019237,0.27171218395233154,0.15602651238441467,0.3678211271762848,0.01991630531847477,0.0658491775393486,0.012131125666201115,0.0820554718375206,0.02448815293610096
ZJ019238,0.013126817531883717,0.05328898876905441,0.005310024134814739,0.02304680645465851,0.024060098454356194,0.03536417707800865,0.3146531879901886,0.5311498641967773
ZJ019239,0.10454109311103821,0.1286483258008957,0.5051186680793762,0.021883206441998482,0.06524094194173813,0.01745220646262169,0.1280083805322647,0.029107116162776947
ZJ019240,0.0185723714530468,0.8801857829093933,0.009534664452075958,0.014658435247838497,0.017907464876770973,0.0205684881657362,0.018155936151742935,0.020416894927620888
ZJ019241,0.008973718620836735,0.00963481143116951,0.0036004753783345222,0.004967691842466593,0.008653074502944946,0.9394198656082153,0.015330190770328045,0.009420143440365791
ZJ019242,0.16598740220069885,0.11433083564043045,0.03989952802658081,0.05345313996076584,0.0883035808801651,0.0532199963927269,0.15762706100940704,0.3271784484386444
ZJ019243,0.08367754518985748,0.05702240392565727,0.6157013177871704,0.032139647752046585,0.04592334106564522,0.0368332713842392,0.040180504322052,0.08852194249629974
ZJ019244,0.04097231477499008,0.039483603090047836,0.37968721985816956,0.17516732215881348,0.05513710156083107,0.023885218426585197,0.05765444412827492,0.22801275551319122
ZJ019245,0.34576866030693054,0.14678046107292175,0.3161762058734894,0.02059493213891983,0.07757659256458282,0.013013442978262901,0.0492788627743721,0.03081093728542328
ZJ019246,0.7806175351142883,0.00827744696289301,0.0021359105594456196,0.013734846375882626,0.01777326501905918,0.01697634346783161,0.14122401177883148,0.019260624423623085
ZJ019247,0.011869395151734352,0.9188872575759888,0.0063901375979185104,0.015715720131993294,0.010221222415566444,0.01890820823609829,0.007563470397144556,0.010444559156894684
ZJ019248,0.9529591798782349,0.007647932972759008,0.0018060787115246058,0.00808095932006836,0.007490116637200117,0.00674279173836112,0.00757437851279974,0.007698642089962959
ZJ019249,0.027647078037261963,0.02069784142076969,0.010912847705185413,0.01183988805860281,0.04092241823673248,0.017342546954751015,0.8529969453811646,0.01764051429927349
ZJ019250,0.8117574453353882,0.007393081206828356,0.0033808101434260607,0.027960309758782387,0.022051086649298668,0.014586350880563259,0.07845868170261383,0.03441229835152626
ZJ019251,0.45247653126716614,0.0995105504989624,0.2843391001224518,0.014674953185021877,0.049297139048576355,0.024689212441444397,0.04503628984093666,0.029976217076182365
ZJ019252,0.007666757795959711,0.9342041015625,0.00434140395373106,0.0073331487365067005,0.007955336011946201,0.007740068715065718,0.01636533811688423,0.014393890276551247
ZJ019253,0.24386458098888397,0.054540153592824936,0.4751206636428833,0.029559962451457977,0.0555490180850029,0.04220470413565636,0.037647612392902374,0.06151334568858147
ZJ019254,0.2781146764755249,0.3938608467578888,0.007102030795067549,0.03900372236967087,0.04790414869785309,0.05853003263473511,0.05403292179107666,0.12145160883665085
ZJ019255,0.11654577404260635,0.11100985109806061,0.11697272211313248,0.10272330045700073,0.1256760209798813,0.02666384167969227,0.09680281579494476,0.3036056458950043
ZJ019256,0.020996486768126488,0.8545220494270325,0.0032897822093218565,0.01067712064832449,0.022570302709937096,0.01893744245171547,0.040556229650974274,0.028450552374124527
ZJ019257,0.009871668182313442,0.9322425127029419,0.006184066645801067,0.017768098041415215,0.0101348627358675,0.01255732774734497,0.005733046680688858,0.0055083404295146465
ZJ019258,0.009585235267877579,0.010358310304582119,0.0064917560666799545,0.006107184570282698,0.009235651232302189,0.9385186433792114,0.008119316771626472,0.011583991348743439
ZJ019259,0.0075292945839464664,0.010316889733076096,0.0031682876870036125,0.0059821405448019505,0.00923138577491045,0.9489660859107971,0.00759824737906456,0.007207588758319616
ZJ019260,0.005418109707534313,0.004302744287997484,0.00244904775172472,0.008785809390246868,0.0039211660623550415,0.005896210204809904,0.9611049890518188,0.008121869526803493
ZJ019261,0.07148545235395432,0.07856879383325577,0.6631683111190796,0.0269770547747612,0.03008248098194599,0.009134648367762566,0.02547685243189335,0.09510643780231476
ZJ019262,0.24132205545902252,0.09175241738557816,0.49796754121780396,0.01797318086028099,0.0780169740319252,0.014132686890661716,0.03283470869064331,0.02600044198334217
ZJ019263,0.26896148920059204,0.1369294375181198,0.2751067578792572,0.05251165106892586,0.10020115971565247,0.023823676630854607,0.047131795436143875,0.09533408284187317
ZJ019264,0.9228230118751526,0.010259261354804039,0.0027842335402965546,0.011695713736116886,0.03224718198180199,0.007024927064776421,0.005295285023748875,0.007870412431657314
ZJ019265,0.09199506789445877,0.06666555255651474,0.6958556175231934,0.03241467475891113,0.04744064807891846,0.016008006408810616,0.018590355291962624,0.031030064448714256
ZJ019266,0.2198341190814972,0.20286543667316437,0.1616389900445938,0.04535013809800148,0.10772518813610077,0.02009064145386219,0.14069710671901703,0.10179835557937622
ZJ019267,0.007858713157474995,0.01166979968547821,0.0017443298129364848,0.016761770471930504,0.018262237310409546,0.018631450831890106,0.903723955154419,0.02134774625301361
ZJ019268,0.27734053134918213,0.13267306983470917,0.0960480272769928,0.06451225280761719,0.10192999243736267,0.03673776984214783,0.14739690721035004,0.1433614194393158
ZJ019269,0.006321445107460022,0.003948373720049858,0.0026410347782075405,0.008469998836517334,0.003833780763670802,0.005850301589816809,0.9602490663528442,0.008685976266860962
ZJ019270,0.02967924438416958,0.038348238915205,0.008967716246843338,0.02032555267214775,0.0235072560608387,0.012543527409434319,0.015930823981761932,0.8506977558135986
ZJ019271,0.008987683802843094,0.9355852603912354,0.00526630412787199,0.010766876861453056,0.011740767396986485,0.012759300880134106,0.00586909893900156,0.009024758823215961
ZJ019272,0.01249584462493658,0.015171842649579048,0.006994331255555153,0.007140126079320908,0.017926029860973358,0.9180572032928467,0.010238493792712688,0.011976188980042934
ZJ019273,0.12957637012004852,0.0473446398973465,0.01699555106461048,0.03911114111542702,0.048351168632507324,0.018440574407577515,0.6367142796516418,0.06346631795167923
ZJ019274,0.005767927039414644,0.006349807605147362,0.002918349811807275,0.9518932700157166,0.005746971815824509,0.008276424370706081,0.007688204757869244,0.011359184980392456
ZJ019275,0.006812772713601589,0.0028870373498648405,0.002012212062254548,0.014087175950407982,0.004958875011652708,0.004816575441509485,0.9559078812599182,0.008517374284565449
ZJ019276,0.1345161646604538,0.08772856742143631,0.595557451248169,0.025156071409583092,0.07998460531234741,0.016331210732460022,0.03575257956981659,0.024973370134830475
ZJ019277,0.5216745734214783,0.13062895834445953,0.1822929084300995,0.011939512565732002,0.0765489712357521,0.017688555642962456,0.03354620933532715,0.02568027377128601
ZJ019278,0.034457605332136154,0.03432412073016167,0.0021853316575288773,0.014470398426055908,0.019083764404058456,0.014057891443371773,0.8208553194999695,0.06056548282504082
ZJ019279,0.15303412079811096,0.013840854167938232,0.0030110201332718134,0.015909137204289436,0.019811982288956642,0.0104603860527277,0.026042575016617775,0.757889986038208
ZJ019280,0.9652765989303589,0.004611403215676546,0.0017287039663642645,0.005203277803957462,0.007381640374660492,0.004826709628105164,0.006368070375174284,0.0046036033891141415
ZJ019281,0.13737747073173523,0.20246842503547668,0.27803537249565125,0.02703154645860195,0.10441616922616959,0.014447520487010479,0.20766377449035645,0.0285597313195467
ZJ019282,0.09979487210512161,0.13737106323242188,0.5214414000511169,0.01990993693470955,0.061921376734972,0.016485542058944702,0.11406738311052322,0.029008422046899796
ZJ019283,0.6149234771728516,0.04555647447705269,0.1195642277598381,0.052218563854694366,0.052205607295036316,0.01353862788528204,0.0387946218252182,0.06319838762283325
ZJ019284,0.018069444224238396,0.9112367630004883,0.007540486287325621,0.010674569755792618,0.018671352416276932,0.01402086392045021,0.009839911013841629,0.009946614503860474
ZJ019285,0.020056383684277534,0.024206921458244324,0.0058873058296740055,0.026296356692910194,0.017606748268008232,0.016684990376234055,0.019809629768133163,0.8694517016410828
ZJ019286,0.11617225408554077,0.05497629567980766,0.16103030741214752,0.13323447108268738,0.11908942461013794,0.027604781091213226,0.08701200783252716,0.300880491733551
ZJ019287,0.22832544147968292,0.059690866619348526,0.5905348658561707,0.011984595097601414,0.059486158192157745,0.009352270513772964,0.02779035083949566,0.01283542811870575
ZJ019288,0.025241034105420113,0.24658836424350739,0.015062510967254639,0.06437928229570389,0.035748451948165894,0.02910333126783371,0.258539080619812,0.3253379166126251
ZJ019289,0.31064480543136597,0.1505579799413681,0.31118693947792053,0.02628638967871666,0.10027671605348587,0.016970304772257805,0.05870542675256729,0.02537146583199501
ZJ019290,0.0278532225638628,0.025765400379896164,0.0029114431235939264,0.01907791756093502,0.016603931784629822,0.8471955060958862,0.04150838404893875,0.019084272906184196
ZJ019291,0.8485555648803711,0.008561816066503525,0.002558722160756588,0.0388951450586319,0.022193249315023422,0.00958782248198986,0.02229362539947033,0.047354068607091904
ZJ019292,0.00583032239228487,0.009881708770990372,0.0026021928060799837,0.9551110863685608,0.004587664734572172,0.005872582551091909,0.007565157487988472,0.00854923203587532
ZJ019293,0.015725307166576385,0.013106361031532288,0.002566863317042589,0.008111661300063133,0.011850290931761265,0.9210038185119629,0.017544040456414223,0.01009164098650217
ZJ019294,0.007310524117201567,0.003374161897227168,0.0027639407198876143,0.0059182592667639256,0.004493104759603739,0.009064375422894955,0.9590927362442017,0.007982871495187283
ZJ019295,0.5136485695838928,0.11883775144815445,0.2046331912279129,0.015399275347590446,0.06183641776442528,0.010901428759098053,0.050265274941921234,0.024478115141391754
ZJ019296,0.07235369831323624,0.039917901158332825,0.5806834101676941,0.0803050845861435,0.051551733165979385,0.012956403195858002,0.041922297328710556,0.12030941247940063
ZJ019297,0.24825140833854675,0.09017667919397354,0.5097758173942566,0.017804961651563644,0.07184244692325592,0.01031643059104681,0.030750304460525513,0.021081987768411636
ZJ019298,0.008129259571433067,0.9299378991127014,0.005046937149018049,0.009454965591430664,0.009112979285418987,0.008042658679187298,0.016346899792551994,0.013928384520113468
ZJ019299,0.2269914597272873,0.22179079055786133,0.37986254692077637,0.018748421221971512,0.051677871495485306,0.021573180332779884,0.04917868226766586,0.03017711453139782
ZJ019300,0.041268203407526016,0.041758857667446136,0.01929081790149212,0.05575023591518402,0.03477102518081665,0.034212857484817505,0.02640548162162304,0.7465424537658691
ZJ019301,0.008236495777964592,0.07699228823184967,0.003029575338587165,0.00682179257273674,0.0052486080676317215,0.009812777861952782,0.8754194378852844,0.01443901564925909
ZJ019302,0.19758988916873932,0.06878682225942612,0.08784990757703781,0.1536751687526703,0.0894414559006691,0.036549460142850876,0.0914006158709526,0.27470672130584717
ZJ019303,0.19765986502170563,0.2162717580795288,0.23614348471164703,0.017569875344634056,0.08939989656209946,0.0204646997153759,0.1285805106163025,0.0939098671078682
ZJ019304,0.964686930179596,0.005449064541608095,0.0014722481137141585,0.007227721158415079,0.005030082538723946,0.004331978037953377,0.005118556320667267,0.006683324929326773
ZJ019305,0.19917064905166626,0.1326625496149063,0.49724891781806946,0.014626572839915752,0.07760118693113327,0.011162501759827137,0.043042171746492386,0.024485481902956963
ZJ019306,0.004356649238616228,0.005314173176884651,0.0031895532738417387,0.005971428006887436,0.0036925156600773335,0.005928428843617439,0.9625042676925659,0.009042955003678799
ZJ019307,0.31785643100738525,0.1316397488117218,0.3210867941379547,0.02629440277814865,0.07548030465841293,0.016244588419795036,0.07045717537403107,0.040940526872873306
ZJ019308,0.05624786764383316,0.043033353984355927,0.6927564144134521,0.03641179949045181,0.054267384111881256,0.023005302995443344,0.03632950037717819,0.05794835090637207
ZJ019309,0.21669632196426392,0.1580786556005478,0.4213537871837616,0.02066556178033352,0.08510658144950867,0.012961305677890778,0.034744177013635635,0.050393618643283844
ZJ019310,0.9165648818016052,0.015494309365749359,0.002081260085105896,0.007837087847292423,0.016455043107271194,0.009155619889497757,0.027218006551265717,0.005193844437599182
ZJ019311,0.04391278699040413,0.9003866314888,0.0031901951879262924,0.01803423836827278,0.009835404343903065,0.010136346332728863,0.005289012566208839,0.009215413592755795
ZJ019312,0.013157734647393227,0.01139923371374607,0.0026379087939858437,0.00875454768538475,0.012431868351995945,0.9259874224662781,0.013393244706094265,0.0122380331158638
ZJ019313,0.022647304460406303,0.01229636836796999,0.002632687333971262,0.04621368274092674,0.01474229246377945,0.8741945028305054,0.01351067703217268,0.013762508518993855
ZJ019314,0.8055245876312256,0.013307726010680199,0.016817834228277206,0.06302037835121155,0.03596179187297821,0.01779414899647236,0.008226114325225353,0.03934740275144577
ZJ019315,0.1591401845216751,0.24884428083896637,0.44154077768325806,0.020343393087387085,0.044754207134246826,0.021301817148923874,0.04769580811262131,0.016379520297050476
ZJ019316,0.1488030105829239,0.2827956974506378,0.4141915440559387,0.021403679624199867,0.043426599353551865,0.02792668528854847,0.04387681558728218,0.017575988546013832
ZJ019317,0.008139301091432571,0.9406533241271973,0.005045456811785698,0.010238279588520527,0.01097953598946333,0.011839378625154495,0.005475159734487534,0.007629565428942442
ZJ019318,0.11628004908561707,0.06287675350904465,0.6319705843925476,0.036178864538669586,0.06655269861221313,0.015547904185950756,0.02898147515952587,0.0416116900742054
ZJ019319,0.009600386023521423,0.011567125096917152,0.02675723284482956,0.004610323812812567,0.007487331051379442,0.9227038621902466,0.005867017898708582,0.011406646110117435
ZJ019320,0.11826125532388687,0.060364980250597,0.10491529107093811,0.13379748165607452,0.09433984756469727,0.038951337337493896,0.11750929057598114,0.3318605422973633
ZJ019321,0.09064379334449768,0.030755357816815376,0.33093249797821045,0.2952360510826111,0.08042622357606888,0.03695933148264885,0.049539998173713684,0.08550678193569183
ZJ019322,0.6800378561019897,0.05144254118204117,0.07574605941772461,0.02274894155561924,0.09019175171852112,0.016341371461749077,0.049098510295152664,0.01439302321523428
ZJ019323,0.11138861626386642,0.055504705756902695,0.10441651195287704,0.1410355567932129,0.10875454545021057,0.03753495588898659,0.11761371046304703,0.32375141978263855
ZJ019324,0.25761500000953674,0.1456449329853058,0.30588498711586,0.019253328442573547,0.061122339218854904,0.019274026155471802,0.14239753782749176,0.04880787804722786
ZJ019325,0.0526040680706501,0.8585196137428284,0.004440521355718374,0.0077491020783782005,0.011630328372120857,0.01150570623576641,0.041278962045907974,0.012271733954548836
ZJ019326,0.2105431854724884,0.11115490645170212,0.34350815415382385,0.06255912035703659,0.10437103360891342,0.031602587550878525,0.026434777304530144,0.10982619225978851
ZJ019327,0.1621984988451004,0.13629291951656342,0.49425554275512695,0.015243710950016975,0.05942613631486893,0.015026133507490158,0.0970442146062851,0.02051282487809658
ZJ019328,0.3281504809856415,0.09728100895881653,0.40140169858932495,0.021750718355178833,0.07270104438066483,0.015645811334252357,0.03060733899474144,0.03246191143989563
ZJ019329,0.9395034909248352,0.008950303308665752,0.0023438213393092155,0.010478215292096138,0.00909359659999609,0.008498471230268478,0.008267468772828579,0.012864546850323677
ZJ019330,0.006081734783947468,0.0074161565862596035,0.0020367715042084455,0.958499550819397,0.004587360192090273,0.005153914447873831,0.008058864623308182,0.008165680803358555
ZJ019331,0.014232770539820194,0.013203638605773449,0.002962791593745351,0.009530098177492619,0.018810125067830086,0.9139384627342224,0.01758575811982155,0.009736443869769573
ZJ019332,0.014469161629676819,0.8472521305084229,0.004065156448632479,0.03890327364206314,0.01142560038715601,0.011216370388865471,0.025762522593140602,0.04690573364496231
ZJ019333,0.0032584164291620255,0.0034874356351792812,0.0029348519165068865,0.007735307328402996,0.004405650310218334,0.00452602282166481,0.9625011086463928,0.011151262558996677
ZJ019334,0.9508553743362427,0.00617986498400569,0.0021476803813129663,0.008276303298771381,0.009995545260608196,0.00924820825457573,0.00872033555060625,0.004576709121465683
ZJ019335,0.008136757649481297,0.012269685976207256,0.003954128362238407,0.0069733974523842335,0.010861603543162346,0.9420422911643982,0.00830342248082161,0.0074586342088878155
ZJ019336,0.17558640241622925,0.1504201591014862,0.4516349136829376,0.021026741713285446,0.10301931202411652,0.024622276425361633,0.051403410732746124,0.02228683978319168
ZJ019337,0.9575734734535217,0.008768118917942047,0.0016599349910393357,0.007158978376537561,0.007014280650764704,0.005811137147247791,0.00622553052380681,0.005788578186184168
ZJ019338,0.011635156348347664,0.012086198665201664,0.00637859245762229,0.009067368693649769,0.015835873782634735,0.9242222309112549,0.008007115684449673,0.012767513282597065
ZJ019339,0.00950899999588728,0.005076822824776173,0.002755166031420231,0.0072340755723416805,0.0042227027006447315,0.007727389689534903,0.9538487195968628,0.009626169688999653
ZJ019340,0.1241874098777771,0.08795467764139175,0.10882866382598877,0.10224117338657379,0.10666011273860931,0.031029297038912773,0.11386147141456604,0.3252372145652771
ZJ019341,0.0716322660446167,0.13426344096660614,0.4433961510658264,0.04143044352531433,0.09167733788490295,0.053524140268564224,0.07948723435401917,0.08458907902240753
ZJ019342,0.15741325914859772,0.024471009150147438,0.00451764278113842,0.5377514362335205,0.028347278013825417,0.027552805840969086,0.08628430962562561,0.13366231322288513
ZJ019343,0.02485029026865959,0.00914419163018465,0.00520693464204669,0.012369206175208092,0.9212400317192078,0.006081624887883663,0.006753724534064531,0.014354052022099495
ZJ019344,0.19296084344387054,0.22112838923931122,0.05947137624025345,0.06373172998428345,0.11925476789474487,0.033813681453466415,0.10125567764043808,0.2083834707736969
ZJ019345,0.13523785769939423,0.07171539962291718,0.5499330163002014,0.028529129922389984,0.059618256986141205,0.01484406553208828,0.03024274669587612,0.10987956076860428
ZJ019346,0.46119749546051025,0.07021772116422653,0.022440485656261444,0.05912706255912781,0.07135230302810669,0.04048212990164757,0.16493763029575348,0.11024517565965652
ZJ019347,0.1666913628578186,0.38362669944763184,0.08714752644300461,0.12548044323921204,0.07750210911035538,0.025266820564866066,0.02531415782868862,0.10897088795900345
ZJ019348,0.20446345210075378,0.1732824146747589,0.4366520345211029,0.013466970063745975,0.06398224830627441,0.019080612808465958,0.06525030732154846,0.023821920156478882
ZJ019349,0.06626611202955246,0.8531492352485657,0.003834480419754982,0.03563098981976509,0.01330858375877142,0.010970920324325562,0.007943383418023586,0.008896206505596638
ZJ019350,0.6260693669319153,0.06331335753202438,0.13970711827278137,0.01985662616789341,0.08126501739025116,0.010140171274542809,0.03434077277779579,0.02530748024582863
ZJ019351,0.8881098628044128,0.0076297856867313385,0.005149815697222948,0.019610675051808357,0.03387511894106865,0.0076499865390360355,0.012145338580012321,0.025829343125224113
ZJ019352,0.02899186499416828,0.7769124507904053,0.009365067817270756,0.012292339466512203,0.024828173220157623,0.02539360709488392,0.05660787969827652,0.06560863554477692
ZJ019353,0.14590096473693848,0.1965484917163849,0.5029991269111633,0.014955060556530952,0.07591060549020767,0.01102124061435461,0.03217051178216934,0.02049398422241211
ZJ019354,0.006840407382696867,0.9438092708587646,0.003287913743406534,0.006232546176761389,0.006125672720372677,0.009972943924367428,0.010872351005673409,0.012858900241553783
ZJ019355,0.0984625369310379,0.10031275451183319,0.42829668521881104,0.0668315440416336,0.08185295015573502,0.04163214564323425,0.033236946910619736,0.14937444031238556
ZJ019356,0.16990718245506287,0.15731891989707947,0.5334298610687256,0.017850911244750023,0.04111485555768013,0.014294782653450966,0.04637208580970764,0.019711390137672424
ZJ019357,0.14923721551895142,0.14891371130943298,0.4955136477947235,0.01937517337501049,0.10249964147806168,0.013869503512978554,0.04200689494609833,0.028584199026226997
ZJ019358,0.0914008691906929,0.12032335996627808,0.0641157403588295,0.0609017014503479,0.12971191108226776,0.048611123114824295,0.08727278560400009,0.3976624310016632
ZJ019359,0.00677405996248126,0.009763413108885288,0.002113550202921033,0.9509621262550354,0.005584337282925844,0.006890175398439169,0.0073053352534770966,0.010607104748487473
ZJ019360,0.17401696741580963,0.068177230656147,0.608354389667511,0.012960446998476982,0.06816282868385315,0.00831306166946888,0.0317448191344738,0.028270190581679344
ZJ019361,0.013176173903048038,0.01216038130223751,0.005561063531786203,0.008771566674113274,0.016339262947440147,0.9173292517662048,0.015785131603479385,0.010877140797674656
ZJ019362,0.009025752544403076,0.9200435280799866,0.007963675074279308,0.01831793785095215,0.015224211849272251,0.013643934391438961,0.00789981335401535,0.007881197147071362
ZJ019363,0.3039853870868683,0.13942396640777588,0.3164398968219757,0.031923502683639526,0.06328390538692474,0.029016047716140747,0.07307443022727966,0.042852818965911865
ZJ019364,0.2075723111629486,0.1563781052827835,0.3747313916683197,0.027124647051095963,0.08036492019891739,0.022676996886730194,0.0993112176656723,0.031840331852436066
ZJ019365,0.008067240007221699,0.011721041984856129,0.0027442178688943386,0.9462429881095886,0.005914181936532259,0.006979211233556271,0.009156680665910244,0.009174446575343609
ZJ019366,0.10049093514680862,0.20007938146591187,0.4853515326976776,0.02677854709327221,0.08554651588201523,0.017665639519691467,0.05562558025121689,0.028461962938308716
ZJ019367,0.010989275760948658,0.01701093092560768,0.005505024921149015,0.022498274222016335,0.020590893924236298,0.018573086708784103,0.12087207287549973,0.7839605212211609
ZJ019368,0.13250915706157684,0.195820152759552,0.031119415536522865,0.032999906688928604,0.07382658123970032,0.025259921327233315,0.39454835653305054,0.11391643434762955
ZJ019369,0.007046629674732685,0.005767189897596836,0.0021467767655849457,0.008372350595891476,0.006595869082957506,0.9473970532417297,0.011353282257914543,0.011320904828608036
ZJ019370,0.9162192940711975,0.035784799605607986,0.002281750785186887,0.009121338836848736,0.01635758951306343,0.008133727125823498,0.006016855128109455,0.006084637250751257
ZJ019371,0.1934414505958557,0.1823957860469818,0.3984212577342987,0.02538996748626232,0.07536777853965759,0.018448812887072563,0.06680209934711456,0.03973278030753136
ZJ019372,0.09356943517923355,0.6351360082626343,0.15261152386665344,0.014472844079136848,0.04265604913234711,0.010799623094499111,0.029280010610818863,0.021474473178386688
ZJ019373,0.15762624144554138,0.24292773008346558,0.45754510164260864,0.019173672422766685,0.04560086876153946,0.02103951759636402,0.04049228876829147,0.015594522468745708
ZJ019374,0.01832096092402935,0.013211016543209553,0.0026318691670894623,0.034044746309518814,0.01836557872593403,0.01234477385878563,0.018668146803975105,0.8824129104614258
ZJ019375,0.09248124063014984,0.05212022364139557,0.6707128882408142,0.03237433359026909,0.042272452265024185,0.015929747372865677,0.034522440284490585,0.05958667770028114
ZJ019376,0.003845893545076251,0.0034773272927850485,0.00410121213644743,0.005127449054270983,0.004058817867189646,0.005686857737600803,0.9645385146141052,0.009163954295217991
ZJ019377,0.3270817995071411,0.12292107939720154,0.33885473012924194,0.024037623777985573,0.057584378868341446,0.017790362238883972,0.08111094683408737,0.03061906062066555
ZJ019378,0.11700049042701721,0.08564728498458862,0.09605803340673447,0.11136168986558914,0.11140824854373932,0.0351768359541893,0.11479099839925766,0.3285563886165619
ZJ019379,0.1817682981491089,0.165817528963089,0.42748481035232544,0.02539788745343685,0.10053493082523346,0.02223680168390274,0.03572121635079384,0.04103848338127136
ZJ019380,0.17777211964130402,0.12764199078083038,0.545666515827179,0.018446268513798714,0.05427643656730652,0.008123176172375679,0.04769883304834366,0.020374614745378494
ZJ019381,0.4681786596775055,0.035764772444963455,0.19122518599033356,0.08527916669845581,0.06613980978727341,0.03162067383527756,0.023482484742999077,0.0983092412352562
ZJ019382,0.016445519402623177,0.9018304944038391,0.0060808975249528885,0.028814071789383888,0.01471471507102251,0.013061839155852795,0.010282725095748901,0.008769812993705273
ZJ019383,0.06763168424367905,0.035300251096487045,0.760683000087738,0.021233320236206055,0.05237378925085068,0.009614200331270695,0.020027799531817436,0.033136021345853806
ZJ019384,0.020557252690196037,0.014141730032861233,0.00464199623093009,0.008251244202256203,0.018835432827472687,0.9030385613441467,0.014735108241438866,0.015798628330230713
ZJ019385,0.12484830617904663,0.1991884857416153,0.4716458320617676,0.017740705981850624,0.08264914900064468,0.015635712072253227,0.07327974587678909,0.015012111514806747
ZJ019386,0.10023427754640579,0.053864482790231705,0.6861847043037415,0.03634924814105034,0.04762345552444458,0.012164938263595104,0.034319113940000534,0.029259737581014633
ZJ019387,0.05992965027689934,0.07128004729747772,0.2555612027645111,0.014219211414456367,0.07428012043237686,0.46570342779159546,0.029851755127310753,0.029174573719501495
ZJ019388,0.009527481161057949,0.9283115267753601,0.008540098555386066,0.013991676270961761,0.011156588792800903,0.015244646929204464,0.00734369782730937,0.0058843703009188175
ZJ019389,0.09152709692716599,0.11375769972801208,0.4124002158641815,0.03729674965143204,0.11311742663383484,0.08640313893556595,0.04576928913593292,0.09972838312387466
ZJ019390,0.17856864631175995,0.21154995262622833,0.4425696134567261,0.020225221291184425,0.05448944866657257,0.02409129962325096,0.05204078182578087,0.016465121880173683
ZJ019391,0.2132883220911026,0.22789688408374786,0.36782553791999817,0.023625122383236885,0.056780826300382614,0.010882493108510971,0.07850529998540878,0.021195540204644203
ZJ019392,0.006202473770827055,0.01025054045021534,0.0017828029813244939,0.005359024275094271,0.00397641072049737,0.005777907092124224,0.9559714198112488,0.010679434984922409
ZJ019393,0.9531226754188538,0.007876437157392502,0.0017282826593145728,0.007170500699430704,0.00811693910509348,0.006551037076860666,0.01013350673019886,0.005300544202327728
ZJ019394,0.10670197755098343,0.014346438460052013,0.002497453708201647,0.03679022565484047,0.022480424493551254,0.03290248289704323,0.7500665783882141,0.03421436622738838
ZJ019395,0.02830340526998043,0.8798436522483826,0.009962026961147785,0.011280949227511883,0.02258222922682762,0.011363009922206402,0.016130877658724785,0.02053391933441162
ZJ019396,0.9543496966362,0.006670000031590462,0.002843657974153757,0.009103489108383656,0.007727261632680893,0.005697182379662991,0.004172820597887039,0.009435820393264294
ZJ019397,0.18515318632125854,0.1445307433605194,0.38478124141693115,0.02049088291823864,0.10705884546041489,0.033761195838451385,0.08304580301046371,0.04117804020643234
ZJ019398,0.022524043917655945,0.025185471400618553,0.005082128569483757,0.025223039090633392,0.03616945445537567,0.8383545875549316,0.01769014075398445,0.0297711081802845
ZJ019399,0.187259241938591,0.18154485523700714,0.13314640522003174,0.05591968819499016,0.14507801830768585,0.02855021320283413,0.10447624325752258,0.16402535140514374
ZJ019400,0.21505387127399445,0.12358321249485016,0.4754943251609802,0.024206895381212234,0.07758339494466782,0.017964739352464676,0.033977191895246506,0.032136350870132446
ZJ019401,0.0182377640157938,0.017991913482546806,0.020297667011618614,0.010358903557062149,0.01547197625041008,0.009239612147212029,0.8908854722976685,0.017516672611236572
ZJ019402,0.006184398662298918,0.9530573487281799,0.0031356823164969683,0.007885690778493881,0.00744627183303237,0.009161661379039288,0.005946275778114796,0.007182619534432888
ZJ019403,0.21154305338859558,0.0683266818523407,0.07586250454187393,0.06689861416816711,0.2783654034137726,0.08898597955703735,0.04825228452682495,0.16176553070545197
ZJ019404,0.21497289836406708,0.07113716751337051,0.4409164488315582,0.04349278286099434,0.09934800863265991,0.018058478832244873,0.02207084372639656,0.09000340849161148
ZJ019405,0.043035540729761124,0.008413782343268394,0.002393221715465188,0.017048304900527,0.015555891208350658,0.022659605368971825,0.8535985350608826,0.03729518875479698
ZJ019406,0.9618332982063293,0.00610762694850564,0.0012121853651478887,0.008794063702225685,0.005548992194235325,0.004804011434316635,0.005367963574826717,0.006331813521683216
ZJ019407,0.9573128819465637,0.005698030348867178,0.0013097879709675908,0.007608979474753141,0.005783457774668932,0.005490785930305719,0.011511732824146748,0.005284426733851433
ZJ019408,0.0620216503739357,0.690480649471283,0.007197374943643808,0.0395490862429142,0.03477365896105766,0.03619193658232689,0.0871744379401207,0.042611125856637955
ZJ019409,0.009512790478765965,0.00624274043366313,0.001674089697189629,0.021367954090237617,0.007282129023224115,0.006768925115466118,0.9206791520118713,0.026472188532352448
ZJ019410,0.04321548342704773,0.4450797140598297,0.007999959401786327,0.02898559905588627,0.05409322679042816,0.029931113123893738,0.2901005744934082,0.10059427469968796
ZJ019411,0.13327591121196747,0.0715647041797638,0.6365726590156555,0.03215804323554039,0.040745366364717484,0.011685483157634735,0.03465622663497925,0.03934164717793465
ZJ019412,0.13098318874835968,0.16780470311641693,0.1309799998998642,0.059365369379520416,0.11437225341796875,0.02837597392499447,0.19566555321216583,0.17245295643806458
ZJ019413,0.15228107571601868,0.05897469073534012,0.5650680661201477,0.033864013850688934,0.052068762481212616,0.006432621739804745,0.06669875234365463,0.0646119937300682
ZJ019414,0.029277542605996132,0.041554614901542664,0.0030714834574609995,0.010895655490458012,0.021492959931492805,0.018182309344410896,0.024826684966683388,0.8506988883018494
ZJ019415,0.02041151374578476,0.014013314619660378,0.005208643618971109,0.008477036841213703,0.019921600818634033,0.9054474234580994,0.012994932942092419,0.013525515794754028
ZJ019416,0.009396590292453766,0.010827054269611835,0.002013895194977522,0.9081065654754639,0.004877155646681786,0.04748290032148361,0.007782012689858675,0.009513897821307182
ZJ019417,0.006381979677826166,0.9508297443389893,0.004213215783238411,0.009138987399637699,0.008053533732891083,0.00932464748620987,0.004710156936198473,0.007347673177719116
ZJ019418,0.06000848859548569,0.03936462849378586,0.6962907910346985,0.027852460741996765,0.053413618355989456,0.009649636223912239,0.015400631353259087,0.09801976382732391
ZJ019419,0.187400683760643,0.25628364086151123,0.40926843881607056,0.019395839422941208,0.04815986007452011,0.021885521709918976,0.043895501643419266,0.013710611499845982
ZJ019420,0.03817601874470711,0.015571641735732555,0.004760081879794598,0.008166324347257614,0.01616000384092331,0.011543500237166882,0.8580979108810425,0.047524526715278625
ZJ019421,0.006362539250403643,0.004163957200944424,0.0020721221808344126,0.006452973000705242,0.005408444907516241,0.005354362539947033,0.9626711010932922,0.007514512166380882
ZJ019422,0.0038830547127872705,0.0036619347520172596,0.002665044507011771,0.007666267920285463,0.00451487535610795,0.005227008368819952,0.964701235294342,0.0076805343851447105
ZJ019423,0.008784954436123371,0.005759998690336943,0.0028697368688881397,0.003837105119600892,0.005256036762148142,0.9616326093673706,0.00595552334561944,0.005904059391468763
ZJ019424,0.007559689227491617,0.9042208790779114,0.001964435214176774,0.009614476002752781,0.013588177040219307,0.010967440903186798,0.028935153037309647,0.023149685934185982
ZJ019425,0.19641026854515076,0.14944368600845337,0.46199673414230347,0.024313075467944145,0.08498898148536682,0.016369452700018883,0.038659848272800446,0.027817999944090843
ZJ019426,0.22963978350162506,0.15966349840164185,0.34847038984298706,0.020444005727767944,0.09618847072124481,0.01605008915066719,0.09456580877304077,0.03497797250747681
ZJ019427,0.09143369644880295,0.06422341614961624,0.6962137222290039,0.03624789044260979,0.022396277636289597,0.011354235000908375,0.02790466882288456,0.05022617429494858
ZJ019428,0.04804852604866028,0.04241318255662918,0.01153777725994587,0.024304747581481934,0.03456803783774376,0.7431329488754272,0.043820079416036606,0.05217473953962326
ZJ019429,0.1605902463197708,0.1573117971420288,0.34135550260543823,0.03690677508711815,0.13229943811893463,0.045437052845954895,0.08005274832248688,0.04604640230536461
ZJ019430,0.27784812450408936,0.14433705806732178,0.35145074129104614,0.017113832756876945,0.08642162382602692,0.017655126750469208,0.08022249490022659,0.02495097555220127
ZJ019431,0.01737363450229168,0.018974540755152702,0.0062667750753462315,0.010408664122223854,0.02187087945640087,0.880025327205658,0.029230989515781403,0.015849143266677856
ZJ019432,0.186565101146698,0.10361900925636292,0.5451015830039978,0.024053441360592842,0.0706830844283104,0.017573673278093338,0.03743039071559906,0.014973740093410015
ZJ019433,0.03552119806408882,0.008981475606560707,0.00390470027923584,0.04745946824550629,0.016886482015252113,0.009284604340791702,0.02337176725268364,0.8545902967453003
ZJ019434,0.13762445747852325,0.08615742623806,0.528993546962738,0.027072420343756676,0.08837954699993134,0.05206267535686493,0.05667406693100929,0.02303582802414894
ZJ019435,0.1941075176000595,0.11659842729568481,0.3572043478488922,0.037722114473581314,0.0691215917468071,0.024026036262512207,0.044437531381845474,0.15678240358829498
ZJ019436,0.12350083142518997,0.6822644472122192,0.04687552899122238,0.02794250100851059,0.06011338159441948,0.020909544080495834,0.022853275761008263,0.015540532767772675
ZJ019437,0.011243607848882675,0.9234404563903809,0.007546790409833193,0.014295733533799648,0.013962935656309128,0.013339062221348286,0.007929121144115925,0.008242294192314148
ZJ019438,0.016002653166651726,0.8644294738769531,0.004240772686898708,0.013848782517015934,0.022242765873670578,0.017495175823569298,0.04544641077518463,0.016293950378894806
ZJ019439,0.18335601687431335,0.2649017572402954,0.19113247096538544,0.03771992400288582,0.06246965378522873,0.15118257701396942,0.049866873770952225,0.05937076359987259
ZJ019440,0.03117660991847515,0.8131223917007446,0.014883441850543022,0.017284225672483444,0.022983089089393616,0.030085144564509392,0.04876953735947609,0.021695487201213837
ZJ019441,0.9642922878265381,0.007172212470322847,0.0014856322668492794,0.004987678490579128,0.00858072005212307,0.004648296162486076,0.003591561922803521,0.005241518374532461
ZJ019442,0.014230743050575256,0.019261522218585014,0.0043466161005198956,0.013242632150650024,0.014855654910206795,0.8992425799369812,0.020270049571990967,0.014550235122442245
ZJ019443,0.9045302271842957,0.01038071233779192,0.002993016503751278,0.008787447586655617,0.050306882709264755,0.006985039450228214,0.007597381714731455,0.008419260382652283
ZJ019444,0.10315662622451782,0.06399410218000412,0.6794863939285278,0.0337822325527668,0.042217403650283813,0.013078136369585991,0.029890595003962517,0.034394506365060806
ZJ019445,0.753476083278656,0.029237842187285423,0.012785817496478558,0.027238978073000908,0.026906868442893028,0.06784803420305252,0.05947284772992134,0.023033514618873596
ZJ019446,0.010428981855511665,0.014745977707207203,0.01379192154854536,0.005924778059124947,0.009251601994037628,0.9242743849754333,0.009983200579881668,0.011599179357290268
ZJ019447,0.05408400297164917,0.023260286077857018,0.003552081063389778,0.06858331710100174,0.11416670680046082,0.03522642329335213,0.6683691740036011,0.03275802358984947
ZJ019448,0.14849381148815155,0.07410132884979248,0.05729624256491661,0.12313003838062286,0.07787977159023285,0.03683162108063698,0.12375672906637192,0.35851046442985535
ZJ019449,0.009617329575121403,0.9106130003929138,0.006827451288700104,0.019442157819867134,0.012153183110058308,0.016403894871473312,0.012560049071907997,0.012382972054183483
ZJ019450,0.08839459717273712,0.04870600625872612,0.373802125453949,0.06679747253656387,0.07724329084157944,0.03220847249031067,0.08547692000865936,0.22737114131450653
ZJ019451,0.02642538584768772,0.8591799139976501,0.013746130280196667,0.00946727953851223,0.024126864969730377,0.03238324820995331,0.019099194556474686,0.015571980737149715
ZJ019452,0.14724989235401154,0.05370559170842171,0.5148640275001526,0.05825236812233925,0.035957708954811096,0.025123704224824905,0.021525811403989792,0.14332081377506256
ZJ019453,0.01440490409731865,0.01302422396838665,0.0031251772306859493,0.009357592090964317,0.01999031938612461,0.9114952087402344,0.018394682556390762,0.01020785328000784
ZJ019454,0.008385436609387398,0.008905906230211258,0.002300311578437686,0.015231010504066944,0.015918446704745293,0.011923951096832752,0.021830985322594643,0.9155040383338928
ZJ019455,0.017615467309951782,0.9087235331535339,0.0037981397472321987,0.021168040111660957,0.0132234375923872,0.015295784920454025,0.010753721930086613,0.009421887807548046
ZJ019456,0.22507628798484802,0.06979472190141678,0.12565630674362183,0.07078894227743149,0.24041634798049927,0.04255399480462074,0.07169467210769653,0.15401872992515564
ZJ019457,0.30580833554267883,0.12392102181911469,0.37341442704200745,0.023240575566887856,0.064126156270504,0.013033399358391762,0.05398952215909958,0.042466528713703156
ZJ019458,0.008377979509532452,0.011932916939258575,0.00970799196511507,0.00485591497272253,0.008348644711077213,0.9401353001594543,0.007487248629331589,0.009153926745057106
ZJ019459,0.0567118264734745,0.027688583359122276,0.7868766784667969,0.016122709959745407,0.055668801069259644,0.00918986089527607,0.018162112683057785,0.02957943268120289
ZJ019460,0.010220739990472794,0.00705729192122817,0.002779024187475443,0.013468487188220024,0.007723436690866947,0.03327087312936783,0.8955550789833069,0.029925011098384857
ZJ019461,0.06794475018978119,0.05358348786830902,0.003659025998786092,0.059500157833099365,0.03468894213438034,0.05830333009362221,0.5790461301803589,0.1432742178440094
ZJ019462,0.15028122067451477,0.04060140252113342,0.4702680706977844,0.07765792310237885,0.04087996482849121,0.026451854035258293,0.02130790241062641,0.17255175113677979
ZJ019463,0.014853891916573048,0.044741440564394,0.0012062328169122338,0.016032790765166283,0.007679993752390146,0.007569014094769955,0.010465430095791817,0.8974512815475464
ZJ019464,0.0073309531435370445,0.932229220867157,0.0043931277468800545,0.012388089671730995,0.008955983445048332,0.012679271399974823,0.011545048095285892,0.010478242300450802
ZJ019465,0.15399913489818573,0.09387971460819244,0.443021297454834,0.03518343344330788,0.09584902226924896,0.031268782913684845,0.06625903397798538,0.08053959906101227
ZJ019466,0.16573596000671387,0.2320491373538971,0.20042414963245392,0.01774001307785511,0.11013536155223846,0.024113256484270096,0.20575566589832306,0.04404640942811966
ZJ019467,0.11355073750019073,0.11161583662033081,0.45517298579216003,0.06297645717859268,0.0733356848359108,0.07421405613422394,0.03765363618731499,0.0714806541800499
ZJ019468,0.004848380573093891,0.004238298162817955,0.002889930736273527,0.007163272704929113,0.004601537715643644,0.006155568175017834,0.9594041705131531,0.010698854923248291
ZJ019469,0.020677298307418823,0.014870956540107727,0.004862569272518158,0.02228487841784954,0.020381245762109756,0.01701500453054905,0.682902455329895,0.21700555086135864
ZJ019470,0.018303796648979187,0.8404620289802551,0.0024185923393815756,0.020542070269584656,0.02119341865181923,0.02322017215192318,0.05454419180750847,0.01931571774184704
ZJ019471,0.19694067537784576,0.21887242794036865,0.3759784996509552,0.026059255003929138,0.10120885819196701,0.015485525131225586,0.047766003757715225,0.01768876053392887
ZJ019472,0.10428570210933685,0.0467601902782917,0.600955605506897,0.05820970982313156,0.0764128714799881,0.006131716538220644,0.026466913521289825,0.08077733218669891
ZJ019473,0.023036958649754524,0.020645899698138237,0.007934064604341984,0.013431373052299023,0.03382633253931999,0.8542952537536621,0.02674686722457409,0.020083250477910042
ZJ019474,0.17136232554912567,0.13617432117462158,0.402902215719223,0.019544370472431183,0.07017366588115692,0.0144155602902174,0.1378127783536911,0.04761473089456558
ZJ019475,0.007812904193997383,0.009266721084713936,0.004739732947200537,0.008323541842401028,0.012856541201472282,0.007407188881188631,0.9345357418060303,0.01505759172141552
ZJ019476,0.23720058798789978,0.24356719851493835,0.0712672770023346,0.05940818041563034,0.09960177540779114,0.029617615044116974,0.14759202301502228,0.11174539476633072
ZJ019477,0.012229041196405888,0.9157832264900208,0.006490187719464302,0.019023148342967033,0.01466701366007328,0.013881809078156948,0.008208627812564373,0.009716954082250595
ZJ019478,0.20648853480815887,0.10942261666059494,0.5259940028190613,0.025252586230635643,0.06190814450383186,0.01103103905916214,0.037477876991033554,0.02242514118552208
ZJ019479,0.14080514013767242,0.1065417006611824,0.07155440747737885,0.05815965682268143,0.08815266191959381,0.03360920026898384,0.28743457794189453,0.21374262869358063
ZJ019480,0.23214133083820343,0.1411333829164505,0.44577687978744507,0.023575499653816223,0.06141689792275429,0.014755228534340858,0.058387983590364456,0.022812750190496445
ZJ019481,0.19117371737957,0.12812043726444244,0.4993465840816498,0.01784135401248932,0.0800703912973404,0.013883009552955627,0.029061749577522278,0.04050275310873985
ZJ019482,0.8352395296096802,0.01193960476666689,0.0033138711005449295,0.010100246407091618,0.06673374772071838,0.010238634422421455,0.04055448994040489,0.02187979593873024
ZJ019483,0.6920680999755859,0.022101622074842453,0.002553722355514765,0.04574329033493996,0.016293225809931755,0.024501144886016846,0.13893751800060272,0.05780138075351715
ZJ019484,0.040666330605745316,0.031420279294252396,0.003213827731087804,0.022100478410720825,0.019643252715468407,0.8167904615402222,0.04100153595209122,0.025163793936371803
ZJ019485,0.010310802608728409,0.929131805896759,0.007621175609529018,0.01565534807741642,0.010683717206120491,0.012286325916647911,0.007273893803358078,0.007036993745714426
ZJ019486,0.021919164806604385,0.6873865127563477,0.0065322075970470905,0.07453707605600357,0.030280260369181633,0.021598007529973984,0.0844787061214447,0.0732681006193161
ZJ019487,0.004850585944950581,0.005203274078667164,0.003773861099034548,0.006634877063333988,0.006079914513975382,0.007682017516344786,0.9528121948242188,0.012963337823748589
ZJ019488,0.012136098928749561,0.01472423318773508,0.0024643929209560156,0.01372601930052042,0.023821238428354263,0.9063649773597717,0.010736760683357716,0.01602625846862793
ZJ019489,0.21632064878940582,0.16404271125793457,0.4399767816066742,0.019347267225384712,0.03829536214470863,0.012906969524919987,0.08488982170820236,0.0242204200476408
ZJ019490,0.15524475276470184,0.047288086265325546,0.6312068700790405,0.0459614098072052,0.036100517958402634,0.0171717070043087,0.025117535144090652,0.041909053921699524
ZJ019491,0.06084441766142845,0.03629468381404877,0.007269424851983786,0.04957621917128563,0.03577876091003418,0.036157965660095215,0.36525070667266846,0.4088277816772461
ZJ019492,0.006592870224267244,0.9375413656234741,0.002489210106432438,0.0087584238499403,0.008785992860794067,0.009445305913686752,0.01309244055300951,0.013294419273734093
ZJ019493,0.9577460289001465,0.00842353142797947,0.0019874207209795713,0.009020206518471241,0.006056333892047405,0.004930693190544844,0.004942658357322216,0.00689318310469389
ZJ019494,0.20551808178424835,0.08090300858020782,0.46802690625190735,0.031126540154218674,0.0991843044757843,0.019215799868106842,0.04221925511956215,0.05380617827177048
ZJ019495,0.2568110227584839,0.11979860812425613,0.3785649240016937,0.023586884140968323,0.10833250731229782,0.02726997248828411,0.043619025498628616,0.04201708361506462
ZJ019496,0.15959729254245758,0.039291754364967346,0.6438663005828857,0.021295057609677315,0.046349816024303436,0.011636162176728249,0.021571483463048935,0.056392133235931396
ZJ019497,0.455630362033844,0.0663103461265564,0.011733509600162506,0.04636210948228836,0.18148250877857208,0.0784822329878807,0.08480994403362274,0.07518892735242844
ZJ019498,0.03851718455553055,0.030254973098635674,0.0025282816495746374,0.020960381254553795,0.019114192575216293,0.8165168762207031,0.04859243705868721,0.02351566217839718
ZJ019499,0.17182385921478271,0.038342319428920746,0.00777375278994441,0.04092210903763771,0.21511179208755493,0.30350610613822937,0.17516924440860748,0.04735074192285538
ZJ019500,0.18665139377117157,0.02532556653022766,0.007857845164835453,0.03785836324095726,0.6285368204116821,0.06373973935842514,0.025466224178671837,0.024564048275351524
ZJ019501,0.0032867034897208214,0.0036109823267906904,0.0028225495480000973,0.0059067727997899055,0.003418240463361144,0.006557528395205736,0.9674689769744873,0.006928343325853348
ZJ019502,0.012822170741856098,0.011961959302425385,0.00153737619984895,0.034712180495262146,0.00749176274985075,0.911645770072937,0.009666970930993557,0.01016184501349926
ZJ019503,0.152496799826622,0.08797343820333481,0.49997973442077637,0.028504258021712303,0.09524528682231903,0.0193929485976696,0.052697792649269104,0.06370966881513596
ZJ019504,0.20632654428482056,0.15636266767978668,0.44824570417404175,0.017267128452658653,0.08407318592071533,0.016960907727479935,0.05405263975262642,0.016711249947547913
ZJ019505,0.2203184962272644,0.08066758513450623,0.5486969351768494,0.014505024999380112,0.04257551580667496,0.008712940849363804,0.026993928477168083,0.05752946808934212
ZJ019506,0.8403088450431824,0.01420180406421423,0.0042775957845151424,0.01058751530945301,0.10028588026762009,0.015315408818423748,0.006376288831233978,0.008646631613373756
ZJ019507,0.3498486578464508,0.12073978036642075,0.008552887476980686,0.07829605787992477,0.09198671579360962,0.03894275799393654,0.1557992845773697,0.1558338850736618
ZJ019508,0.24112434685230255,0.14646802842617035,0.41795775294303894,0.015503359958529472,0.09620329737663269,0.008897144347429276,0.02991139516234398,0.043934665620326996
ZJ019509,0.22062472999095917,0.10764575749635696,0.22475740313529968,0.17698584496974945,0.07838203758001328,0.049224019050598145,0.04697991535067558,0.09540022909641266
ZJ019510,0.2948198914527893,0.08221573382616043,0.22954796254634857,0.04716821387410164,0.0491369254887104,0.02217823825776577,0.0433817096054554,0.23155130445957184
ZJ019511,0.12354139983654022,0.06592250615358353,0.20973892509937286,0.11421363055706024,0.13148853182792664,0.033592622727155685,0.08646401017904282,0.23503835499286652
ZJ019512,0.017225056886672974,0.017839789390563965,0.00562948128208518,0.010286593809723854,0.02107849344611168,0.8859864473342896,0.025808071717619896,0.016146093606948853
ZJ019513,0.15443281829357147,0.046702589839696884,0.49194392561912537,0.08603695034980774,0.04370862618088722,0.025690710172057152,0.017875200137495995,0.13360914587974548
ZJ019514,0.011454382911324501,0.008147557266056538,0.003860575146973133,0.006579019129276276,0.00910748727619648,0.9389705657958984,0.009685193188488483,0.012195256538689137
ZJ019515,0.1393764168024063,0.18170495331287384,0.3689347505569458,0.01971815526485443,0.1385643482208252,0.026892252266407013,0.07282090187072754,0.05198823660612106
ZJ019516,0.09745761752128601,0.06906691193580627,0.7081868648529053,0.009017927572131157,0.04734586179256439,0.01754935272037983,0.024479400366544724,0.026896003633737564
ZJ019517,0.029193172231316566,0.02062886208295822,0.008709940128028393,0.016003238037228584,0.04105154424905777,0.8244282603263855,0.03470965474843979,0.02527536451816559
ZJ019518,0.0848715752363205,0.5227773189544678,0.049009453505277634,0.025461431592702866,0.07544603198766708,0.03543646261096001,0.07701174914836884,0.12998594343662262
ZJ019519,0.016856282949447632,0.017046572640538216,0.0068146837875247,0.025337770581245422,0.017321018502116203,0.01812823861837387,0.019807448610663414,0.8786880373954773
ZJ019520,0.0057345908135175705,0.004022338427603245,0.002362470608204603,0.007415561471134424,0.004801461473107338,0.004653556272387505,0.9617252349853516,0.009284820407629013
ZJ019521,0.004199321381747723,0.003875588532537222,0.0032776196021586657,0.007350812666118145,0.0038099687080830336,0.004976674448698759,0.9631507992744446,0.009359205141663551
ZJ019522,0.9677742123603821,0.005592968314886093,0.001114645623601973,0.005845502018928528,0.0044380538165569305,0.003911052364856005,0.004933685529977083,0.006389841437339783
ZJ019523,0.021549087017774582,0.02123025432229042,0.007718426175415516,0.009388568811118603,0.018256930634379387,0.8882041573524475,0.012459410354495049,0.021193169057369232
ZJ019524,0.21494093537330627,0.16929221153259277,0.061764299869537354,0.07193220406770706,0.09749918431043625,0.04660685360431671,0.14676639437675476,0.19119787216186523
ZJ019525,0.0035308324731886387,0.0029237959533929825,0.0020284163765609264,0.0057296231389045715,0.004535951651632786,0.005154778249561787,0.9661615490913391,0.009935038164258003
ZJ019526,0.21201343834400177,0.14182260632514954,0.03536176681518555,0.06123493239283562,0.07515601813793182,0.03731561079621315,0.2271367907524109,0.20995882153511047
ZJ019527,0.5110806822776794,0.03336505591869354,0.06805944442749023,0.11932350695133209,0.06363202631473541,0.030650243163108826,0.01584519073367119,0.15804392099380493
ZJ019528,0.16345363855361938,0.44296911358833313,0.006971753668040037,0.03521895408630371,0.05545448884367943,0.030376924201846123,0.07005171477794647,0.19550341367721558
ZJ019529,0.15708641707897186,0.07491514831781387,0.6534630060195923,0.018705233931541443,0.03602026030421257,0.010382945649325848,0.015253563411533833,0.03417342156171799
ZJ019530,0.23173125088214874,0.13428421318531036,0.4024253487586975,0.023524368181824684,0.08792523294687271,0.018377909436821938,0.07191558182239532,0.029816128313541412
ZJ019531,0.02601667121052742,0.021885549649596214,0.008755500428378582,0.014281680807471275,0.03711959347128868,0.8422468900680542,0.02810584381222725,0.021588224917650223
ZJ019532,0.008475949056446552,0.7939264178276062,0.003288784995675087,0.009506949223577976,0.007865607738494873,0.015024256892502308,0.14421916007995605,0.017692934721708298
ZJ019533,0.24073024094104767,0.1333640068769455,0.33978918194770813,0.02083015814423561,0.06964362412691116,0.015617629513144493,0.14133398234844208,0.03869124501943588
ZJ019534,0.22646421194076538,0.010089591145515442,0.00513975927606225,0.022753100842237473,0.04912034422159195,0.011353020556271076,0.6576687097549438,0.017411235719919205
ZJ019535,0.20395725965499878,0.14937877655029297,0.03910691663622856,0.06981400400400162,0.0750005915760994,0.03703125938773155,0.20367005467414856,0.22204110026359558
ZJ019536,0.3365565240383148,0.012152018025517464,0.003988022916018963,0.07260870933532715,0.036914169788360596,0.030687814578413963,0.055199988186359406,0.4518927335739136
ZJ019537,0.008835012093186378,0.006301075220108032,0.002695684088394046,0.015693727880716324,0.011505551636219025,0.00770659651607275,0.017407696694135666,0.9298546314239502
ZJ019538,0.5980848073959351,0.14285503327846527,0.04994780197739601,0.020863326266407967,0.07900930941104889,0.010513365268707275,0.08333829790353775,0.015388070605695248
ZJ019539,0.13685621321201324,0.10943232476711273,0.05129498615860939,0.06916678696870804,0.10967893153429031,0.054904814809560776,0.09292662888765335,0.37573927640914917
ZJ019540,0.9628212451934814,0.006124136038124561,0.0014125066809356213,0.0065477145835757256,0.00533874798566103,0.00504484586417675,0.00654400372877717,0.006166799459606409
ZJ019541,0.05587572231888771,0.11909869313240051,0.0848400667309761,0.08178573846817017,0.1595832258462906,0.2921941578388214,0.062650665640831,0.14397168159484863
ZJ019542,0.18691743910312653,0.1605910360813141,0.3635852336883545,0.02771596610546112,0.13200980424880981,0.028710437938570976,0.06391038000583649,0.03655966743826866
ZJ019543,0.07928750663995743,0.009130328893661499,0.0020421661902219057,0.03316579759120941,0.015842575579881668,0.03019873797893524,0.809147298336029,0.02118556573987007
ZJ019544,0.9645755887031555,0.004994309041649103,0.0015138102462515235,0.005594094283878803,0.0042777578346431255,0.0043600271455943584,0.00457024946808815,0.010114229284226894
ZJ019545,0.011290227063000202,0.922235906124115,0.004354269243776798,0.02343057096004486,0.010832433588802814,0.010482766665518284,0.007660273928195238,0.00971356313675642
ZJ019546,0.2807764708995819,0.14971432089805603,0.32381269335746765,0.022026117891073227,0.05307041481137276,0.022786499932408333,0.11955468356609344,0.02825883962213993
ZJ019547,0.20776252448558807,0.45571982860565186,0.02925334870815277,0.02598355896770954,0.07892035692930222,0.03793122246861458,0.07265698909759521,0.09177219867706299
ZJ019548,0.015407455153763294,0.8957124948501587,0.004196902737021446,0.009321501478552818,0.01735047996044159,0.017862549051642418,0.025055058300495148,0.015093548223376274
ZJ019549,0.17622092366218567,0.04446912556886673,0.00576433353126049,0.025294100865721703,0.04802357032895088,0.01934908702969551,0.15119852125644684,0.5296803712844849
ZJ019550,0.010162293910980225,0.9311467409133911,0.006064258050173521,0.015176666900515556,0.01118683721870184,0.012412565760314465,0.00621673883870244,0.007633928209543228
ZJ019551,0.14948004484176636,0.20828299224376678,0.4926829934120178,0.020539963617920876,0.0500498041510582,0.0230708085000515,0.040828634053468704,0.01506468653678894
ZJ019552,0.011026320047676563,0.008763940073549747,0.007127934601157904,0.9242668747901917,0.010890659876167774,0.009574689902365208,0.010179911740124226,0.01816961169242859
ZJ019553,0.1146475076675415,0.05582915246486664,0.21360532939434052,0.15060704946517944,0.12898778915405273,0.04247978329658508,0.0543716661632061,0.23947182297706604
ZJ019554,0.10756813734769821,0.02081906981766224,0.004252639599144459,0.08003934472799301,0.08954742550849915,0.028347142040729523,0.5441079139709473,0.12531828880310059
ZJ019555,0.26090773940086365,0.07533971965312958,0.019618496298789978,0.08093083649873734,0.06569235771894455,0.040318068116903305,0.23426400125026703,0.22292882204055786
ZJ019556,0.287031888961792,0.12885060906410217,0.3662446439266205,0.025214269757270813,0.04841039329767227,0.025524957105517387,0.08388454467058182,0.03483858332037926
ZJ019557,0.14293143153190613,0.09178441017866135,0.5020574331283569,0.030479691922664642,0.10131266713142395,0.020475270226597786,0.04721440374851227,0.06374465674161911
ZJ019558,0.2012619972229004,0.20642568171024323,0.2702650725841522,0.026060670614242554,0.17716728150844574,0.058306269347667694,0.026414664462208748,0.03409839794039726
ZJ019559,0.15829849243164062,0.06934686750173569,0.05248608440160751,0.140260711312294,0.0719921886920929,0.0327242873609066,0.12494701892137527,0.3499443233013153
ZJ019560,0.2568872272968292,0.14639079570770264,0.3563479483127594,0.023485252633690834,0.04634647071361542,0.022578127682209015,0.10896125435829163,0.03900293633341789
ZJ019561,0.008506142534315586,0.9367145895957947,0.00633015064522624,0.011885781772434711,0.011402968317270279,0.01091651152819395,0.0069769322872161865,0.007266931235790253
ZJ019562,0.03260103613138199,0.023944584652781487,0.0026383420918136835,0.018391579389572144,0.014483618550002575,0.8532940745353699,0.03413043171167374,0.020516276359558105
ZJ019563,0.9320310950279236,0.015224852599203587,0.0027469219639897346,0.011088100261986256,0.011239846237003803,0.00605392549186945,0.006563200615346432,0.015052092261612415
ZJ019564,0.19928677380084991,0.09039921313524246,0.49890121817588806,0.023299194872379303,0.1121923103928566,0.016537511721253395,0.035017240792512894,0.02436654455959797
ZJ019565,0.9657377004623413,0.005800867453217506,0.0018527392530813813,0.006028194911777973,0.009106665849685669,0.003965295851230621,0.004009990952908993,0.0034986771643161774
ZJ019566,0.955767810344696,0.0049731312319636345,0.001967612188309431,0.0067504290491342545,0.005515608936548233,0.0042853704653680325,0.004604683257639408,0.016135266050696373
ZJ019567,0.07894781231880188,0.03787683695554733,0.028982041403651237,0.06442368775606155,0.07129751145839691,0.029210718348622322,0.03513908386230469,0.6541222333908081
ZJ019568,0.10232671350240707,0.031858913600444794,0.018735762685537338,0.14133843779563904,0.07936006039381027,0.030521197244524956,0.07367642223834991,0.5221825242042542
ZJ019569,0.10560443997383118,0.1274752914905548,0.10238828510046005,0.05542890727519989,0.10324829816818237,0.033657755702733994,0.25246351957321167,0.21973353624343872
ZJ019570,0.23366110026836395,0.12209583073854446,0.45634257793426514,0.01842988096177578,0.07998466491699219,0.009853718802332878,0.049731798470020294,0.02990044467151165
ZJ019571,0.16829803586006165,0.2011168897151947,0.4852479100227356,0.01828322745859623,0.052832819521427155,0.018298717215657234,0.04079712927341461,0.015125207602977753
ZJ019572,0.039507318288087845,0.0590682327747345,0.7729330062866211,0.028462504968047142,0.043528951704502106,0.013262089341878891,0.021212782710790634,0.022025153040885925
ZJ019573,0.16361169517040253,0.4926898181438446,0.012401264160871506,0.04938453063368797,0.057578399777412415,0.025070887058973312,0.11964240670204163,0.07962091267108917
ZJ019574,0.188896045088768,0.12139752507209778,0.3283745050430298,0.02226478047668934,0.13764145970344543,0.02084440551698208,0.08759075403213501,0.09299058467149734
ZJ019575,0.00460339430719614,0.004185117315500975,0.0034363039303570986,0.008274221792817116,0.004983201157301664,0.005530675407499075,0.9611799716949463,0.007807067129760981
ZJ019576,0.1477169692516327,0.05631991848349571,0.6277341842651367,0.04701029881834984,0.048447899520397186,0.010385909117758274,0.023366166278719902,0.03901863098144531
ZJ019577,0.9387866854667664,0.012866136617958546,0.0019190361490473151,0.011972257867455482,0.012294387444853783,0.009185109287500381,0.00812738761305809,0.004848900716751814
ZJ019578,0.2726078927516937,0.11721090227365494,0.04272451251745224,0.03136757016181946,0.19135423004627228,0.068814218044281,0.18884748220443726,0.0870731920003891
ZJ019579,0.06543653458356857,0.06255786865949631,0.7329550981521606,0.031409937888383865,0.0339488685131073,0.013461886905133724,0.03395254164934158,0.026277245953679085
ZJ019580,0.009781916625797749,0.03750404715538025,0.0059666200540959835,0.013313494622707367,0.020497621968388557,0.02874929830431938,0.8614286780357361,0.0227582436054945
ZJ019581,0.2069256752729416,0.04939482733607292,0.5400869846343994,0.04430738463997841,0.051131509244441986,0.010955927893519402,0.032900337129831314,0.06429734081029892
ZJ019582,0.017758693546056747,0.9106337428092957,0.005442189518362284,0.015292925760149956,0.016233468428254128,0.016898728907108307,0.006293972954154015,0.011446277610957623
ZJ019583,0.24728766083717346,0.14693351089954376,0.37547555565834045,0.023047851398587227,0.1004587933421135,0.01924954354763031,0.06251408904790878,0.025032980367541313
ZJ019584,0.004616943188011646,0.0035063186660408974,0.0029961918480694294,0.007549792993813753,0.003825416089966893,0.005392888095229864,0.9642428159713745,0.007869548164308071
ZJ019585,0.19042277336120605,0.18316751718521118,0.32214343547821045,0.030788855627179146,0.12352600693702698,0.041780758649110794,0.04552643373608589,0.06264425814151764
ZJ019586,0.15529108047485352,0.04926636815071106,0.02287525124847889,0.04271266609430313,0.06326329708099365,0.02045905590057373,0.581053614616394,0.06507863849401474
ZJ019587,0.12547411024570465,0.13453291356563568,0.05752253904938698,0.05527174845337868,0.07948759943246841,0.03802482783794403,0.2510819435119629,0.2586042582988739
ZJ019588,0.20385681092739105,0.07822436094284058,0.5555274486541748,0.019349975511431694,0.072412870824337,0.011615351773798466,0.036817487329244614,0.022195644676685333
ZJ019589,0.01742628775537014,0.0236884206533432,0.007924232631921768,0.8737854957580566,0.008197490125894547,0.036587852984666824,0.012764796614646912,0.01962537132203579
ZJ019590,0.03836697340011597,0.012233794666826725,0.0021639284677803516,0.01997748389840126,0.023520978167653084,0.014817332848906517,0.8484444618225098,0.040474943816661835
ZJ019591,0.13866619765758514,0.1078692302107811,0.5925893187522888,0.015711281448602676,0.06650633364915848,0.011891600675880909,0.04313251003623009,0.023633548989892006
ZJ019592,0.9616096019744873,0.005761563312262297,0.0017632973613217473,0.008614092133939266,0.005900993477553129,0.0045586563646793365,0.005273765418678522,0.006518024951219559
ZJ019593,0.15263797342777252,0.05445398762822151,0.11860393732786179,0.13982321321964264,0.08995716273784637,0.037171415984630585,0.12144235521554947,0.2859099507331848
ZJ019594,0.15988318622112274,0.06262290477752686,0.0724964588880539,0.1470409482717514,0.074988953769207,0.03232453018426895,0.13382241129875183,0.3168206214904785
ZJ019595,0.11995743960142136,0.3839300870895386,0.3393094837665558,0.014961190521717072,0.06793871521949768,0.014574148692190647,0.03550008684396744,0.023828905075788498
ZJ019596,0.002572421682998538,0.004171366803348064,0.0026344596408307552,0.005230856593698263,0.0036555661354213953,0.004555775783956051,0.9680418372154236,0.009137730114161968
ZJ019597,0.35552409291267395,0.11802972108125687,0.34098020195961,0.019717151299118996,0.07607021927833557,0.013735521584749222,0.060369834303855896,0.015573360025882721
ZJ019598,0.21550552546977997,0.16879434883594513,0.07462112605571747,0.07069499045610428,0.10881167650222778,0.04225898161530495,0.14260628819465637,0.1767071783542633
ZJ019599,0.3124793767929077,0.12074389308691025,0.37442007660865784,0.02418781816959381,0.06445834040641785,0.017182225361466408,0.06262961030006409,0.023898685351014137
ZJ019600,0.03835787624120712,0.020180130377411842,0.004224999807775021,0.021954193711280823,0.8467379808425903,0.011229545809328556,0.009351816028356552,0.047963470220565796
ZJ019601,0.07305450737476349,0.08069103956222534,0.02203986421227455,0.07114782929420471,0.060061950236558914,0.030884847044944763,0.4708867371082306,0.19123317301273346
ZJ019602,0.9603739380836487,0.004758590832352638,0.0013195768697187304,0.0071134427562355995,0.004767630249261856,0.005577814299613237,0.009406909346580505,0.006682075560092926
ZJ019603,0.09993504732847214,0.06241701915860176,0.6324902772903442,0.056899335235357285,0.028875460848212242,0.006111818365752697,0.016931628808379173,0.09633944183588028
ZJ019604,0.2302590310573578,0.14374756813049316,0.4424534738063812,0.01629442535340786,0.09324707090854645,0.012410922907292843,0.03387576714158058,0.027711786329746246
ZJ019605,0.04965144768357277,0.04086598753929138,0.009925225749611855,0.0314750000834465,0.03600342944264412,0.020492177456617355,0.16069994866847992,0.6508867740631104
ZJ019606,0.03920906037092209,0.04377589002251625,0.03383652865886688,0.02125176414847374,0.05143093690276146,0.08125528693199158,0.6811259388923645,0.04811456799507141
ZJ019607,0.3096298575401306,0.17270542681217194,0.31308847665786743,0.017209602519869804,0.07857346534729004,0.01457036379724741,0.06804914027452469,0.026173707097768784
ZJ019608,0.00616606418043375,0.9442003965377808,0.0037824588362127542,0.012410173192620277,0.009844175539910793,0.010904410853981972,0.005587054882198572,0.007105148863047361
ZJ019609,0.022724855691194534,0.911599338054657,0.0030900798738002777,0.007674894295632839,0.010081471875309944,0.008319756016135216,0.02696087770164013,0.00954867247492075
ZJ019610,0.021768540143966675,0.016524989157915115,0.0019273586804047227,0.016630399972200394,0.012353778816759586,0.8899289965629578,0.026419496163725853,0.014446399174630642
ZJ019611,0.31413447856903076,0.06235174462199211,0.5300233960151672,0.014245524071156979,0.030696522444486618,0.006525612901896238,0.027625249698758125,0.01439746469259262
ZJ019612,0.004316186066716909,0.009525568224489689,0.0034033209085464478,0.022373614832758904,0.009519724175333977,0.017069462686777115,0.8000395894050598,0.13375245034694672
ZJ019613,0.07964800298213959,0.06967709213495255,0.6232013702392578,0.06716912239789963,0.0700012668967247,0.00872514583170414,0.02842020057141781,0.05315781012177467
ZJ019614,0.25303494930267334,0.1079302653670311,0.4367241859436035,0.03262769430875778,0.07086881250143051,0.014600908383727074,0.026992028579115868,0.05722115561366081
ZJ019615,0.049922049045562744,0.034447550773620605,0.0026465854607522488,0.022143714129924774,0.01817929558455944,0.7898314595222473,0.05676916614174843,0.02606015093624592
ZJ019616,0.0031103750225156546,0.003874771064147353,0.003213428659364581,0.008995565585792065,0.004325442016124725,0.005375069100409746,0.9568216800689697,0.014283602125942707
ZJ019617,0.009055675938725471,0.9354363679885864,0.005354662891477346,0.010895940475165844,0.011762263253331184,0.012687335722148418,0.005831622518599033,0.008976073935627937
ZJ019618,0.11843398213386536,0.07919301092624664,0.2726888656616211,0.1891467124223709,0.07046975195407867,0.05599479377269745,0.05681753531098366,0.1572553664445877
ZJ019619,0.01224184688180685,0.01122327707707882,0.004957723431289196,0.008558183908462524,0.015640942379832268,0.9222530126571655,0.014073209837079048,0.01105179637670517
ZJ019620,0.22430893778800964,0.10846705734729767,0.43815192580223083,0.01968132145702839,0.06802765280008316,0.012210763990879059,0.10401126742362976,0.025141097605228424
ZJ019621,0.11380496621131897,0.06183740496635437,0.5470587611198425,0.05855890363454819,0.05478568747639656,0.03432648256421089,0.018948206678032875,0.11067960411310196
ZJ019622,0.7692322134971619,0.04139682278037071,0.0059057422913610935,0.0257332194596529,0.020239297300577164,0.028346307575702667,0.021105417981743813,0.08804105222225189
ZJ019623,0.012841281481087208,0.011865817941725254,0.005504250060766935,0.008936503902077675,0.016431808471679688,0.9175845980644226,0.015423431061208248,0.011412285268306732
ZJ019624,0.005946422461420298,0.009343274869024754,0.002276297425851226,0.01780613139271736,0.0062572527676820755,0.006496311165392399,0.935474157333374,0.016400163993239403
ZJ019625,0.008944184519350529,0.014560260809957981,0.0054693869315087795,0.007364488672465086,0.011762702837586403,0.9362615942955017,0.008794181048870087,0.006843253504484892
ZJ019626,0.15963071584701538,0.2083486020565033,0.3045792877674103,0.02636372111737728,0.06533267349004745,0.07659966498613358,0.10479971021413803,0.05434554070234299
ZJ019627,0.17591966688632965,0.10872651636600494,0.03083030879497528,0.07446717470884323,0.08153493702411652,0.05020413175225258,0.18618381023406982,0.29213348031044006
ZJ019628,0.027205072343349457,0.18780557811260223,0.007872337475419044,0.06414704024791718,0.034035827964544296,0.036007385700941086,0.11902036517858505,0.523906409740448
ZJ019629,0.6507431864738464,0.0987672358751297,0.10176399350166321,0.011382405646145344,0.06479612737894058,0.011892027221620083,0.04617626592516899,0.014478753320872784
ZJ019630,0.38854438066482544,0.1833907961845398,0.0031340010464191437,0.0407492071390152,0.0375160276889801,0.043991729617118835,0.275874525308609,0.026799337938427925
ZJ019631,0.015111428685486317,0.9017369151115417,0.0076058004051446915,0.0235532708466053,0.016106655821204185,0.013367577455937862,0.01256279181689024,0.009955482557415962
ZJ019632,0.5850966572761536,0.07634685933589935,0.068461112678051,0.019949110224843025,0.1405239999294281,0.015356679446995258,0.07065270841121674,0.02361293137073517
ZJ019633,0.00807299092411995,0.9395468831062317,0.005393007770180702,0.011962730437517166,0.0091555779799819,0.011966530233621597,0.0068678949028253555,0.007034525275230408
ZJ019634,0.7864922285079956,0.0400262326002121,0.003158090403303504,0.02531147375702858,0.0640738233923912,0.010437787510454655,0.011406446807086468,0.05909395590424538
ZJ019635,0.013803783804178238,0.01590855047106743,0.004219102673232555,0.009413843974471092,0.012648414820432663,0.9090736508369446,0.022462567314505577,0.012470180168747902
ZJ019636,0.11330033093690872,0.06869535893201828,0.6600950360298157,0.03073335997760296,0.044748611748218536,0.014335926622152328,0.03393377736210823,0.034157536923885345
ZJ019637,0.1669151782989502,0.08624561876058578,0.5657935738563538,0.028967957943677902,0.06317862123250961,0.013361211866140366,0.04580111801624298,0.029736731201410294
ZJ019638,0.2723168432712555,0.11576097458600998,0.32190459966659546,0.017253845930099487,0.049172766506671906,0.011708462610840797,0.160817950963974,0.05106458067893982
ZJ019639,0.11966115981340408,0.18026678264141083,0.11517808586359024,0.05542141571640968,0.10808096826076508,0.028283406049013138,0.22588154673576355,0.167226642370224
ZJ019640,0.09709054976701736,0.11888080835342407,0.03380828723311424,0.07495082169771194,0.06304412335157394,0.030991876497864723,0.33039626479148865,0.2508372664451599
ZJ019641,0.03421104699373245,0.8289445638656616,0.004583152011036873,0.011979297734797001,0.03627903759479523,0.026782741770148277,0.03655119240283966,0.020669033750891685
ZJ019642,0.07152947038412094,0.0996251106262207,0.06958764046430588,0.03639742732048035,0.07335561513900757,0.2676753103733063,0.266105055809021,0.11572439223527908
ZJ019643,0.26719391345977783,0.14689113199710846,0.38454189896583557,0.015094607137143612,0.04750891029834747,0.01673639379441738,0.09668491780757904,0.025348231196403503
ZJ019644,0.021725663915276527,0.04919350519776344,0.001942898496054113,0.11283604800701141,0.009518356062471867,0.014578955247998238,0.017520243301987648,0.7726842761039734
ZJ019645,0.1556539535522461,0.05946003273129463,0.5481648445129395,0.05505795776844025,0.06651772558689117,0.01665937341749668,0.026248114183545113,0.07223804295063019
ZJ019646,0.008673670701682568,0.014307983219623566,0.00500635989010334,0.0065930928103625774,0.013336755335330963,0.9352394938468933,0.009421090595424175,0.007421595044434071
ZJ019647,0.005525507032871246,0.004942095838487148,0.00425884360447526,0.00970422849059105,0.0065630231983959675,0.007087929639965296,0.949444055557251,0.012474220246076584
ZJ019648,0.7169966697692871,0.012666386552155018,0.0029257924761623144,0.01114829070866108,0.052535559982061386,0.015594086609780788,0.1586117297410965,0.02952147275209427
ZJ019649,0.006922396831214428,0.9424129724502563,0.003984369803220034,0.01069551520049572,0.008627315983176231,0.011896129697561264,0.005634151864796877,0.009827128611505032
ZJ019650,0.3742641508579254,0.010602804832160473,0.00513245165348053,0.02224733494222164,0.019426709040999413,0.021779831498861313,0.47588351368904114,0.0706631988286972
ZJ019651,0.15755249559879303,0.04412160813808441,0.05381230637431145,0.1541408896446228,0.05930263176560402,0.03652879223227501,0.07294007390737534,0.42160123586654663
ZJ019652,0.2348271906375885,0.11236149817705154,0.4802902936935425,0.027160413563251495,0.07366513460874557,0.009587366133928299,0.032353613525629044,0.0297543965280056
ZJ019653,0.17025186121463776,0.1458675116300583,0.44543778896331787,0.025179501622915268,0.11188094317913055,0.023954790085554123,0.05291418358683586,0.024513421580195427
ZJ019654,0.2665444016456604,0.0554603673517704,0.39650729298591614,0.04134588688611984,0.06111002713441849,0.014051246456801891,0.047144003212451935,0.11783677339553833
ZJ019655,0.38731706142425537,0.11145185679197311,0.3204333782196045,0.02108578383922577,0.07375437766313553,0.012917698360979557,0.045477259904146194,0.027562636882066727
ZJ019656,0.0061366986483335495,0.00417715311050415,0.0019484976073727012,0.007075172383338213,0.0043394058011472225,0.007331978529691696,0.9623074531555176,0.006683696992695332
ZJ019657,0.08552458137273788,0.04851206764578819,0.7360308766365051,0.03457120805978775,0.03484409675002098,0.004642774350941181,0.01768035627901554,0.03819402679800987
ZJ019658,0.9497972130775452,0.010159933939576149,0.002033067401498556,0.00856501329690218,0.008411429822444916,0.006994327530264854,0.005052519496530294,0.008986450731754303
ZJ019659,0.10096249729394913,0.009097275324165821,0.003997027408331633,0.01744901016354561,0.035037070512771606,0.009095496498048306,0.8110775947570801,0.013284117914736271
ZJ019660,0.07259952276945114,0.028416497632861137,0.6353719234466553,0.07838395237922668,0.06249489262700081,0.017655977979302406,0.024901099503040314,0.08017618209123611
ZJ019661,0.007048972882330418,0.009448603726923466,0.0030437875539064407,0.9501410126686096,0.006237841676920652,0.006795356050133705,0.009098582901060581,0.008185828104615211
ZJ019662,0.09727449715137482,0.13374216854572296,0.6040639281272888,0.021038208156824112,0.06539352238178253,0.009479904547333717,0.0421198345720768,0.026887929067015648
ZJ019663,0.007548972498625517,0.9443981647491455,0.003286650637164712,0.011331750079989433,0.008577817119657993,0.01050734706223011,0.006874063052237034,0.007475201040506363
ZJ019664,0.08209524303674698,0.09579088538885117,0.6020084619522095,0.05842321738600731,0.05626802146434784,0.012219490483403206,0.02956942282617092,0.0636252835392952
ZJ019665,0.927559494972229,0.009900546632707119,0.0020767473615705967,0.01403410267084837,0.008817685768008232,0.009449617005884647,0.009154281578958035,0.019007448107004166
ZJ019666,0.5211151242256165,0.14465585350990295,0.148126021027565,0.0210941843688488,0.07915473729372025,0.00893410574644804,0.05531911924481392,0.02160089649260044
ZJ019667,0.04232511669397354,0.8512300848960876,0.0032033962197601795,0.027929577976465225,0.01811791956424713,0.02127142623066902,0.01989843137562275,0.016024062409996986
ZJ019668,0.01616969145834446,0.010219307616353035,0.002417648211121559,0.011311903595924377,0.015182743780314922,0.009150311350822449,0.008116992190480232,0.9274314045906067
ZJ019669,0.015402625314891338,0.016039768233895302,0.004520933609455824,0.02086595445871353,0.025795912370085716,0.02202342450618744,0.8480106592178345,0.04734073579311371
ZJ019670,0.10438404232263565,0.08121178299188614,0.19609244167804718,0.11491135507822037,0.11913751065731049,0.03330424800515175,0.11076965183019638,0.24018898606300354
ZJ019671,0.12438774108886719,0.08891486376523972,0.14857694506645203,0.10201409459114075,0.10019689798355103,0.03004368767142296,0.10521967709064484,0.3006461262702942
ZJ019672,0.24025574326515198,0.11199716478586197,0.025420963764190674,0.19030043482780457,0.1422625035047531,0.04858677461743355,0.061088886111974716,0.18008755147457123
ZJ019673,0.29607442021369934,0.1572500467300415,0.0625426396727562,0.05607812851667404,0.08841095119714737,0.029804842546582222,0.1765691190958023,0.13326986134052277
ZJ019674,0.26016703248023987,0.1685509979724884,0.4283529818058014,0.01582491025328636,0.05227500572800636,0.018819808959960938,0.03794512152671814,0.01806419901549816
ZJ019675,0.011315933428704739,0.9226693511009216,0.00731419213116169,0.013261619955301285,0.012976559810340405,0.00988064520061016,0.009734438732266426,0.012847205623984337
ZJ019676,0.13096848130226135,0.044673651456832886,0.5978893637657166,0.02841298282146454,0.05712634325027466,0.03970029577612877,0.03041892684996128,0.07080995291471481
ZJ019677,0.0843045562505722,0.10976868122816086,0.0730891078710556,0.05203493312001228,0.0847645252943039,0.02834867686033249,0.3499804735183716,0.21770904958248138
ZJ019678,0.1275646686553955,0.20091001689434052,0.01386567484587431,0.05048774927854538,0.10131710767745972,0.026750266551971436,0.09660172462463379,0.38250282406806946
ZJ019679,0.01062737125903368,0.011370557360351086,0.004212737083435059,0.012396201491355896,0.013629932887852192,0.012828154489398003,0.011335634626448154,0.923599362373352
ZJ019680,0.3354686498641968,0.02598157711327076,0.010464755818247795,0.09894534945487976,0.3546060621738434,0.045740630477666855,0.0505811981856823,0.0782117173075676
ZJ019681,0.20911255478858948,0.11282338947057724,0.5158811807632446,0.01901870220899582,0.05482722446322441,0.012127084657549858,0.05323945730924606,0.02297033555805683
ZJ019682,0.051158539950847626,0.05927182361483574,0.32582372426986694,0.15471476316452026,0.07555793225765228,0.019507143646478653,0.04681989550590515,0.2671462297439575
ZJ019683,0.011105437763035297,0.012179123237729073,0.0026646247133612633,0.008581848815083504,0.016455989331007004,0.9153156280517578,0.020543590188026428,0.013153771869838238
ZJ019684,0.009560846723616123,0.9298670887947083,0.002462384756654501,0.013753543607890606,0.007983941584825516,0.014424131251871586,0.010087220929563046,0.011860847473144531
ZJ019685,0.007028199266642332,0.939314067363739,0.0025373101234436035,0.014195932075381279,0.0075354198925197124,0.009751158766448498,0.008862140588462353,0.010775807313621044
ZJ019686,0.18207435309886932,0.18386511504650116,0.439731240272522,0.02150030806660652,0.07876952737569809,0.01097873318940401,0.05795849859714508,0.02512221410870552
ZJ019687,0.2186150848865509,0.04720904678106308,0.5596941709518433,0.022520801052451134,0.050822727382183075,0.009138834662735462,0.03469587117433548,0.057303495705127716
ZJ019688,0.9031069278717041,0.007915670052170753,0.0022162168752402067,0.009280061349272728,0.05302512273192406,0.004930189810693264,0.0091773122549057,0.01034852396696806
ZJ019689,0.008327273651957512,0.006121229380369186,0.0015931271482259035,0.007809592876583338,0.007367005571722984,0.006166315171867609,0.9476416110992432,0.014973833225667477
ZJ019690,0.18880698084831238,0.1702709048986435,0.3831522464752197,0.016880180686712265,0.08133874833583832,0.017327463254332542,0.11631785333156586,0.025905655696988106
ZJ019691,0.28527000546455383,0.15725211799144745,0.25822773575782776,0.026736309751868248,0.16229291260242462,0.028190454468131065,0.05212318152189255,0.029907245188951492
ZJ019692,0.008356593549251556,0.8139237761497498,0.0032812280114740133,0.013769404962658882,0.009694898501038551,0.02606385201215744,0.05922587960958481,0.06568426638841629
ZJ019693,0.14470961689949036,0.04306378588080406,0.6031282544136047,0.0569298230111599,0.045164622366428375,0.03226563706994057,0.021364038810133934,0.053374167531728745
ZJ019694,0.22646473348140717,0.022198788821697235,0.0021587200462818146,0.5764767527580261,0.01576954871416092,0.010040583088994026,0.03179061785340309,0.11510030180215836
ZJ019695,0.015150695107877254,0.8855022192001343,0.0034056715667247772,0.014693131670355797,0.015174251981079578,0.012182136997580528,0.03754222020506859,0.01634971797466278
ZJ019696,0.013100427575409412,0.8373022675514221,0.0038400276098400354,0.013883600942790508,0.017713896930217743,0.022388769313693047,0.0729256346821785,0.018845507875084877
ZJ019697,0.14322437345981598,0.12378137558698654,0.598143994808197,0.013706184923648834,0.050846781581640244,0.011029026471078396,0.03188708424568176,0.027381213381886482
ZJ019698,0.008539550937712193,0.008628453128039837,0.0035277653951197863,0.9084780216217041,0.00876473356038332,0.02020006999373436,0.02413681335747242,0.017724517732858658
ZJ019699,0.2685443162918091,0.05938317999243736,0.4270561635494232,0.03441324084997177,0.05269531160593033,0.03667561337351799,0.03917992487549782,0.08205218613147736
ZJ019700,0.911257266998291,0.009556390345096588,0.0019445529906079173,0.014203391037881374,0.016480732709169388,0.01463713776320219,0.020703069865703583,0.011217477731406689
ZJ019701,0.00846272986382246,0.9266894459724426,0.0029729423113167286,0.01244386937469244,0.009732742793858051,0.011330661363899708,0.013940234668552876,0.014427274465560913
ZJ019702,0.32874831557273865,0.12258083373308182,0.01756906323134899,0.04223444312810898,0.06295225769281387,0.2950740456581116,0.08204878121614456,0.04879224672913551
ZJ019703,0.031319670379161835,0.013554632663726807,0.004367817658931017,0.125235915184021,0.02178439125418663,0.7515349984169006,0.02684391289949417,0.025358667597174644
ZJ019704,0.17799627780914307,0.10301879793405533,0.3929990530014038,0.08728506416082382,0.08082443475723267,0.029797719791531563,0.0217182207852602,0.10636045038700104
ZJ019705,0.007522517815232277,0.8637849688529968,0.0029838967602699995,0.020985020324587822,0.01256383117288351,0.012946453876793385,0.049524616450071335,0.029688628390431404
ZJ019706,0.009405460208654404,0.0055925981141626835,0.0020603984594345093,0.006988861598074436,0.007474195212125778,0.0064483340829610825,0.9540387392044067,0.007991439662873745
ZJ019707,0.014173673465847969,0.01544907782226801,0.0040782783180475235,0.009091906249523163,0.012593282386660576,0.9095206260681152,0.022805217653512955,0.012287846766412258
ZJ019708,0.22495687007904053,0.1631181836128235,0.39909765124320984,0.015713732689619064,0.08208663016557693,0.01733950711786747,0.0734894797205925,0.024197904393076897
ZJ019709,0.014764482155442238,0.014763855375349522,0.006184488534927368,0.04685794934630394,0.029337838292121887,0.01574847102165222,0.14783331751823425,0.724509596824646
ZJ019710,0.19856184720993042,0.20480972528457642,0.08330846577882767,0.05813925340771675,0.10304821282625198,0.035913024097681046,0.16550670564174652,0.1507127434015274
ZJ019711,0.008337872102856636,0.010495176538825035,0.002831177320331335,0.01021324098110199,0.004630289040505886,0.005377708002924919,0.9491595029830933,0.008955024182796478
ZJ019712,0.2699924409389496,0.29041972756385803,0.2055593878030777,0.030017193406820297,0.08247990161180496,0.02344709075987339,0.06599324196577072,0.03209098428487778
ZJ019713,0.1669994443655014,0.027997802942991257,0.007314436603337526,0.10021306574344635,0.07274521887302399,0.04356427118182182,0.11196983605623245,0.4691959619522095
ZJ019714,0.007650453131645918,0.9329058527946472,0.00374854588881135,0.0164730716496706,0.01057544257491827,0.011981123127043247,0.0077543556690216064,0.008911212906241417
ZJ019715,0.07893306761980057,0.17862556874752045,0.05589085444808006,0.06307674199342728,0.054029304534196854,0.04513538256287575,0.08821403980255127,0.4360950291156769
ZJ019716,0.09722340852022171,0.04227231815457344,0.7578940391540527,0.017312387004494667,0.024692971259355545,0.007556278724223375,0.01910698227584362,0.033941641449928284
ZJ019717,0.1314239501953125,0.22158196568489075,0.4152073264122009,0.02366095781326294,0.08283863216638565,0.01837427355349064,0.06821798533201218,0.03869493305683136
ZJ019718,0.012249113991856575,0.002925056265667081,0.0017444485565647483,0.006583461072295904,0.004110729321837425,0.004561859183013439,0.9607616662979126,0.007063652854412794
ZJ019719,0.1305864155292511,0.21000812947750092,0.374635249376297,0.023848218843340874,0.08186709135770798,0.02525961399078369,0.10151685774326324,0.052278440445661545
ZJ019720,0.16489365696907043,0.48045623302459717,0.1728617250919342,0.020364876836538315,0.059100911021232605,0.0427340567111969,0.04486417397856712,0.014724412001669407
ZJ019721,0.003432500408962369,0.004553009290248156,0.003083435818552971,0.006072841119021177,0.0033359178341925144,0.004554246552288532,0.9694207310676575,0.0055471970699727535
ZJ019722,0.004384535364806652,0.0036174796987324953,0.003481765277683735,0.006925856228917837,0.00407898984849453,0.005789109505712986,0.9664269089698792,0.00529526686295867
ZJ019723,0.16340701282024384,0.08018353581428528,0.4494078755378723,0.07962418347597122,0.10240091383457184,0.027295097708702087,0.03234902024269104,0.06533235311508179
ZJ019724,0.31957706809043884,0.12948696315288544,0.3907618820667267,0.015815814957022667,0.046624455600976944,0.010928587056696415,0.050620295107364655,0.03618486225605011
ZJ019725,0.021985305473208427,0.5175199508666992,0.005098790396004915,0.02893592230975628,0.032102376222610474,0.03381284326314926,0.25155243277549744,0.10899238288402557
ZJ019726,0.6253044605255127,0.01980641297996044,0.004647958092391491,0.02695033885538578,0.2198292762041092,0.011215235106647015,0.02432362362742424,0.06792271137237549
ZJ019727,0.19806277751922607,0.055739570409059525,0.07817023247480392,0.14007504284381866,0.12013901770114899,0.031400930136442184,0.0978815108537674,0.27853092551231384
ZJ019728,0.007883149199187756,0.003427312010899186,0.0019758797716349363,0.008621292188763618,0.006596196908503771,0.01430612150579691,0.951170027256012,0.006020015571266413
ZJ019729,0.25673550367355347,0.14193370938301086,0.4223116338253021,0.023884693160653114,0.06288696825504303,0.015962660312652588,0.05479784682393074,0.021487031131982803
ZJ019730,0.14571644365787506,0.05435231700539589,0.4345000684261322,0.053570255637168884,0.07461320608854294,0.027240699157118797,0.04467326030135155,0.1653338074684143
ZJ019731,0.0217379629611969,0.9195452928543091,0.007249836809933186,0.009882979094982147,0.01561778411269188,0.011033132672309875,0.007293985690921545,0.007639079354703426
ZJ019732,0.2716354429721832,0.13109830021858215,0.23807838559150696,0.058461856096982956,0.10106880962848663,0.02690255641937256,0.03019839897751808,0.14255623519420624
ZJ019733,0.2734854519367218,0.13149407505989075,0.3294156491756439,0.03021714650094509,0.12397374957799911,0.023723071441054344,0.059572916477918625,0.02811797335743904
ZJ019734,0.11798956990242004,0.11594263464212418,0.5466920137405396,0.01607700064778328,0.11563611030578613,0.024655167013406754,0.04707625135779381,0.01593129150569439
ZJ019735,0.02312970720231533,0.523714005947113,0.007733107544481754,0.031539276242256165,0.031144071370363235,0.020879633724689484,0.2910419702529907,0.07081820070743561
ZJ019736,0.1845889687538147,0.14501646161079407,0.4707905352115631,0.024112071841955185,0.06869906932115555,0.019402263686060905,0.05434850603342056,0.033042166382074356
ZJ019737,0.12834316492080688,0.04947161301970482,0.5295431613922119,0.05871937423944473,0.08584170788526535,0.033040259033441544,0.02763945981860161,0.08740122616291046
ZJ019738,0.21493740379810333,0.2040969282388687,0.13377569615840912,0.022903088480234146,0.060885850340127945,0.02511139214038849,0.23183530569076538,0.1064542606472969
ZJ019739,0.2438393235206604,0.053657568991184235,0.4860565662384033,0.050874046981334686,0.04699080437421799,0.0312800407409668,0.032116085290908813,0.055185601115226746
ZJ019740,0.24027119576931,0.1791294813156128,0.3846423923969269,0.02403019554913044,0.06909459829330444,0.01919112168252468,0.05889111012220383,0.024749940261244774
ZJ019741,0.24799421429634094,0.07474397122859955,0.04301897808909416,0.05493234097957611,0.11248624324798584,0.045954249799251556,0.25909680128097534,0.161773219704628
ZJ019742,0.007932844571769238,0.9324823021888733,0.004092044662684202,0.014158469624817371,0.010197530500590801,0.012083950452506542,0.009777167811989784,0.009275775402784348
ZJ019743,0.2882364094257355,0.16947589814662933,0.3851346969604492,0.010917553678154945,0.03987162932753563,0.015526601113379002,0.06407660245895386,0.02676059491932392
ZJ019744,0.2921057939529419,0.1097736582159996,0.40490373969078064,0.01469355821609497,0.04871295392513275,0.008222428150475025,0.1001143604516983,0.02147345431149006
ZJ019745,0.06444459408521652,0.030538998544216156,0.7766340970993042,0.01701166294515133,0.05463709309697151,0.010929101146757603,0.017606183886528015,0.028198309242725372
ZJ019746,0.14220021665096283,0.01845344342291355,0.007317906245589256,0.012968918308615685,0.7797191739082336,0.012448194436728954,0.01200922392308712,0.014882921241223812
ZJ019747,0.27330347895622253,0.09646350890398026,0.4491831660270691,0.022236650809645653,0.08878123015165329,0.01044805534183979,0.03252720832824707,0.027056679129600525
ZJ019748,0.113682821393013,0.2325315922498703,0.5077536702156067,0.017811570316553116,0.0559367910027504,0.011759874410927296,0.032949160784482956,0.027574513107538223
ZJ019749,0.01363319531083107,0.737871527671814,0.004442994482815266,0.01725240983068943,0.022225119173526764,0.023227807134389877,0.13563907146453857,0.04570787400007248
ZJ019750,0.048312339931726456,0.06865949928760529,0.007609087508171797,0.058135420083999634,0.08296390622854233,0.02384655736386776,0.29058191180229187,0.41989126801490784
ZJ019751,0.0468456856906414,0.6462178826332092,0.008328608237206936,0.03428831323981285,0.03421361371874809,0.04261207953095436,0.12267967313528061,0.06481409072875977
ZJ019752,0.6966385245323181,0.013117735274136066,0.0014758972683921456,0.22659383714199066,0.008878316730260849,0.007068763952702284,0.018586261197924614,0.02764062024652958
ZJ019753,0.21494902670383453,0.1402980387210846,0.37284451723098755,0.019415387883782387,0.09662280976772308,0.021285243332386017,0.10621035099029541,0.02837464027106762
ZJ019754,0.2173784375190735,0.1809869408607483,0.16709792613983154,0.060140546411275864,0.11250077933073044,0.026938604190945625,0.1263626217842102,0.10859408974647522
ZJ019755,0.0719112679362297,0.01613769307732582,0.004923828411847353,0.0610852912068367,0.030547291040420532,0.01731616072356701,0.039390433579683304,0.7586879730224609
ZJ019756,0.0727824866771698,0.11590588837862015,0.5915976762771606,0.01289754081517458,0.05798166245222092,0.019957417622208595,0.0991961732506752,0.029681123793125153
ZJ019757,0.1639595776796341,0.13460688292980194,0.41163817048072815,0.024777866899967194,0.129718616604805,0.0451214462518692,0.04344816133379936,0.04672927409410477
ZJ019758,0.008940586820244789,0.9175146222114563,0.004243918694555759,0.014659276232123375,0.010904353111982346,0.017187220975756645,0.011830451898276806,0.014719591476023197
ZJ019759,0.007316321600228548,0.9475919604301453,0.002387178596109152,0.009577241726219654,0.0075617521069943905,0.006767398212105036,0.009787660092115402,0.0090104965493083
ZJ019760,0.39095425605773926,0.0575171522796154,0.008088585920631886,0.05355685204267502,0.28195661306381226,0.045314639806747437,0.11833035200834274,0.044281523674726486
ZJ019761,0.010414904914796352,0.010807729326188564,0.0036616302095353603,0.0076804072596132755,0.007299002725630999,0.9415658712387085,0.007544499821960926,0.011025913059711456
ZJ019762,0.006009855307638645,0.9456079006195068,0.0038570186588913202,0.012410396710038185,0.009358836337924004,0.010743837803602219,0.0053738863207399845,0.006638202350586653
ZJ019763,0.3647342622280121,0.02179461158812046,0.004039384424686432,0.03678908944129944,0.02060091868042946,0.01898975297808647,0.022442039102315903,0.5106099843978882
ZJ019764,0.43592891097068787,0.1068720892071724,0.2795719504356384,0.01991935633122921,0.05104414373636246,0.027216387912631035,0.047883518040180206,0.031563594937324524
ZJ019765,0.0042044902220368385,0.003598932409659028,0.0033400682732462883,0.007755233906209469,0.004182775504887104,0.005200008396059275,0.9645638465881348,0.0071547250263392925
ZJ019766,0.44155049324035645,0.09142264723777771,0.2977373003959656,0.017790090292692184,0.048958368599414825,0.02609221823513508,0.04820266366004944,0.028246168047189713
ZJ019767,0.16997964680194855,0.11042289435863495,0.5296229124069214,0.022708194330334663,0.06967274099588394,0.019046351313591003,0.033126965165138245,0.04542034491896629
ZJ019768,0.012751763686537743,0.011235198937356472,0.0027066387701779604,0.008698579855263233,0.01729707606136799,0.920865535736084,0.016965219751000404,0.009479930624365807
ZJ019769,0.2525993883609772,0.10962819308042526,0.4294343888759613,0.03382130339741707,0.07277694344520569,0.014991875737905502,0.027653930708765984,0.05909402295947075
ZJ019770,0.003956567961722612,0.009126544930040836,0.002439380157738924,0.006920658517628908,0.006329941563308239,0.007813694886863232,0.951258659362793,0.012154466472566128
ZJ019771,0.25742635130882263,0.1673278510570526,0.3118402659893036,0.02777046710252762,0.10826418548822403,0.022264039143919945,0.07536552101373672,0.029741330072283745
ZJ019772,0.004321018699556589,0.0056289564818143845,0.0032127394806593657,0.0074408696964383125,0.0039052844513207674,0.005282907281070948,0.958670437335968,0.01153788436204195
ZJ019773,0.007385662756860256,0.926169216632843,0.005785515997558832,0.016670139506459236,0.010947082191705704,0.01220825407654047,0.008757389150559902,0.012076735496520996
ZJ019774,0.9405499696731567,0.015429504215717316,0.003305872203782201,0.00997254066169262,0.010202053934335709,0.006494607776403427,0.006409184541553259,0.00763633381575346
ZJ019775,0.057884663343429565,0.15513479709625244,0.01559984777122736,0.065547414124012,0.056128159165382385,0.04718809202313423,0.1579669564962387,0.44455015659332275
ZJ019776,0.03231120854616165,0.813473105430603,0.027835603803396225,0.02111237496137619,0.04032966122031212,0.020838746801018715,0.022333770990371704,0.02176559343934059
ZJ019777,0.7730042338371277,0.0430392250418663,0.016318034380674362,0.010145829059183598,0.02882283926010132,0.030150508508086205,0.07473772764205933,0.023781668394804
ZJ019778,0.004437954165041447,0.004448709078133106,0.0024077824782580137,0.008047317154705524,0.003595259040594101,0.003931599669158459,0.965568482875824,0.0075629171915352345
ZJ019779,0.10347957164049149,0.05546025559306145,0.022636961191892624,0.07876873761415482,0.4591004550457001,0.15275532007217407,0.04779591038823128,0.08000275492668152
ZJ019780,0.007684567477554083,0.013901995494961739,0.0020927144214510918,0.01206886675208807,0.01169199962168932,0.028813952580094337,0.9036747217178345,0.020071258768439293
ZJ019781,0.20594944059848785,0.2686188220977783,0.3323652744293213,0.019550476223230362,0.061973124742507935,0.023987501859664917,0.05674642324447632,0.030808933079242706
ZJ019782,0.9616439938545227,0.007055695168673992,0.0017585218884050846,0.007316429167985916,0.005434609949588776,0.004904124420136213,0.0048464140854775906,0.0070402049459517
ZJ019783,0.004523647949099541,0.005545915570110083,0.0032576806843280792,0.004820820409804583,0.004160190466791391,0.009208948351442814,0.953825056552887,0.014657801017165184
ZJ019784,0.5116755366325378,0.09492658823728561,0.18362243473529816,0.056032389402389526,0.05023512989282608,0.021423032507300377,0.042100466787815094,0.03998448699712753
ZJ019785,0.7880403995513916,0.013426139950752258,0.0030497866682708263,0.015476983040571213,0.029307521879673004,0.018487058579921722,0.0997658297419548,0.03244617208838463
ZJ019786,0.011818802915513515,0.9056857228279114,0.004185326863080263,0.007458473090082407,0.008370313793420792,0.010818952694535255,0.0272442027926445,0.024418184533715248
ZJ019787,0.008427280001342297,0.9405723214149475,0.0033210190013051033,0.012768382206559181,0.007817693054676056,0.00904463604092598,0.009877368807792664,0.008171322755515575
ZJ019788,0.0030120988376438618,0.003157156752422452,0.0027368476148694754,0.006361537147313356,0.003827135544270277,0.003710418473929167,0.9667240977287292,0.01047078799456358
ZJ019789,0.32937881350517273,0.10545164346694946,0.4291638433933258,0.015004129149019718,0.043505385518074036,0.007818400859832764,0.03639175742864609,0.03328606113791466
ZJ019790,0.9568782448768616,0.00527156563475728,0.0013684332370758057,0.0077028824016451836,0.005628891754895449,0.005480105057358742,0.010800902731716633,0.0068690041080117226
ZJ019791,0.012082898989319801,0.9241015911102295,0.008373335935175419,0.015410521999001503,0.011054754257202148,0.01609974168241024,0.006936971098184586,0.005940263159573078
ZJ019792,0.0023123309947550297,0.00280187651515007,0.003334500826895237,0.007484393194317818,0.0035703200846910477,0.004644467495381832,0.9660866856575012,0.00976528413593769
ZJ019793,0.19409893453121185,0.3082338273525238,0.18064816296100616,0.020175592973828316,0.10700193792581558,0.05914390832185745,0.09903717041015625,0.031660474836826324
ZJ019794,0.07328075170516968,0.04647006466984749,0.6646142601966858,0.03642895817756653,0.05251745134592056,0.019071286544203758,0.045459069311618805,0.06215810403227806
ZJ019795,0.08493119478225708,0.6759839653968811,0.03658754751086235,0.015828436240553856,0.03469506651163101,0.015176293440163136,0.09124153852462769,0.04555601254105568
ZJ019796,0.11608383059501648,0.0688834935426712,0.6171001195907593,0.01673303358256817,0.08795398473739624,0.01678803190588951,0.04457886889576912,0.031878624111413956
ZJ019797,0.006723778322339058,0.007316554430872202,0.002888343995437026,0.9533013701438904,0.006091151386499405,0.0057243951596319675,0.009418644942343235,0.008535792119801044
ZJ019798,0.050349220633506775,0.061032965779304504,0.016858162358403206,0.04182731732726097,0.05867449939250946,0.020560596138238907,0.5260354280471802,0.22466173768043518
ZJ019799,0.020893890410661697,0.014491851441562176,0.005724323447793722,0.008336474187672138,0.011331415735185146,0.9066857695579529,0.01942838728427887,0.01310791913419962
ZJ019800,0.048767440021038055,0.09747292101383209,0.19874127209186554,0.011798623949289322,0.08940307796001434,0.4901658296585083,0.029877660796046257,0.03377312421798706
ZJ019801,0.08078089356422424,0.049170009791851044,0.5490369200706482,0.050510432571172714,0.05849514901638031,0.021557621657848358,0.06444358825683594,0.1260053515434265
ZJ019802,0.2534891963005066,0.10901132971048355,0.47482985258102417,0.02501477487385273,0.07253066450357437,0.00692110788077116,0.029186850413680077,0.02901628613471985
ZJ019803,0.23811858892440796,0.10215611755847931,0.3305942416191101,0.047707121819257736,0.12032420933246613,0.03040163218975067,0.05554192513227463,0.07515620440244675
ZJ019804,0.004261702764779329,0.0045723035000264645,0.0023015248589217663,0.005995200481265783,0.003509367583319545,0.004469543695449829,0.969767689704895,0.005122663918882608
ZJ019805,0.003439687192440033,0.003574313595890999,0.0025583498645573854,0.007062755525112152,0.004613969009369612,0.005966084077954292,0.96546471118927,0.0073200673796236515
ZJ019806,0.005489788018167019,0.004364806227385998,0.0023457081988453865,0.007096942514181137,0.00374448299407959,0.0061441585421562195,0.9604154825210571,0.01039866916835308
ZJ019807,0.12482873350381851,0.24676604568958282,0.03518318384885788,0.06705765426158905,0.057842545211315155,0.018331168219447136,0.1402706354856491,0.3097200393676758
ZJ019808,0.00503280246630311,0.004293621517717838,0.002216698369011283,0.006407484877854586,0.005094242747873068,0.005648139398545027,0.9631240367889404,0.008183088153600693
ZJ019809,0.28989067673683167,0.42692863941192627,0.06404416263103485,0.015476921573281288,0.08112574368715286,0.032900430262088776,0.06360701471567154,0.026026370003819466
ZJ019810,0.6293433308601379,0.19783169031143188,0.0023659979924559593,0.034330181777477264,0.01360826101154089,0.024650009348988533,0.055494919419288635,0.04237571358680725
ZJ019811,0.0052201407961547375,0.007425700780004263,0.0038785056676715612,0.009202495217323303,0.007629969157278538,0.011852320283651352,0.9321362376213074,0.022654658183455467
ZJ019812,0.40316811203956604,0.04620553180575371,0.4484359920024872,0.014437473379075527,0.03528161719441414,0.007850879803299904,0.024549592286348343,0.020070748403668404
ZJ019813,0.2498764544725418,0.12517628073692322,0.3288048505783081,0.04629801586270332,0.09169945865869522,0.023776324465870857,0.032493703067302704,0.10187490284442902
ZJ019814,0.08560343831777573,0.02292896807193756,0.005300080869346857,0.02474103309214115,0.024558763951063156,0.0406201109290123,0.7201053500175476,0.076142318546772
ZJ019815,0.0045753661543130875,0.00466248719021678,0.002950833411887288,0.007372458931058645,0.003661596681922674,0.0071441540494561195,0.9626134037971497,0.007019646465778351
ZJ019816,0.052267950028181076,0.04225889965891838,0.016081415116786957,0.012273238971829414,0.030935868620872498,0.010683327913284302,0.7779309153556824,0.057568345218896866
ZJ019817,0.29042187333106995,0.5575833916664124,0.0031244680285453796,0.049330934882164,0.02083554118871689,0.022865794599056244,0.030323784798383713,0.025514202192425728
ZJ019818,0.6046478748321533,0.04295578971505165,0.007518343161791563,0.03160182759165764,0.06781657040119171,0.035561807453632355,0.05222690477967262,0.15767095983028412
ZJ019819,0.011230750940740108,0.9360462427139282,0.005540120415389538,0.009943214245140553,0.009908048436045647,0.011306066066026688,0.008602513000369072,0.007423019036650658
ZJ019820,0.39475908875465393,0.04110448434948921,0.007654921617358923,0.04594125971198082,0.3398721218109131,0.06052229925990105,0.04094846546649933,0.06919733434915543
ZJ019821,0.09942424297332764,0.036240577697753906,0.6557358503341675,0.0690954327583313,0.03608092665672302,0.012724069878458977,0.012997959740459919,0.07770086079835892
ZJ019822,0.009866341017186642,0.010415812022984028,0.0024818447418510914,0.008078237064182758,0.013620882295072079,0.9259775280952454,0.017522098496556282,0.01203729584813118
ZJ019823,0.26712819933891296,0.11732460558414459,0.4086649417877197,0.032753750681877136,0.07219412177801132,0.01460484229028225,0.027859454974532127,0.05947012081742287
ZJ019824,0.0039056751411408186,0.003334317822009325,0.003020912641659379,0.005089166108518839,0.0036933713126927614,0.005169362761080265,0.968137800693512,0.007649479433894157
ZJ019825,0.07471631467342377,0.0662650465965271,0.6706123352050781,0.01907876878976822,0.09632658213376999,0.013721623457968235,0.04088908061385155,0.018390221521258354
ZJ019826,0.22692044079303741,0.18926699459552765,0.10444509238004684,0.057318538427352905,0.12017155438661575,0.03263673186302185,0.14841453731060028,0.12082619965076447
ZJ019827,0.01225416362285614,0.012108905240893364,0.0019721854478120804,0.8900445103645325,0.0057579996064305305,0.058918461203575134,0.008641555905342102,0.010302221402525902
ZJ019828,0.8881804943084717,0.006772561464458704,0.002073917305096984,0.008190756663680077,0.07180991023778915,0.007716174703091383,0.007671672385185957,0.007584555074572563
ZJ019829,0.5106772184371948,0.1422380805015564,0.007117851171642542,0.03925074636936188,0.08827954530715942,0.03360695391893387,0.11198657751083374,0.06684299558401108
ZJ019830,0.21631097793579102,0.12664175033569336,0.4552501142024994,0.016350392252206802,0.062226343899965286,0.01028433721512556,0.08039843291044235,0.03253765404224396
ZJ019831,0.9656832218170166,0.003296372713521123,0.0014259953750297427,0.0060280244797468185,0.006786793936043978,0.005214504897594452,0.0062761809676885605,0.0052888584323227406
ZJ019832,0.1580161303281784,0.18424972891807556,0.31037840247154236,0.03606271743774414,0.12746576964855194,0.05175653472542763,0.08303947001695633,0.04903126135468483
ZJ019833,0.16719962656497955,0.10294094681739807,0.5897913575172424,0.014582532458007336,0.04653199762105942,0.016622096300125122,0.03491554036736488,0.027415893971920013
ZJ019834,0.0740085244178772,0.07109684497117996,0.24205704033374786,0.2077401876449585,0.09960567951202393,0.16298672556877136,0.03617386892437935,0.10633112490177155
ZJ019835,0.010415066964924335,0.010569877922534943,0.0025843726471066475,0.008200311101973057,0.014215303584933281,0.9213805794715881,0.020461982116103172,0.012172556482255459
ZJ019836,0.06711557507514954,0.06535965949296951,0.008376754820346832,0.021946951746940613,0.0687675029039383,0.021166488528251648,0.6358436942100525,0.11142338812351227
ZJ019837,0.01562462467700243,0.011755736544728279,0.003136812709271908,0.006301535293459892,0.011848016642034054,0.9247282147407532,0.017223887145519257,0.009381212294101715
ZJ019838,0.13330677151679993,0.03184282034635544,0.006747468374669552,0.29674965143203735,0.05108007788658142,0.3074604272842407,0.11870692670345306,0.05410580709576607
ZJ019839,0.0885828286409378,0.1037425622344017,0.5836023092269897,0.018772313371300697,0.11649221926927567,0.016220206394791603,0.04729799926280975,0.02528960257768631
ZJ019840,0.03424428030848503,0.026363758370280266,0.0024485730100423098,0.02058284357190132,0.01649870164692402,0.8389075398445129,0.039565879851579666,0.021388443186879158
ZJ019841,0.012890809215605259,0.010680061765015125,0.0036233351565897465,0.006449368316680193,0.012414788827300072,0.9326640367507935,0.011135457083582878,0.010142124257981777
ZJ019842,0.2813465893268585,0.025885308161377907,0.017595278099179268,0.0947517603635788,0.061169009655714035,0.033164530992507935,0.1277589350938797,0.358328640460968
ZJ019843,0.044334132224321365,0.8556973338127136,0.013449227437376976,0.010244335047900677,0.020331457257270813,0.007605889346450567,0.015398681163787842,0.03293907642364502
ZJ019844,0.25052109360694885,0.1410369873046875,0.3853827118873596,0.02365424670279026,0.04169027879834175,0.023430421948432922,0.09540674835443497,0.038877516984939575
ZJ019845,0.030455036088824272,0.06641369313001633,0.006217943038791418,0.26004326343536377,0.04777270555496216,0.1603548675775528,0.21803003549575806,0.2107124775648117
ZJ019846,0.08302537351846695,0.04412161558866501,0.4472641348838806,0.04611026495695114,0.09566273540258408,0.0409339964389801,0.054395660758018494,0.18848620355129242
ZJ019847,0.24961723387241364,0.13145019114017487,0.40472379326820374,0.016541682183742523,0.11471162736415863,0.012042616493999958,0.05172787606716156,0.01918492652475834
ZJ019848,0.07034149020910263,0.05610079690814018,0.05643415078520775,0.10765009373426437,0.07716240733861923,0.041886743158102036,0.06491324305534363,0.5255110859870911
ZJ019849,0.01406827848404646,0.015277264639735222,0.0039772214367985725,0.009238369762897491,0.012028463184833527,0.9116557836532593,0.021653810515999794,0.012100812047719955
ZJ019850,0.01730184070765972,0.017103057354688644,0.003311042906716466,0.025054996833205223,0.01650562696158886,0.8844516277313232,0.020996686071157455,0.015275227837264538
ZJ019851,0.3907570540904999,0.18497171998023987,0.16477708518505096,0.026548396795988083,0.08392783999443054,0.010600644163787365,0.0918239876627922,0.04659327119588852
ZJ019852,0.34433504939079285,0.13072778284549713,0.28407952189445496,0.01637314446270466,0.07042236626148224,0.019479872658848763,0.08633944392204285,0.04824274778366089
ZJ019853,0.2220478653907776,0.1193796917796135,0.42936307191848755,0.0241889338940382,0.11455178260803223,0.01640745811164379,0.04276586323976517,0.031295277178287506
ZJ019854,0.2801225185394287,0.09665954858064651,0.04659450799226761,0.033362507820129395,0.10396963357925415,0.02281118370592594,0.36907434463500977,0.04740574210882187
ZJ019855,0.9597979187965393,0.006918678525835276,0.0021381331607699394,0.006289701908826828,0.00960340816527605,0.004390290938317776,0.005433529615402222,0.0054283346980810165
ZJ019856,0.0837090015411377,0.10939774662256241,0.03706592321395874,0.05232086777687073,0.12598763406276703,0.06423791497945786,0.23169295489788055,0.295587956905365
ZJ019857,0.02951582334935665,0.024375252425670624,0.002624083310365677,0.01945144683122635,0.016132714226841927,0.8519229292869568,0.03608763590455055,0.01989012397825718
ZJ019858,0.8195582628250122,0.031236795708537102,0.0026217096019536257,0.01584552600979805,0.03476312756538391,0.02094440907239914,0.04773365706205368,0.027296431362628937
ZJ019859,0.09987761825323105,0.0980321541428566,0.05413125082850456,0.05149972066283226,0.1235642358660698,0.053198639303445816,0.20619776844978333,0.3134986460208893
ZJ019860,0.05147065222263336,0.03609307482838631,0.7724924087524414,0.022470716387033463,0.0448048934340477,0.015879027545452118,0.015511422418057919,0.041277796030044556
ZJ019861,0.9278239011764526,0.014112204313278198,0.00330756395123899,0.013016005977988243,0.01218017190694809,0.010650740005075932,0.008610215969383717,0.010299106128513813
ZJ019862,0.9375759363174438,0.01580674573779106,0.002510662656277418,0.012683296576142311,0.007609825115650892,0.008226045407354832,0.007513916119933128,0.008073564618825912
ZJ019863,0.0038049407303333282,0.0022441125474870205,0.0032384959049522877,0.005905962083488703,0.0037300942931324244,0.004858651664108038,0.9686586260795593,0.0075591555796563625
ZJ019864,0.4381302297115326,0.10498321801424026,0.22146011888980865,0.030550576746463776,0.04765472188591957,0.02437831275165081,0.09582448750734329,0.03701832517981529
ZJ019865,0.07649831473827362,0.1302373856306076,0.012875761836767197,0.10097603499889374,0.1864597648382187,0.09896484017372131,0.16673165559768677,0.22725629806518555
ZJ019866,0.12480144947767258,0.032946377992630005,0.630500316619873,0.05168767273426056,0.03269712254405022,0.01686004549264908,0.02023763582110405,0.09026943147182465
ZJ019867,0.03513258323073387,0.02341489866375923,0.008149935863912106,0.5622735023498535,0.02378702163696289,0.23655197024345398,0.08265354484319687,0.02803654782474041
ZJ019868,0.003681203117594123,0.0050902762450277805,0.0025554050225764513,0.006656022276729345,0.0058236513286828995,0.007004545070230961,0.9540128111839294,0.015175974927842617
ZJ019869,0.06979065388441086,0.08132719993591309,0.03211105987429619,0.0306482445448637,0.10776855051517487,0.03913353011012077,0.1768193393945694,0.46240144968032837
ZJ019870,0.29310914874076843,0.1554407924413681,0.29649850726127625,0.039524007588624954,0.08647358417510986,0.014530159533023834,0.06152329221367836,0.05290044844150543
ZJ019871,0.9092806577682495,0.018276309594511986,0.00356999016366899,0.012976836413145065,0.019855240359902382,0.013010908849537373,0.009504184126853943,0.01352597214281559
ZJ019872,0.3677390217781067,0.10830838978290558,0.2842465341091156,0.026446187868714333,0.04707986116409302,0.02471696026623249,0.10326001793146133,0.03820311278104782
ZJ019873,0.11657685786485672,0.06684133410453796,0.680103600025177,0.030682895332574844,0.03744999319314957,0.01108169462531805,0.027706000953912735,0.02955765463411808
ZJ019874,0.026436183601617813,0.024650709703564644,0.014751244336366653,0.012023705057799816,0.013422376476228237,0.8412556052207947,0.029813187196850777,0.03764700889587402
ZJ019875,0.2460557520389557,0.17098520696163177,0.3576136827468872,0.01264139823615551,0.06484822928905487,0.027477094903588295,0.07891529053449631,0.04146335646510124
ZJ019876,0.9439464807510376,0.007008922751992941,0.002049125963822007,0.008487347513437271,0.01778671331703663,0.008902054280042648,0.006594702135771513,0.005224705673754215
ZJ019877,0.0946999192237854,0.044634148478507996,0.27467212080955505,0.07192712277173996,0.07218289375305176,0.034525007009506226,0.0806427076458931,0.32671603560447693
ZJ019878,0.22924962639808655,0.12019741535186768,0.4547490179538727,0.020554596558213234,0.09010620415210724,0.010515350848436356,0.045522239059209824,0.029105480760335922
ZJ019879,0.00587664358317852,0.008552650921046734,0.002608333947136998,0.9569458365440369,0.004597338382154703,0.005127359181642532,0.007982810959219933,0.008309079334139824
ZJ019880,0.19714193046092987,0.13877373933792114,0.42902278900146484,0.017877155914902687,0.07530257105827332,0.02073797769844532,0.09712202101945877,0.0240218173712492
ZJ019881,0.27752938866615295,0.04588781297206879,0.29879236221313477,0.10998652875423431,0.06955314427614212,0.03528136387467384,0.027267158031463623,0.1357022374868393
ZJ019882,0.3973788022994995,0.10028150677680969,0.008055324666202068,0.03648646920919418,0.2141735553741455,0.11631909012794495,0.09516310691833496,0.032142117619514465
ZJ019883,0.16384257376194,0.10522222518920898,0.5310990810394287,0.02757834643125534,0.07578672468662262,0.016934022307395935,0.034613486379384995,0.0449235700070858
ZJ019884,0.0066040558740496635,0.004688055254518986,0.0015446890611201525,0.004545216914266348,0.004229012876749039,0.9673449993133545,0.004754559602588415,0.006289290264248848
ZJ019885,0.19384661316871643,0.16723006963729858,0.08974791318178177,0.06252507120370865,0.1045512929558754,0.04084087163209915,0.19605381786823273,0.1452043652534485
ZJ019886,0.04223446920514107,0.09714498370885849,0.04577726498246193,0.019185805693268776,0.042529717087745667,0.06392533332109451,0.4577683210372925,0.23143409192562103
ZJ019887,0.1371803730726242,0.15193895995616913,0.5359108448028564,0.019898224622011185,0.07611674815416336,0.014401344582438469,0.03918912261724472,0.02536443993449211
ZJ019888,0.007412693928927183,0.9474897384643555,0.0019959616474807262,0.006701841950416565,0.005951174069195986,0.008838108740746975,0.014473797753453255,0.00713671138510108
ZJ019889,0.009290585294365883,0.009301831014454365,0.00497466791421175,0.007271977607160807,0.009737526066601276,0.9406605958938599,0.010643711313605309,0.008119032718241215
ZJ019890,0.1505507081747055,0.269041508436203,0.413967102766037,0.025486813858151436,0.04659008979797363,0.02950388193130493,0.047151386737823486,0.017708560451865196
ZJ019891,0.7726693749427795,0.022896302863955498,0.01012418419122696,0.016950698569417,0.06867463141679764,0.014173648320138454,0.08312204480171204,0.01138906180858612
ZJ019892,0.028568005189299583,0.038931943476200104,0.007267903536558151,0.028998548164963722,0.026303395628929138,0.013852028176188469,0.01678183116018772,0.839296281337738
ZJ019893,0.01139665674418211,0.8753863573074341,0.0033962971065193415,0.024111265316605568,0.011499276384711266,0.013023492880165577,0.040720440447330475,0.020466161891818047
ZJ019894,0.14819492399692535,0.15594761073589325,0.313401460647583,0.04069448634982109,0.11991620063781738,0.07676944136619568,0.09111399203538895,0.053961899131536484
ZJ019895,0.03155312314629555,0.024448111653327942,0.004187372047454119,0.017714504152536392,0.019811632111668587,0.011780455708503723,0.04922480136156082,0.8412799835205078
ZJ019896,0.6076037883758545,0.012460701167583466,0.005033005960285664,0.02324776165187359,0.3004634976387024,0.015089677646756172,0.01995355822145939,0.016147999092936516
ZJ019897,0.006405046209692955,0.008732334710657597,0.0025889340322464705,0.007217723410576582,0.005885849241167307,0.007186975795775652,0.9475357532501221,0.014447450637817383
ZJ019898,0.3170207738876343,0.12376537173986435,0.42111578583717346,0.018406923860311508,0.034671369940042496,0.0071130176074802876,0.046437159180641174,0.03146961331367493
ZJ019899,0.2753969132900238,0.1430821567773819,0.22793549299240112,0.028956616297364235,0.13118426501750946,0.03278343006968498,0.06765569001436234,0.09300539642572403
ZJ019900,0.12478222697973251,0.09002161771059036,0.658677875995636,0.01455079298466444,0.05988109111785889,0.0051604993641376495,0.024473126977682114,0.02245277352631092
ZJ019901,0.019238287582993507,0.9070661664009094,0.00413477374240756,0.022116104140877724,0.017484668642282486,0.01204739697277546,0.008587119169533253,0.00932549312710762
ZJ019902,0.26579615473747253,0.18753734230995178,0.3163466453552246,0.017561916261911392,0.08204486966133118,0.01353002991527319,0.0838886946439743,0.03329446166753769
ZJ019903,0.005147468764334917,0.004669744987040758,0.0033991816453635693,0.0084683857858181,0.004755162633955479,0.0050948262214660645,0.9620811939239502,0.006384172476828098
ZJ019904,0.20811891555786133,0.13992594182491302,0.46822255849838257,0.019002551212906837,0.051433589309453964,0.016087602823972702,0.06899761408567429,0.02821120247244835
ZJ019905,0.010323932394385338,0.9170398116111755,0.006269471719861031,0.015074947848916054,0.013259237632155418,0.014817740768194199,0.013470533303916454,0.009744355455040932
ZJ019906,0.7701259255409241,0.02136795036494732,0.013135036453604698,0.01999039016664028,0.07860656827688217,0.010116237215697765,0.07047971338033676,0.016178175806999207
ZJ019907,0.020269613713026047,0.44710981845855713,0.006580081302672625,0.018808897584676743,0.0339001826941967,0.02247067727148533,0.40370967984199524,0.0471511073410511
ZJ019908,0.11434011906385422,0.024856718257069588,0.022023512050509453,0.025263231247663498,0.08357932418584824,0.045730769634246826,0.5720669627189636,0.11213937401771545
ZJ019909,0.09417161345481873,0.04651406779885292,0.19259889423847198,0.07765782624483109,0.08262026309967041,0.0359562449157238,0.09978554397821426,0.370695561170578
ZJ019910,0.08753027021884918,0.09809798002243042,0.4606623947620392,0.05948849022388458,0.09275739639997482,0.056095752865076065,0.029330560937523842,0.11603717505931854
ZJ019911,0.010909195058047771,0.008444769307971,0.006227729842066765,0.00528078805655241,0.0056063043884932995,0.9443017244338989,0.0064903004094958305,0.012739274650812149
ZJ019912,0.028108451515436172,0.017040088772773743,0.007692237384617329,0.09107109904289246,0.02353169023990631,0.030956510454416275,0.026619108393788338,0.7749807834625244
ZJ019913,0.007722664624452591,0.00909523293375969,0.0028654541820287704,0.006180392112582922,0.00733471242710948,0.953671932220459,0.006732097361236811,0.006397422403097153
ZJ019914,0.06781073659658432,0.09815278649330139,0.16951926052570343,0.05692711099982262,0.2595307230949402,0.07766813784837723,0.10686469823122025,0.16352654993534088
ZJ019915,0.12614618241786957,0.10760113596916199,0.5845981240272522,0.017261045053601265,0.07534676790237427,0.01752299815416336,0.05113638564944267,0.020387381315231323
ZJ019916,0.5966594219207764,0.04480191692709923,0.09075712412595749,0.08946354687213898,0.045795831829309464,0.02920650877058506,0.037597622722387314,0.06571795046329498
ZJ019917,0.11357829719781876,0.17504405975341797,0.20308761298656464,0.023662077262997627,0.10449203103780746,0.30891209840774536,0.04849535599350929,0.022728487849235535
ZJ019918,0.1361299604177475,0.024601338431239128,0.014593259431421757,0.213174968957901,0.08259088546037674,0.09602178633213043,0.06074746698141098,0.3721403181552887
ZJ019919,0.2464289665222168,0.0930054634809494,0.5142694711685181,0.01238241046667099,0.04375537112355232,0.013460936956107616,0.05105185881257057,0.025645550340414047
ZJ019920,0.6630693674087524,0.05793344974517822,0.0346430167555809,0.026047786697745323,0.11461426317691803,0.019960854202508926,0.06725557893514633,0.016475731506943703
ZJ019921,0.26406875252723694,0.1726677268743515,0.24986712634563446,0.02328614518046379,0.11589326709508896,0.019506672397255898,0.13013671338558197,0.02457357943058014
ZJ019922,0.011601133272051811,0.016375424340367317,0.008303450420498848,0.04438982531428337,0.036861248314380646,0.022667013108730316,0.8110796213150024,0.0487222746014595
ZJ019923,0.3752641975879669,0.2711133360862732,0.005413082893937826,0.020032785832881927,0.07858282327651978,0.03821047395467758,0.18925541639328003,0.022127928212285042
ZJ019924,0.234222874045372,0.10124791413545609,0.4699432849884033,0.01551708672195673,0.05150119960308075,0.01511737797409296,0.0819643959403038,0.030485840514302254
ZJ019925,0.897659182548523,0.009774589911103249,0.0012257492635399103,0.012270687147974968,0.008944529108703136,0.007241621147841215,0.050064850598573685,0.01281881332397461
ZJ019926,0.9545257687568665,0.004950469825416803,0.0028852231334894896,0.006444984115660191,0.008676781319081783,0.005378001369535923,0.011848008260130882,0.0052908193320035934
ZJ019927,0.17830222845077515,0.15923680365085602,0.4888712465763092,0.01981263794004917,0.042727064341306686,0.014990298077464104,0.07255356013774872,0.02350618503987789
ZJ019928,0.005520336329936981,0.0042047640308737755,0.0020112639758735895,0.005705388728529215,0.005241704173386097,0.004572391975671053,0.9673032760620117,0.00544081861153245
ZJ019929,0.26441627740859985,0.11668628454208374,0.4103715419769287,0.02503042481839657,0.09049586951732635,0.016732150688767433,0.03708527609705925,0.03918216750025749
ZJ019930,0.17746439576148987,0.0816696360707283,0.615970253944397,0.023224717006087303,0.04049951583147049,0.011828466318547726,0.014158831909298897,0.03518420830368996
ZJ019931,0.04382863640785217,0.013594801537692547,0.0024779844097793102,0.028651732951402664,0.011935561895370483,0.03527865186333656,0.8306112289428711,0.0336214080452919
ZJ019932,0.006614798214286566,0.9458974003791809,0.005018418189138174,0.009424536488950253,0.008183210156857967,0.008202692493796349,0.00986586231738329,0.006793001666665077
ZJ019933,0.012218555435538292,0.9157705307006836,0.0035274578258395195,0.008769579231739044,0.009164943359792233,0.010314727202057838,0.024478936567902565,0.01575522869825363
ZJ019934,0.9561225175857544,0.005746144335716963,0.0014868765138089657,0.007123584393411875,0.008210361003875732,0.005829028785228729,0.009613344445824623,0.005868049804121256
ZJ019935,0.009798504412174225,0.009736991487443447,0.0036070100031793118,0.0051399520598351955,0.008820714429020882,0.9468536376953125,0.007502556778490543,0.008540675975382328
ZJ019936,0.21851462125778198,0.1560082882642746,0.3676244616508484,0.03806689754128456,0.07986041903495789,0.010451598092913628,0.030956663191318512,0.09851709008216858
ZJ019937,0.8385292291641235,0.00934829842299223,0.004543153569102287,0.046687573194503784,0.017507409676909447,0.01270752027630806,0.02685580588877201,0.043821047991514206
ZJ019938,0.054239120334386826,0.6289928555488586,0.015509129501879215,0.021584853529930115,0.03248247504234314,0.026937637478113174,0.12047809362411499,0.09977581351995468
ZJ019939,0.4596844017505646,0.06271727383136749,0.02032407931983471,0.04744331166148186,0.08601586520671844,0.06209232658147812,0.20325984060764313,0.05846289545297623
ZJ019940,0.00941790733486414,0.013789793476462364,0.00339807802811265,0.009339459240436554,0.011066137813031673,0.9280571341514587,0.014073007740080357,0.01085861586034298
ZJ019941,0.007161472458392382,0.9445710778236389,0.0032757329754531384,0.011140450835227966,0.008361411280930042,0.01193551067262888,0.00582357170060277,0.007730759214609861
ZJ019942,0.007585125043988228,0.010716049931943417,0.008429114706814289,0.004668877460062504,0.005984643939882517,0.9489825367927551,0.00622508954256773,0.007408593315631151
ZJ019943,0.21113210916519165,0.16339260339736938,0.4180231988430023,0.019170472398400307,0.08541737496852875,0.021406296640634537,0.06048991158604622,0.020967992022633553
ZJ019944,0.2098097801208496,0.06303922086954117,0.5063217878341675,0.07417228072881699,0.04391391575336456,0.011660105548799038,0.033907026052474976,0.05717585235834122
ZJ019945,0.011830438859760761,0.49874982237815857,0.0051542907021939754,0.03688161075115204,0.022068416699767113,0.03576688468456268,0.288849800825119,0.10069874674081802
ZJ019946,0.24426013231277466,0.10606939345598221,0.48553895950317383,0.02780143730342388,0.06483424454927444,0.011748961172997952,0.028149547055363655,0.0315973162651062
ZJ019947,0.26063331961631775,0.16450318694114685,0.3503953516483307,0.021143710240721703,0.05734604597091675,0.018800057470798492,0.09401699900627136,0.03316137194633484
ZJ019948,0.05790377035737038,0.01470074150711298,0.05413496121764183,0.3565507233142853,0.038021791726350784,0.01773655414581299,0.07860399782657623,0.3823474645614624
ZJ019949,0.006208701059222221,0.010349913500249386,0.0024033912923187017,0.005361819174140692,0.0032355403527617455,0.0056293318048119545,0.958935558795929,0.007875733077526093
ZJ019950,0.30595284700393677,0.16764284670352936,0.34863224625587463,0.016786813735961914,0.059994183480739594,0.012414325028657913,0.0662921890616417,0.022284546867012978
ZJ019951,0.1885543018579483,0.07898727059364319,0.5442279577255249,0.022099634632468224,0.05299244448542595,0.018337080255150795,0.06062588468194008,0.034175336360931396
ZJ019952,0.009593832306563854,0.011052179150283337,0.0039030148182064295,0.884893000125885,0.010744239203631878,0.023755615577101707,0.032530296593904495,0.02352779358625412
ZJ019953,0.2364857792854309,0.10396634787321091,0.38131049275398254,0.024891093373298645,0.12165894359350204,0.028806565329432487,0.059729114174842834,0.04315166920423508
ZJ019954,0.36274582147598267,0.17541003227233887,0.13443338871002197,0.04733848199248314,0.11079922318458557,0.02696126140654087,0.07027104496955872,0.07204073667526245
ZJ019955,0.01790681481361389,0.027147715911269188,0.006543893367052078,0.017340252175927162,0.025288425385951996,0.8615627884864807,0.025785265490412712,0.01842476613819599
ZJ019956,0.009244940243661404,0.01838359422981739,0.0017920007230713964,0.9193370938301086,0.0063874851912260056,0.012221344746649265,0.006980489939451218,0.025652945041656494
ZJ019957,0.9375361204147339,0.0041403439827263355,0.0014579669805243611,0.019496195018291473,0.017089592292904854,0.005255185067653656,0.008750992827117443,0.006273604929447174
ZJ019958,0.20752258598804474,0.1537049561738968,0.12006393074989319,0.06903066486120224,0.12226691097021103,0.04526274651288986,0.13607972860336304,0.14606846868991852
ZJ019959,0.38959887623786926,0.04285995289683342,0.00512704998254776,0.0703008696436882,0.05032791942358017,0.05001349002122879,0.030337875708937645,0.3614339828491211
ZJ019960,0.8289010524749756,0.005862440913915634,0.0016987900016829371,0.03925536945462227,0.011908079497516155,0.008909749798476696,0.028550399467349052,0.07491400092840195
ZJ019961,0.02307404763996601,0.017956120893359184,0.002519079018384218,0.021371981129050255,0.014181338250637054,0.877203106880188,0.02534037083387375,0.018353957682847977
ZJ019962,0.27304762601852417,0.18041867017745972,0.30780941247940063,0.02951676957309246,0.08140195161104202,0.018311882391572,0.08067849278450012,0.028815193101763725
ZJ019963,0.26136428117752075,0.06685702502727509,0.42556577920913696,0.031258873641490936,0.05194595456123352,0.04548385739326477,0.042806949466466904,0.07471728324890137
ZJ019964,0.4859962463378906,0.13424992561340332,0.05224073305726051,0.020300867035984993,0.06925255060195923,0.01969129592180252,0.16954347491264343,0.04872492328286171
ZJ019965,0.006290066987276077,0.008790661580860615,0.0015487390337511897,0.9529469609260559,0.004448732361197472,0.00888876710087061,0.00664293160662055,0.010443096980452538
ZJ019966,0.5729185342788696,0.01718471385538578,0.11656426638364792,0.07733524590730667,0.0922284871339798,0.02439340017735958,0.03379175812005997,0.06558359414339066
ZJ019967,0.0337752103805542,0.7672145962715149,0.014543228782713413,0.013846749439835548,0.03074607439339161,0.033479202538728714,0.05361506715416908,0.05277989059686661
ZJ019968,0.06881098449230194,0.3087488114833832,0.018187325447797775,0.0337667316198349,0.034972213208675385,0.022517338395118713,0.03167565539479256,0.48132094740867615
ZJ019969,0.2146034985780716,0.05836809426546097,0.4160277843475342,0.08316026628017426,0.06867367774248123,0.012159336358308792,0.04553094506263733,0.10147640109062195
ZJ019970,0.1711835265159607,0.06951168179512024,0.0664222314953804,0.1224079355597496,0.08393972367048264,0.03018091805279255,0.09819649159908295,0.3581574857234955
ZJ019971,0.8018297553062439,0.01178006548434496,0.021978894248604774,0.052936069667339325,0.03914093226194382,0.010476197116076946,0.024108076468110085,0.037750061601400375
ZJ019972,0.27427390217781067,0.158280149102211,0.3819179832935333,0.024092331528663635,0.07794733345508575,0.014674903824925423,0.046673793345689774,0.022139612585306168
ZJ019973,0.017594998702406883,0.012628893367946148,0.0029260984156280756,0.02419414557516575,0.010758377611637115,0.907413125038147,0.00967332348227501,0.014811106957495213
ZJ019974,0.7256590127944946,0.029808077961206436,0.0036658686585724354,0.01974361389875412,0.04069870710372925,0.02066466026008129,0.10172968357801437,0.0580303855240345
ZJ019975,0.479375422000885,0.024304838851094246,0.03597772493958473,0.027878452092409134,0.1376366764307022,0.021466881036758423,0.24514088034629822,0.02821914292871952
ZJ019976,0.06178098917007446,0.039372820407152176,0.5934771299362183,0.0750233381986618,0.05200492590665817,0.013990860432386398,0.04413717985153198,0.12021278589963913
ZJ019977,0.892666757106781,0.04531572014093399,0.0032645321916788816,0.011401080526411533,0.012822743505239487,0.012372400611639023,0.014341023750603199,0.007815772667527199
ZJ019978,0.25503745675086975,0.1784667819738388,0.08751095831394196,0.053615503013134,0.09554433822631836,0.032962679862976074,0.1847320795059204,0.11213023960590363
ZJ019979,0.2344374805688858,0.13408784568309784,0.395047664642334,0.018059805035591125,0.10789822787046432,0.01598304696381092,0.05319191515445709,0.04129394516348839
ZJ019980,0.03272217512130737,0.07743483036756516,0.01073835976421833,0.025249432772397995,0.0522674135863781,0.0556492879986763,0.09927131235599518,0.6466673016548157
ZJ019981,0.03578575700521469,0.030618702992796898,0.004433106165379286,0.012753989547491074,0.01746552251279354,0.8632777333259583,0.019857116043567657,0.01580808311700821
ZJ019982,0.24508309364318848,0.21151608228683472,0.08409344404935837,0.04548047110438347,0.10534386336803436,0.026169272139668465,0.18462073802947998,0.09769309312105179
ZJ019983,0.15190649032592773,0.21908660233020782,0.4845288395881653,0.018990403041243553,0.04836296662688255,0.020542221143841743,0.04181906580924988,0.014763474464416504
ZJ019984,0.0024404036812484264,0.0030385986901819706,0.0024777918588370085,0.0053845117799937725,0.0028952001594007015,0.004236070439219475,0.972809374332428,0.006718077231198549
ZJ019985,0.30795878171920776,0.08951409161090851,0.4430556893348694,0.020021600648760796,0.06351470947265625,0.008267464116215706,0.04072492569684982,0.02694271318614483
ZJ019986,0.13397233188152313,0.07886802405118942,0.6735395789146423,0.011816596612334251,0.03142014145851135,0.008713049814105034,0.03363833948969841,0.028031976893544197
ZJ019987,0.1804383099079132,0.14723807573318481,0.49594733119010925,0.013055127114057541,0.05144602060317993,0.021494710817933083,0.05572846904397011,0.03465186432003975
ZJ019988,0.09650435298681259,0.030063487589359283,0.48334282636642456,0.07878413796424866,0.07641680538654327,0.02248220331966877,0.020672926679253578,0.191733255982399
ZJ019989,0.09963252395391464,0.10053711384534836,0.32555580139160156,0.08315598219633102,0.07300655543804169,0.09776836633682251,0.027877282351255417,0.1924663484096527
ZJ019990,0.015402531251311302,0.019153481349349022,0.004908877424895763,0.18466193974018097,0.03689122572541237,0.08281370252370834,0.4185488522052765,0.23761937022209167
ZJ019991,0.038938187062740326,0.05831759795546532,0.014032804407179356,0.7242341637611389,0.02583692967891693,0.03062310256063938,0.01449539139866829,0.09352182596921921
ZJ019992,0.946460485458374,0.010403680615127087,0.0031489988323301077,0.010999947786331177,0.008518131449818611,0.007059314753860235,0.005794251803308725,0.007615296170115471
ZJ019993,0.006818280555307865,0.009248238988220692,0.0032521344255656004,0.9526267051696777,0.004970923066139221,0.005662016570568085,0.00920248031616211,0.008219312876462936
ZJ019994,0.00778600899502635,0.8329578042030334,0.0020113172940909863,0.014035948552191257,0.008172489702701569,0.01457186508923769,0.08621947467327118,0.034245122224092484
ZJ019995,0.07268054783344269,0.06840245425701141,0.6013423204421997,0.043813757598400116,0.06726282089948654,0.035560693591833115,0.033750981092453,0.07718636840581894
ZJ019996,0.006764620542526245,0.00796709954738617,0.0021698768250644207,0.9445852041244507,0.004296749364584684,0.01666690781712532,0.008212914690375328,0.009336614049971104
ZJ019997,0.02432958409190178,0.02303447388112545,0.0021355212666094303,0.020134998485445976,0.01715858094394207,0.015019983984529972,0.8400892019271851,0.05809767544269562
ZJ019998,0.16234540939331055,0.13770218193531036,0.41023996472358704,0.032900530844926834,0.13146518170833588,0.03126523643732071,0.05736232176423073,0.036719147115945816
ZJ019999,0.04163306951522827,0.034346241503953934,0.01531763281673193,0.01002394501119852,0.011027202010154724,0.008476599119603634,0.8446226716041565,0.034552719444036484
ZJ020000,0.009892786853015423,0.006947407033294439,0.002717792522162199,0.005567954853177071,0.007732411380857229,0.9518252015113831,0.0075570400804281235,0.007759307976812124
ZJ020001,0.23601822555065155,0.1200951337814331,0.4511280059814453,0.021768691018223763,0.09036970883607864,0.014811305329203606,0.04445551335811615,0.02135341428220272
ZJ020002,0.06226756423711777,0.6629484295845032,0.014241586439311504,0.0271137747913599,0.04420531541109085,0.04818863794207573,0.05267120152711868,0.08836351335048676
ZJ020003,0.18317066133022308,0.09501417726278305,0.034683115780353546,0.03654791787266731,0.09651254117488861,0.04186553880572319,0.3525063693523407,0.15969966351985931
ZJ020004,0.13158151507377625,0.132169708609581,0.07257544249296188,0.06210513412952423,0.1256103217601776,0.15183913707733154,0.13642416894435883,0.18769457936286926
ZJ020005,0.8429096937179565,0.024395780637860298,0.01634121686220169,0.015617900528013706,0.032607465982437134,0.024889782071113586,0.028093477711081505,0.015144610777497292
ZJ020006,0.23348109424114227,0.1726539433002472,0.10112353414297104,0.02969074621796608,0.08250564336776733,0.0380343534052372,0.22018122673034668,0.1223294660449028
ZJ020007,0.3493106961250305,0.12904644012451172,0.34723860025405884,0.018754588440060616,0.06646154820919037,0.015936680138111115,0.04525411128997803,0.027997346594929695
ZJ020008,0.021584345027804375,0.9053259491920471,0.00569054763764143,0.015532120130956173,0.012142190709710121,0.008795383386313915,0.022296486422419548,0.008632956072688103
ZJ020009,0.007653311360627413,0.0033525649923831224,0.0037668312434107065,0.007551973685622215,0.006506295409053564,0.0075333863496780396,0.9530588984489441,0.01057668961584568
ZJ020010,0.21144936978816986,0.1055145189166069,0.49039021134376526,0.02014140412211418,0.07918873429298401,0.012201917357742786,0.054381247609853745,0.026732616126537323
ZJ020011,0.37067699432373047,0.11963232606649399,0.2807353138923645,0.03126591816544533,0.05648198351264,0.021845044568181038,0.08075553178787231,0.038606882095336914
ZJ020012,0.24586360156536102,0.12862689793109894,0.4534079432487488,0.016528906300663948,0.08379537612199783,0.01181009691208601,0.034025538712739944,0.025941621512174606
ZJ020013,0.163700670003891,0.054238446056842804,0.48743975162506104,0.03955154865980148,0.0703645721077919,0.011034680530428886,0.009776811115443707,0.16389359533786774
ZJ020014,0.004121871665120125,0.0037481295876204967,0.003256238764151931,0.007638862356543541,0.00427042692899704,0.004457409493625164,0.9666378498077393,0.005869245622307062
ZJ020015,0.03068014793097973,0.12190943956375122,0.002061138628050685,0.551275908946991,0.018071331083774567,0.018243243917822838,0.03728506341576576,0.22047381103038788
ZJ020016,0.40965938568115234,0.008067559450864792,0.002245215931907296,0.0251456405967474,0.025499306619167328,0.015247438102960587,0.4967884123325348,0.017347151413559914
ZJ020017,0.23284243047237396,0.08927568048238754,0.48203903436660767,0.021523622795939445,0.09523771703243256,0.013140021823346615,0.03983255475759506,0.026108907535672188
ZJ020018,0.14316882193088531,0.22368551790714264,0.48317867517471313,0.020037414506077766,0.04971924424171448,0.023519957438111305,0.04030224680900574,0.01638813316822052
ZJ020019,0.11751529574394226,0.09876060485839844,0.5117393732070923,0.028091365471482277,0.09636826813220978,0.0286866407841444,0.06530410051345825,0.05353434383869171
ZJ020020,0.09272166341543198,0.05914653092622757,0.7158092260360718,0.03190099820494652,0.032676614820957184,0.01052276324480772,0.026379095390439034,0.0308430977165699
ZJ020021,0.27975133061408997,0.16652798652648926,0.3795695900917053,0.02376977540552616,0.055706799030303955,0.014045254327356815,0.05876161903142929,0.021867725998163223
ZJ020022,0.0840236246585846,0.1793806254863739,0.5665971040725708,0.019402703270316124,0.06414598226547241,0.01918737404048443,0.04295630753040314,0.024306273087859154
ZJ020023,0.4677654504776001,0.04869745671749115,0.2052319049835205,0.02465544268488884,0.14197833836078644,0.020814333111047745,0.07012711465358734,0.020729992538690567
ZJ020024,0.026178542524576187,0.015309890732169151,0.003061731578782201,0.016657525673508644,0.03017553500831127,0.8745087385177612,0.017105549573898315,0.017002426087856293
ZJ020025,0.19226829707622528,0.1207832396030426,0.3869701027870178,0.06325700134038925,0.0844247043132782,0.028891168534755707,0.020794199779629707,0.10261128842830658
ZJ020026,0.2514311373233795,0.1418607085943222,0.3659253716468811,0.022391609847545624,0.08654221147298813,0.026122909039258957,0.05600172281265259,0.04972434788942337
ZJ020027,0.12226402014493942,0.04995299503207207,0.14292395114898682,0.1463700830936432,0.10207279026508331,0.03498528525233269,0.08190396428108215,0.31952688097953796
ZJ020028,0.2419585883617401,0.1436237096786499,0.42028847336769104,0.024223191663622856,0.091505266726017,0.0192039143294096,0.0427875854074955,0.016409210860729218
ZJ020029,0.01044613029807806,0.9273684024810791,0.006868709810078144,0.013286167755723,0.00969663355499506,0.01571250893175602,0.007243548985570669,0.00937796663492918
ZJ020030,0.005162219051271677,0.0038644135929644108,0.002288860036060214,0.005533392541110516,0.0038986040744930506,0.0036862643901258707,0.9694939851760864,0.006072248797863722
ZJ020031,0.11184901744127274,0.04351319372653961,0.704363226890564,0.035233043134212494,0.029144663363695145,0.00858015101402998,0.03833543136715889,0.028981218114495277
ZJ020032,0.10786109417676926,0.08381511270999908,0.5807772874832153,0.036988623440265656,0.07855305075645447,0.018358254805207253,0.030621454119682312,0.06302511692047119
ZJ020033,0.17561094462871552,0.17452892661094666,0.3743199110031128,0.02524276077747345,0.09585773944854736,0.031230052933096886,0.08763954043388367,0.035570178180933
ZJ020034,0.00653041061013937,0.011076274327933788,0.0025885545182973146,0.9480145573616028,0.005727469455450773,0.007982282899320126,0.0087340222671628,0.009346484206616879
ZJ020035,0.03223859518766403,0.07882063835859299,0.00716701103374362,0.33684685826301575,0.03439829871058464,0.026302307844161987,0.021854089573025703,0.46237221360206604
ZJ020036,0.04028654843568802,0.05187847092747688,0.011706206016242504,0.02874761074781418,0.03263973817229271,0.02350642718374729,0.16104888916015625,0.6501860618591309
ZJ020037,0.1484307497739792,0.09731528908014297,0.5186246633529663,0.03227894380688667,0.08335576206445694,0.01014411635696888,0.07784656435251236,0.032003868371248245
ZJ020038,0.15873181819915771,0.09539478272199631,0.48380550742149353,0.029638746753335,0.12317515909671783,0.02287697046995163,0.03618098795413971,0.05019604042172432
ZJ020039,0.024280879646539688,0.03552611917257309,0.016928229480981827,0.016600696370005608,0.02314603701233864,0.03296690061688423,0.7921150922775269,0.0584360733628273
ZJ020040,0.007012408226728439,0.9470815062522888,0.004107510671019554,0.01002615224570036,0.007970595732331276,0.010578524321317673,0.005208295304328203,0.008015049621462822
ZJ020041,0.009629608131945133,0.008812589570879936,0.002121276455000043,0.004819903522729874,0.008354440331459045,0.9524879455566406,0.005863596219569445,0.007910610176622868
ZJ020042,0.40288588404655457,0.15778374671936035,0.21948139369487762,0.02148115076124668,0.08138684928417206,0.0087079843506217,0.07353430986404419,0.034738726913928986
ZJ020043,0.005020630545914173,0.0042350441217422485,0.0027729012072086334,0.007848537527024746,0.012428028509020805,0.007949532009661198,0.9453668594360352,0.014378436841070652
ZJ020044,0.7514849901199341,0.03201086446642876,0.04166434705257416,0.034901443868875504,0.04788223281502724,0.009440252557396889,0.012183667160570621,0.07043225318193436
ZJ020045,0.1878003180027008,0.028884651139378548,0.007138960994780064,0.0823247879743576,0.41424253582954407,0.06816387921571732,0.0473397821187973,0.16410502791404724
ZJ020046,0.7221024632453918,0.015256400220096111,0.013796725310385227,0.07383114099502563,0.061950430274009705,0.01432000007480383,0.02418188378214836,0.07456090301275253
ZJ020047,0.8399363160133362,0.018733056262135506,0.003378523513674736,0.010442594066262245,0.02416868507862091,0.020642101764678955,0.07278750091791153,0.009911254048347473
ZJ020048,0.27917125821113586,0.14943473041057587,0.36655429005622864,0.02192499488592148,0.10172175616025925,0.011540529318153858,0.044396840035915375,0.0252557173371315
ZJ020049,0.004927105735987425,0.011523323133587837,0.002841339912265539,0.00702580064535141,0.005852556321769953,0.010664540342986584,0.948025107383728,0.009140090085566044
ZJ020050,0.017121300101280212,0.018138211220502853,0.007840974256396294,0.010241242125630379,0.017698336392641068,0.8941531777381897,0.014285923913121223,0.020520774647593498
ZJ020051,0.22259493172168732,0.1608639359474182,0.3811078667640686,0.02695058099925518,0.048999592661857605,0.03039882704615593,0.08689258992671967,0.04219163581728935
ZJ020052,0.003529853420332074,0.004175207577645779,0.002284090733155608,0.006770800333470106,0.004649477079510689,0.005324453115463257,0.9649351835250854,0.008330831304192543
ZJ020053,0.17778828740119934,0.030120881274342537,0.014910959638655186,0.08333154022693634,0.3406457304954529,0.06424913555383682,0.19748792052268982,0.09146559238433838
ZJ020054,0.020487796515226364,0.02341477945446968,0.008295506238937378,0.01666834205389023,0.032709453254938126,0.8554574251174927,0.019180094823241234,0.0237866323441267
ZJ020055,0.5116525292396545,0.06665612757205963,0.1264716237783432,0.023797310888767242,0.18169696629047394,0.02057567425072193,0.046868663281202316,0.022281091660261154
ZJ020056,0.007493327371776104,0.9303415417671204,0.0032286816276609898,0.015500340610742569,0.010288900695741177,0.013631695881485939,0.010186395607888699,0.009329096414148808
ZJ020057,0.11876123398542404,0.7026132345199585,0.023885851725935936,0.011115916073322296,0.03989236429333687,0.021997233852744102,0.06313773989677429,0.018596520647406578
ZJ020058,0.008113399147987366,0.007672409061342478,0.00336423865519464,0.005111267790198326,0.009775928221642971,0.9523127675056458,0.005514964926987886,0.008135011419653893
ZJ020059,0.3744793236255646,0.04251769557595253,0.008889295160770416,0.19879616796970367,0.04729939624667168,0.027054201811552048,0.03199102729558945,0.26897281408309937
ZJ020060,0.14605659246444702,0.15336336195468903,0.3289472460746765,0.023601101711392403,0.10567391663789749,0.013760284520685673,0.1013488844037056,0.1272485852241516
ZJ020061,0.24665839970111847,0.09949307143688202,0.5185666680335999,0.016726108267903328,0.04374497011303902,0.011834586039185524,0.0437123067677021,0.01926390267908573
ZJ020062,0.08105935156345367,0.10340883582830429,0.04232189059257507,0.04909084364771843,0.1084117516875267,0.05732259154319763,0.20396585762500763,0.3544188439846039
ZJ020063,0.19782419502735138,0.11491049081087112,0.49483048915863037,0.016553513705730438,0.07251310348510742,0.017645247280597687,0.060363560914993286,0.02535940706729889
ZJ020064,0.016157077625393867,0.0061113592237234116,0.001962703187018633,0.007894530892372131,0.020926088094711304,0.007879920303821564,0.9300647377967834,0.00900362804532051
ZJ020065,0.0626126304268837,0.07620714604854584,0.6678809523582458,0.051385920494794846,0.04593992978334427,0.009981593117117882,0.02776261977851391,0.05822927504777908
ZJ020066,0.08945076167583466,0.0639592707157135,0.7022202610969543,0.030409933999180794,0.030452413484454155,0.01802508905529976,0.03317730501294136,0.032304950058460236
ZJ020067,0.40992090106010437,0.07178186625242233,0.021800868213176727,0.0424254946410656,0.06797279417514801,0.25578469038009644,0.0736394003033638,0.056673936545848846
ZJ020068,0.2714948058128357,0.14502458274364471,0.36622154712677,0.025165153667330742,0.09971165657043457,0.017209986224770546,0.05018701031804085,0.02498525381088257
ZJ020069,0.004446000792086124,0.004911223892122507,0.003220753278583288,0.008529764600098133,0.004930650815367699,0.005919692572206259,0.9609838724136353,0.007057973183691502
ZJ020070,0.22242414951324463,0.20804540812969208,0.3727060854434967,0.02478047087788582,0.0631316602230072,0.014981371350586414,0.06887884438037872,0.025052012875676155
ZJ020071,0.2568398118019104,0.1316286325454712,0.31803929805755615,0.06981511414051056,0.07832338660955429,0.030208595097064972,0.019892772659659386,0.09525244683027267
ZJ020072,0.018074115738272667,0.01821170561015606,0.008024637587368488,0.014510752633213997,0.025599319487810135,0.8777281641960144,0.017056802287697792,0.020794393494725227
ZJ020073,0.170946404337883,0.260171115398407,0.3272725045681,0.03120826743543148,0.06912355124950409,0.02578054554760456,0.07099083065986633,0.04450678452849388
ZJ020074,0.09175432473421097,0.11940690875053406,0.05627002567052841,0.06198214367032051,0.08714050054550171,0.026170773431658745,0.3454418182373047,0.21183346211910248
ZJ020075,0.12387210130691528,0.09909283369779587,0.009621715173125267,0.01583617553114891,0.04553670063614845,0.0230640210211277,0.6607846021652222,0.022191785275936127
ZJ020076,0.18065208196640015,0.059432897716760635,0.11733726412057877,0.13521869480609894,0.1207728385925293,0.038760021328926086,0.09270495921373367,0.2551212012767792
ZJ020077,0.23725925385951996,0.10612469166517258,0.49166902899742126,0.028161760419607162,0.06227400153875351,0.014500613324344158,0.027928171679377556,0.03208250552415848
ZJ020078,0.006515458691865206,0.9401280879974365,0.0033130922820419073,0.013539819978177547,0.009462391957640648,0.010474172420799732,0.007626749575138092,0.008940248750150204
ZJ020079,0.11992175877094269,0.16159828007221222,0.6020750403404236,0.013756521977484226,0.041483812034130096,0.0090508833527565,0.028096532449126244,0.02401718497276306
ZJ020080,0.22908185422420502,0.23828338086605072,0.33175358176231384,0.012428476475179195,0.08856719732284546,0.023586908355355263,0.04862513393163681,0.02767345681786537
ZJ020081,0.2787858545780182,0.1279541701078415,0.41427671909332275,0.022412443533539772,0.06240074709057808,0.01402543019503355,0.0498645082116127,0.03028009459376335
ZJ020082,0.007858713157474995,0.01166979968547821,0.0017443298129364848,0.016761770471930504,0.018262237310409546,0.018631450831890106,0.903723955154419,0.02134774625301361
ZJ020083,0.004502569325268269,0.0036128649953752756,0.0032709359657019377,0.006921778433024883,0.003927201498299837,0.005444541107863188,0.9675072431564331,0.0048128776252269745
ZJ020084,0.2539269030094147,0.15958556532859802,0.3614150285720825,0.0237893033772707,0.06682932376861572,0.02392272651195526,0.06992319226264954,0.040607959032058716
ZJ020085,0.12169023603200912,0.050776463001966476,0.621153712272644,0.06253451853990555,0.03830655291676521,0.01890520565211773,0.018665246665477753,0.06796804815530777
ZJ020086,0.004690995439887047,0.002650081180036068,0.0031306855380535126,0.005910139996558428,0.0035648944322019815,0.005204141139984131,0.9694122076034546,0.005436799954622984
ZJ020087,0.3057127594947815,0.11608370393514633,0.4229026734828949,0.01891115866601467,0.06476153433322906,0.013625405728816986,0.03208846598863602,0.025914279744029045
ZJ020088,0.9492117166519165,0.010210612788796425,0.0013707620091736317,0.0068101463839411736,0.005758934188634157,0.008135135285556316,0.00859849713742733,0.009904216974973679
ZJ020089,0.3142791986465454,0.16941310465335846,0.14969395101070404,0.029197147116065025,0.10116318613290787,0.06521955132484436,0.14057640731334686,0.03045743890106678
ZJ020090,0.017339449375867844,0.026815151795744896,0.0047818985767662525,0.05379502475261688,0.02724011242389679,0.010420688427984715,0.03385486081242561,0.8257527947425842
ZJ020091,0.1637497991323471,0.05309652164578438,0.3459116816520691,0.05191071704030037,0.05929739028215408,0.021289223805069923,0.03703121840953827,0.26771339774131775
ZJ020092,0.2784733474254608,0.13949434459209442,0.36352914571762085,0.022681299597024918,0.10756555944681168,0.016691040247678757,0.04970704764127731,0.021858152002096176
ZJ020093,0.4911183714866638,0.11507730185985565,0.16909998655319214,0.038870617747306824,0.06221184507012367,0.018441790714859962,0.0881463885307312,0.017033683136105537
ZJ020094,0.23069775104522705,0.09475360065698624,0.3178790807723999,0.05147160589694977,0.13712367415428162,0.019635390490293503,0.024317782372236252,0.12412116676568985
ZJ020095,0.0627908781170845,0.5879015326499939,0.036996759474277496,0.02246408350765705,0.04649515077471733,0.04289836063981056,0.1498509794473648,0.050602253526449203
ZJ020096,0.009680725634098053,0.9274032115936279,0.005255792755633593,0.00861394964158535,0.00946815311908722,0.00806135032325983,0.01761484518647194,0.013901962898671627
ZJ020097,0.20601710677146912,0.1817048192024231,0.4219658672809601,0.018380675464868546,0.0756770595908165,0.015358435921370983,0.04402349144220352,0.03687258064746857
ZJ020098,0.011682359501719475,0.014018082991242409,0.003493556985631585,0.010698668658733368,0.01053913589566946,0.9273215532302856,0.01183740608394146,0.010409330949187279
ZJ020099,0.006232642102986574,0.006745767779648304,0.0021304080728441477,0.9578096270561218,0.003937325906008482,0.009201208129525185,0.006292363163083792,0.007650734856724739
ZJ020100,0.03707277774810791,0.029607990756630898,0.008832047693431377,0.43237143754959106,0.04764146730303764,0.019374564290046692,0.04638995602726936,0.3787097930908203
ZJ020101,0.05003347247838974,0.18218226730823517,0.012990574352443218,0.03643897548317909,0.05558902025222778,0.048326749354600906,0.5763485431671143,0.03809039294719696
ZJ020102,0.012312193401157856,0.011149919591844082,0.0015192831633612514,0.017948484048247337,0.008337347768247128,0.9277910590171814,0.01049900148063898,0.010442627593874931
ZJ020103,0.007328919135034084,0.941489577293396,0.003973337821662426,0.014019900001585484,0.008620473556220531,0.011186351999640465,0.005753050558269024,0.007628418039530516
ZJ020104,0.2963894009590149,0.3458685278892517,0.062879778444767,0.02616969496011734,0.09309202432632446,0.023023582994937897,0.10120078921318054,0.05137617886066437
ZJ020105,0.17431659996509552,0.21678978204727173,0.09244577586650848,0.06057833880186081,0.1259261667728424,0.03082062304019928,0.1198650524020195,0.17925764620304108
ZJ020106,0.011037630960345268,0.9375201463699341,0.00539614912122488,0.00955491978675127,0.009793246164917946,0.011148675344884396,0.008192338049411774,0.007356747053563595
ZJ020107,0.044278476387262344,0.8714725971221924,0.014952616766095161,0.009480666369199753,0.024427449330687523,0.01519862748682499,0.009531351737678051,0.010658200830221176
ZJ020108,0.015672506764531136,0.6257106065750122,0.00497856130823493,0.01666128635406494,0.026234183460474014,0.03183327242732048,0.24786250293254852,0.031047094613313675
ZJ020109,0.16034838557243347,0.11199939996004105,0.5490103363990784,0.01970900408923626,0.06012876331806183,0.017396485432982445,0.029758118093013763,0.05164952203631401
ZJ020110,0.07542332261800766,0.7388648390769958,0.04127291217446327,0.01604991964995861,0.027421921491622925,0.03641221672296524,0.0280735045671463,0.03648145869374275
ZJ020111,0.30974557995796204,0.11793170124292374,0.4312593340873718,0.01818789914250374,0.05672769248485565,0.010936091654002666,0.03353867307305336,0.021673010662198067
ZJ020112,0.14991150796413422,0.08986698091030121,0.6267625093460083,0.015122958458960056,0.049534574151039124,0.010134673677384853,0.02337859570980072,0.03528817370533943
ZJ020113,0.16182254254817963,0.11379411071538925,0.5432609915733337,0.023323263972997665,0.06647968292236328,0.011006412096321583,0.04834738373756409,0.03196560591459274
ZJ020114,0.12024921923875809,0.011087017133831978,0.0037195500917732716,0.012608019635081291,0.8047379851341248,0.007583891041576862,0.009377949871122837,0.030636323615908623
ZJ020115,0.01679171808063984,0.01813015341758728,0.005979797337204218,0.011668565683066845,0.021817559376358986,0.8775603175163269,0.029403306543827057,0.018648594617843628
ZJ020116,0.640850841999054,0.021376313641667366,0.0044959853403270245,0.042411159723997116,0.13634397089481354,0.04654071480035782,0.02153913676738739,0.08644195646047592
ZJ020117,0.09054029732942581,0.028939420357346535,0.7577664256095886,0.033330515027046204,0.026753893122076988,0.0073019638657569885,0.020002927631139755,0.035364534705877304
ZJ020118,0.25858813524246216,0.1584489792585373,0.37045833468437195,0.021851424127817154,0.04315072298049927,0.022703707218170166,0.09742680937051773,0.02737186849117279
ZJ020119,0.3628591299057007,0.0851731076836586,0.016410838812589645,0.04029037058353424,0.06355291604995728,0.30967089533805847,0.07210354506969452,0.04993923753499985
ZJ020120,0.06453970074653625,0.04302172735333443,0.052797429263591766,0.10654351115226746,0.08494870364665985,0.053564466536045074,0.06434830278158188,0.5302361845970154
ZJ020121,0.2980375587940216,0.16773703694343567,0.37543198466300964,0.015446069650352001,0.0680895522236824,0.015636682510375977,0.03687236085534096,0.0227487962692976
ZJ020122,0.00465419702231884,0.008992720395326614,0.0022753686644136906,0.004697683732956648,0.0037122578360140324,0.005413641221821308,0.9635207056999207,0.006733412854373455
ZJ020123,0.10507886856794357,0.22959768772125244,0.3462033271789551,0.028143808245658875,0.06873763352632523,0.03450768068432808,0.10331753641366959,0.08441339433193207
ZJ020124,0.059310853481292725,0.049391888082027435,0.007568482309579849,0.06544162333011627,0.09006750583648682,0.47623828053474426,0.18968282639980316,0.062298521399497986
ZJ020125,0.17059926688671112,0.060842614620923996,0.4997800290584564,0.035471536219120026,0.06475959718227386,0.05251919478178024,0.03966401144862175,0.07636360824108124
ZJ020126,0.09858806431293488,0.04639987647533417,0.04052054136991501,0.12533356249332428,0.09450121968984604,0.043050821870565414,0.10701102018356323,0.4445948600769043
ZJ020127,0.02413795329630375,0.018899867311120033,0.0026705365162342787,0.015507331117987633,0.01409599557518959,0.8791469931602478,0.02881917916238308,0.016722211614251137
ZJ020128,0.9689901471138,0.0046326592564582825,0.0012804045109078288,0.0058701615780591965,0.004718649201095104,0.003837477182969451,0.00584013108164072,0.004830238409340382
ZJ020129,0.06585712730884552,0.02733737789094448,0.05629235878586769,0.02744581364095211,0.044357769191265106,0.019958920776844025,0.6917059421539307,0.0670447126030922
ZJ020130,0.23050792515277863,0.11284743994474411,0.47475287318229675,0.015807945281267166,0.06894870847463608,0.009402146562933922,0.046785417944192886,0.04094759002327919
ZJ020131,0.09255113452672958,0.02965783327817917,0.003929075784981251,0.0538942813873291,0.066734179854393,0.035660989582538605,0.6662201285362244,0.05135241150856018
ZJ020132,0.13298805058002472,0.09844204038381577,0.6250813603401184,0.014857124537229538,0.04977307468652725,0.011899459175765514,0.030476706102490425,0.03648226335644722
ZJ020133,0.013416451402008533,0.015296321362257004,0.006124383304268122,0.03710128366947174,0.0211328212171793,0.015577856451272964,0.7462588548660278,0.14509209990501404
ZJ020134,0.0551336407661438,0.0882669985294342,0.12426093965768814,0.08580110967159271,0.19914662837982178,0.1335347592830658,0.06471867859363556,0.24913723766803741
ZJ020135,0.004329690244048834,0.007333402521908283,0.0037024938501417637,0.008757092989981174,0.006374795455485582,0.007361546624451876,0.9491214752197266,0.013019509613513947
ZJ020136,0.0559544712305069,0.034464091062545776,0.006581881083548069,0.04979322478175163,0.03452654182910919,0.04184000566601753,0.06484349817037582,0.7119962573051453
ZJ020137,0.0069022709503769875,0.01047579851001501,0.002628134563565254,0.9484390020370483,0.005994592793285847,0.007207805290818214,0.009332295507192612,0.009020116180181503
ZJ020138,0.009330474771559238,0.9296116232872009,0.004086039494723082,0.016725845634937286,0.007073292043060064,0.012754294089972973,0.00852465070784092,0.011893740855157375
ZJ020139,0.1630973517894745,0.19043821096420288,0.07360628992319107,0.06294970959424973,0.13222673535346985,0.0383339449763298,0.14224863052368164,0.19709919393062592
ZJ020140,0.0038791464176028967,0.0031194156035780907,0.003030457766726613,0.005931873805820942,0.004361212719231844,0.006131025962531567,0.9664665460586548,0.007080287206918001
ZJ020141,0.014799464493989944,0.015227362513542175,0.0026004952378571033,0.007263051345944405,0.010351096279919147,0.9235290288925171,0.013193381018936634,0.013036123476922512
ZJ020142,0.31120046973228455,0.12925243377685547,0.3173165023326874,0.01714319735765457,0.08021660149097443,0.017899613827466965,0.10528603941202164,0.021685129031538963
ZJ020143,0.326911062002182,0.1388079822063446,0.327779084444046,0.023139216005802155,0.057168930768966675,0.021875018253922462,0.07581191509962082,0.02850678376853466
ZJ020144,0.005536610726267099,0.006459700874984264,0.0033905210439115763,0.011589004658162594,0.006273475009948015,0.004716176073998213,0.9423037767410278,0.01973075605928898
ZJ020145,0.2068653106689453,0.141500324010849,0.4185229241847992,0.024948708713054657,0.0991414338350296,0.019023161381483078,0.05913963168859482,0.030858516693115234
ZJ020146,0.09236198663711548,0.04485446587204933,0.013409363105893135,0.037857454270124435,0.6745706796646118,0.04974055290222168,0.021014414727687836,0.06619110703468323
ZJ020147,0.0962718203663826,0.0330742746591568,0.741118311882019,0.032277386635541916,0.02805657684803009,0.010177114978432655,0.013742276467382908,0.045282140374183655
ZJ020148,0.015862520784139633,0.012130310758948326,0.003433880629017949,0.006310300901532173,0.011591967195272446,0.9258896112442017,0.01600705459713936,0.008774426765739918
ZJ020149,0.023029211908578873,0.019347531720995903,0.002391604008153081,0.022781716659665108,0.014457275159657001,0.8754267692565918,0.024991467595100403,0.017574382945895195
ZJ020150,0.20899666845798492,0.15760894119739532,0.10486448556184769,0.0746113508939743,0.1063617393374443,0.04493027925491333,0.13671118021011353,0.1659153401851654
ZJ020151,0.17338144779205322,0.15446124970912933,0.41299885511398315,0.027627957984805107,0.12541234493255615,0.0196958240121603,0.050932399928569794,0.0354900099337101
ZJ020152,0.00772882392629981,0.9407135248184204,0.0029214711394160986,0.013552367687225342,0.01148876454681158,0.0087307533249259,0.007165667600929737,0.007698482368141413
ZJ020153,0.3140789568424225,0.08895519375801086,0.29491379857063293,0.11499869078397751,0.07591547816991806,0.018949713557958603,0.036763593554496765,0.05542457103729248
ZJ020154,0.023740988224744797,0.07932549715042114,0.0029241330921649933,0.038014210760593414,0.060527827590703964,0.04163821414113045,0.7262636423110962,0.027565505355596542
ZJ020155,0.0487590953707695,0.07611443102359772,0.3152680993080139,0.13734453916549683,0.06843380630016327,0.019040537998080254,0.03214932978153229,0.3028901219367981
ZJ020156,0.23543795943260193,0.17097988724708557,0.3321340084075928,0.02861294522881508,0.11973325163125992,0.01812419295310974,0.06447527557611465,0.03050249256193638
ZJ020157,0.05597785487771034,0.05708868429064751,0.0032669121865183115,0.03879620507359505,0.03133969381451607,0.037923697382211685,0.5307214856147766,0.24488550424575806
ZJ020158,0.009196752682328224,0.4299900531768799,0.004623495973646641,0.01328146830201149,0.011266184970736504,0.02177371270954609,0.4755118787288666,0.03435639292001724
ZJ020159,0.26912838220596313,0.149455264210701,0.2993012070655823,0.02620798721909523,0.049767281860113144,0.02498582750558853,0.15344905853271484,0.027705011889338493
ZJ020160,0.014794844202697277,0.8677188754081726,0.0038351344410330057,0.010413584299385548,0.016690712422132492,0.02245413139462471,0.048538390547037125,0.015554293990135193
ZJ020161,0.009603588841855526,0.9456629157066345,0.003900699783116579,0.0066646067425608635,0.00833479966968298,0.008964073844254017,0.0099892383441329,0.006880033761262894
ZJ020162,0.011600806377828121,0.9233682751655579,0.007462204899638891,0.01602862775325775,0.012776046991348267,0.012911432422697544,0.007097282446920872,0.008755232207477093
ZJ020163,0.13376300036907196,0.0962425246834755,0.5818053483963013,0.01835831254720688,0.08617278188467026,0.014079871587455273,0.046965278685092926,0.0226128026843071
ZJ020164,0.28104525804519653,0.18246442079544067,0.3071414530277252,0.019022392109036446,0.0844702422618866,0.016439661383628845,0.07617617398500443,0.03324033319950104
ZJ020165,0.1964205950498581,0.11469414085149765,0.37374553084373474,0.05231180042028427,0.09490479528903961,0.027944529429078102,0.037209320813417435,0.10276923328638077
ZJ020166,0.20107832551002502,0.15732824802398682,0.46452653408050537,0.02044791728258133,0.08560929447412491,0.012783174403011799,0.03691304847598076,0.021313460543751717
ZJ020167,0.9593472480773926,0.007939436472952366,0.004324320703744888,0.00527725787833333,0.007007671054452658,0.003371790051460266,0.007085814606398344,0.005646402947604656
ZJ020168,0.1160837784409523,0.09473982453346252,0.041720010340213776,0.12030809372663498,0.21398119628429413,0.21804316341876984,0.10393882542848587,0.09118510037660599
ZJ020169,0.021224213764071465,0.8815683722496033,0.007761753164231777,0.021370837464928627,0.01942765899002552,0.021193435415625572,0.010263978503644466,0.017189720645546913
ZJ020170,0.005948087200522423,0.005101522896438837,0.0019743144512176514,0.010661481879651546,0.006031977012753487,0.005971065256744623,0.9541645050048828,0.010147064924240112
ZJ020171,0.14917424321174622,0.15911786258220673,0.38609129190444946,0.027618566527962685,0.15025606751441956,0.026312852278351784,0.07135084271430969,0.030078280717134476
ZJ020172,0.127803772687912,0.06342575699090958,0.6357914209365845,0.04060358181595802,0.04885242506861687,0.013183634728193283,0.03476620838046074,0.035573214292526245
ZJ020173,0.2360553741455078,0.17812420427799225,0.3741627633571625,0.018992483615875244,0.0729292556643486,0.014348840340971947,0.07278827577829361,0.03259885311126709
ZJ020174,0.12696702778339386,0.07002895325422287,0.10965171456336975,0.1488967388868332,0.10126971453428268,0.03323550894856453,0.08296709507703781,0.3269832730293274
ZJ020175,0.9600935578346252,0.006648983806371689,0.0017362190410494804,0.0061087170615792274,0.006211795378476381,0.005473897326737642,0.007470151875168085,0.006256652995944023
ZJ020176,0.19475649297237396,0.22674314677715302,0.4213213324546814,0.020711814984679222,0.05264143645763397,0.02353067696094513,0.04369475692510605,0.016600333154201508
ZJ020177,0.008931977674365044,0.9268612861633301,0.0036935843527317047,0.009137306362390518,0.008707939647138119,0.009734992869198322,0.020704030990600586,0.012228899635374546
ZJ020178,0.09573755413293839,0.05695004016160965,0.12717700004577637,0.1065136268734932,0.08472690731287003,0.0335485115647316,0.11706242710351944,0.37828391790390015
ZJ020179,0.04869629815220833,0.017202209681272507,0.004380561877042055,0.16817094385623932,0.04483761265873909,0.049491383135318756,0.04784286022186279,0.6193782091140747
ZJ020180,0.102076955139637,0.045062847435474396,0.7000847458839417,0.034852102398872375,0.03365625441074371,0.00788823701441288,0.02754085510969162,0.048837948590517044
ZJ020181,0.013858835212886333,0.918376624584198,0.006446029990911484,0.008135239593684673,0.01382156927138567,0.01035295706242323,0.013384854421019554,0.01562394481152296
ZJ020182,0.24766813218593597,0.1261712610721588,0.3999253511428833,0.02577441930770874,0.10318439453840256,0.020790304988622665,0.046250395476818085,0.03023575432598591
ZJ020183,0.20373418927192688,0.17101089656352997,0.44745934009552,0.015915533527731895,0.05818697437644005,0.013759268447756767,0.06534937024116516,0.024584360420703888
ZJ020184,0.012803382240235806,0.043296292424201965,0.003514839569106698,0.006958475802093744,0.005434879567474127,0.006859188433736563,0.9046452641487122,0.0164877250790596
ZJ020185,0.1488899141550064,0.044611506164073944,0.638597309589386,0.048776835203170776,0.03659623861312866,0.01822502352297306,0.023778187111020088,0.04052501171827316
ZJ020186,0.0031489450484514236,0.003145685186609626,0.003064290853217244,0.005368090700358152,0.0035672166850417852,0.005530973430722952,0.9691233038902283,0.007051536347717047
ZJ020187,0.11304688453674316,0.07194773852825165,0.15873226523399353,0.1253027617931366,0.11588318645954132,0.04028286039829254,0.09760347008705139,0.277200847864151
ZJ020188,0.23274056613445282,0.09362642467021942,0.3793378472328186,0.07874110341072083,0.07490632683038712,0.026090076193213463,0.022190282121300697,0.09236733615398407
ZJ020189,0.08884260803461075,0.013711008243262768,0.0027635672595351934,0.072819784283638,0.02405995875597,0.020899923518300056,0.04558492824435234,0.7313181161880493
ZJ020190,0.11975482106208801,0.21280962228775024,0.04770316556096077,0.06425832211971283,0.18137094378471375,0.028376685455441475,0.1665465086698532,0.17917993664741516
ZJ020191,0.26364055275917053,0.15598508715629578,0.3355705142021179,0.02312557026743889,0.05303847789764404,0.02054651267826557,0.11956113576889038,0.028532126918435097
ZJ020192,0.2747795581817627,0.2470250427722931,0.07410974055528641,0.025154901668429375,0.043745700269937515,0.040664151310920715,0.25303277373313904,0.04148813709616661
ZJ020193,0.015262706205248833,0.013425540179014206,0.0024674597661942244,0.008621146902441978,0.016296613961458206,0.9161065220832825,0.016616379842162132,0.011203527450561523
ZJ020194,0.023482952266931534,0.04186515137553215,0.006945118308067322,0.09981917589902878,0.06271147727966309,0.6072661280632019,0.07538852095603943,0.08252140879631042
ZJ020195,0.04587177187204361,0.050349246710538864,0.007701861672103405,0.015739673748612404,0.03306328505277634,0.02073276974260807,0.04563525319099426,0.780906081199646
ZJ020196,0.17339947819709778,0.23859046399593353,0.016579020768404007,0.07649808377027512,0.10568306595087051,0.04884367436170578,0.21267132461071014,0.1277349293231964
ZJ020197,0.1212819442152977,0.25968170166015625,0.3550088107585907,0.016035795211791992,0.04912630841135979,0.022959791123867035,0.14068488776683807,0.035220831632614136
ZJ020198,0.114259734749794,0.08362190425395966,0.1338370144367218,0.10949881374835968,0.10864325612783432,0.028149159625172615,0.125864639878273,0.29612547159194946
ZJ020199,0.5097559690475464,0.0344327911734581,0.1442803293466568,0.09989408403635025,0.0720909833908081,0.04002806171774864,0.0206123199313879,0.07890551537275314
ZJ020200,0.07487209141254425,0.052587058395147324,0.013506008312106133,0.09462451934814453,0.1048763319849968,0.19442057609558105,0.23755855858325958,0.2275547981262207
ZJ020201,0.003987645264714956,0.0036206680815666914,0.003040741430595517,0.005632989574223757,0.00458099041134119,0.004243555013090372,0.9701393842697144,0.0047540729865431786
ZJ020202,0.023703761398792267,0.018950551748275757,0.0025757711846381426,0.017624901607632637,0.013892419636249542,0.875602662563324,0.028835592791438103,0.018814243376255035
ZJ020203,0.009088595397770405,0.004926559515297413,0.0016748582711443305,0.007576393894851208,0.005284509155899286,0.005721420049667358,0.9579218626022339,0.007805694825947285
ZJ020204,0.10939400643110275,0.34472033381462097,0.007069006562232971,0.09182588756084442,0.045396726578474045,0.033485203981399536,0.026174668222665787,0.3419342637062073
ZJ020205,0.1152832955121994,0.05345829948782921,0.06508480757474899,0.20822790265083313,0.0709950253367424,0.039994463324546814,0.11240976303815842,0.33454644680023193
ZJ020206,0.06328102201223373,0.05456466227769852,0.651098370552063,0.034222785383462906,0.06621799618005753,0.028591807931661606,0.03215507045388222,0.0698682963848114
ZJ020207,0.00715235760435462,0.9307705760002136,0.005129258614033461,0.01695903204381466,0.010440576821565628,0.012456250376999378,0.006340128369629383,0.010751904919743538
ZJ020208,0.00413661589846015,0.0034431663807481527,0.0030877047684043646,0.007025871891528368,0.004332571756094694,0.004893999546766281,0.9658078551292419,0.007272155489772558
ZJ020209,0.7294499278068542,0.02851361781358719,0.00833514891564846,0.012204609811306,0.0813625156879425,0.015905603766441345,0.10279104113578796,0.021437447518110275
ZJ020210,0.09752207249403,0.05930321291089058,0.7195683717727661,0.022999664768576622,0.03672311082482338,0.006527234800159931,0.028979681432247162,0.028376657515764236
ZJ020211,0.16725550591945648,0.050479378551244736,0.424060195684433,0.03470378741621971,0.050666071474552155,0.018481701612472534,0.03435143828392029,0.22000190615653992
ZJ020212,0.07922873646020889,0.09288498014211655,0.5845385789871216,0.06852013617753983,0.05853477492928505,0.01263444684445858,0.031078681349754333,0.07257969677448273
ZJ020213,0.09536058455705643,0.1073245033621788,0.18422049283981323,0.10119432210922241,0.11339116841554642,0.0272494088858366,0.0968090146780014,0.27445051074028015
ZJ020214,0.9268301129341125,0.005802579689770937,0.004156896844506264,0.007608918473124504,0.00960844848304987,0.010312667116522789,0.027695875614881516,0.0079844044521451
ZJ020215,0.2242693454027176,0.1463986188173294,0.389748215675354,0.021174587309360504,0.046270184218883514,0.01936689205467701,0.124813012778759,0.027959074825048447
ZJ020216,0.07457712292671204,0.0906396210193634,0.06043916195631027,0.05228710547089577,0.07938588410615921,0.024378035217523575,0.37095677852630615,0.2473362684249878
ZJ020217,0.0028079624753445387,0.0034887949004769325,0.002694004215300083,0.008249715901911259,0.0038768842350691557,0.006127789616584778,0.9575932621955872,0.015161522664129734
ZJ020218,0.015203897841274738,0.013587314635515213,0.0025322737637907267,0.018012581393122673,0.011060386896133423,0.9127469062805176,0.014692524448037148,0.012164139188826084
ZJ020219,0.007956772111356258,0.9333235025405884,0.005120930727571249,0.010013366118073463,0.008798401802778244,0.008670785464346409,0.013756331987679005,0.01235994789749384
ZJ020220,0.007548908703029156,0.010283397510647774,0.0026490557938814163,0.9426602125167847,0.004504932090640068,0.014665599912405014,0.008251535706222057,0.009436369873583317
ZJ020221,0.15078169107437134,0.22634761035442352,0.4692046642303467,0.021718906238675117,0.053703486919403076,0.02282015047967434,0.038695018738508224,0.01672852411866188
ZJ020222,0.033531151711940765,0.6934775114059448,0.014399929903447628,0.01622798666357994,0.023486267775297165,0.014041915535926819,0.16510368883609772,0.039731524884700775
ZJ020223,0.06179014593362808,0.01285121776163578,0.005015482660382986,0.018674936145544052,0.0453597828745842,0.022367727011442184,0.7767709493637085,0.057169750332832336
ZJ020224,0.15607212483882904,0.08326829224824905,0.36401286721229553,0.09435740858316422,0.094869464635849,0.031161421909928322,0.029464107006788254,0.1467943638563156
ZJ020225,0.18036597967147827,0.22265391051769257,0.1437540352344513,0.04801703244447708,0.12130339443683624,0.06554149091243744,0.11340098828077316,0.10496314615011215
ZJ020226,0.15740938484668732,0.2530295252799988,0.43533384799957275,0.020669231191277504,0.0473603755235672,0.024743447080254555,0.04525696486234665,0.01619728095829487
ZJ020227,0.01497657224535942,0.013288046233355999,0.002801882568746805,0.026116061955690384,0.01969710737466812,0.012759183533489704,0.03890552744269371,0.8714556097984314
ZJ020228,0.04717804118990898,0.134032741189003,0.31711050868034363,0.03656432777643204,0.04821014776825905,0.014933133497834206,0.010024592280387878,0.3919464945793152
ZJ020229,0.7927927374839783,0.021700013428926468,0.003379662288352847,0.013809522613883018,0.1311969757080078,0.011581775732338428,0.011657088994979858,0.01388231385499239
ZJ020230,0.04613146185874939,0.8642666339874268,0.005537443794310093,0.012182929553091526,0.011905456893146038,0.0242866612970829,0.013339151628315449,0.022350259125232697
ZJ020231,0.21801994740962982,0.18822510540485382,0.19656746089458466,0.023106150329113007,0.06369815766811371,0.028797008097171783,0.2359413057565689,0.045644890516996384
ZJ020232,0.14987953007221222,0.05799967050552368,0.4912208616733551,0.05305039882659912,0.09711316972970963,0.023682039231061935,0.034121766686439514,0.09293259680271149
ZJ020233,0.31871581077575684,0.1755463033914566,0.32787269353866577,0.015347648411989212,0.0604802630841732,0.012044379487633705,0.06824730336666107,0.021745622158050537
ZJ020234,0.9460589289665222,0.007175712380558252,0.0027467445470392704,0.007408343255519867,0.013506071642041206,0.007441254332661629,0.010179523378610611,0.005483449902385473
ZJ020235,0.09939165413379669,0.6320369243621826,0.048343539237976074,0.021977437660098076,0.06830400973558426,0.022542094811797142,0.06253911554813385,0.04486521705985069
ZJ020236,0.25139597058296204,0.16680392622947693,0.34767037630081177,0.01629561558365822,0.08439359813928604,0.014795507304370403,0.06652330607175827,0.05212170630693436
ZJ020237,0.005994967184960842,0.009089509956538677,0.0022092650178819895,0.9537942409515381,0.005632793065160513,0.0075896503403782845,0.008213677443563938,0.007475832011550665
ZJ020238,0.3246889114379883,0.11333049833774567,0.3698219358921051,0.0243513323366642,0.07992415130138397,0.017161043360829353,0.05348735675215721,0.017234668135643005
ZJ020239,0.07099923491477966,0.3655789792537689,0.004366524517536163,0.057908788323402405,0.02731591835618019,0.03389952331781387,0.22324101626873016,0.2166900336742401
ZJ020240,0.24688583612442017,0.15386085212230682,0.38695117831230164,0.01630152389407158,0.08031295239925385,0.017176194116473198,0.05745247006416321,0.04105905815958977
ZJ020241,0.008507215417921543,0.0031035502906888723,0.002765597077086568,0.007504735607653856,0.006296117790043354,0.0056092445738613605,0.9592466354370117,0.0069669135846197605
ZJ020242,0.007486173417419195,0.9257423877716064,0.00514874467626214,0.016330158337950706,0.013007759116590023,0.011513679288327694,0.009065182879567146,0.011705934070050716
ZJ020243,0.13402436673641205,0.08919518440961838,0.4889253079891205,0.05569364130496979,0.032667264342308044,0.017349202185869217,0.045465439558029175,0.13667964935302734
ZJ020244,0.271145761013031,0.06715630739927292,0.3181522488594055,0.03533274680376053,0.050331681966781616,0.016796879470348358,0.06588906049728394,0.1751953810453415
ZJ020245,0.05193705856800079,0.0131346071138978,0.004416729789227247,0.011423384770751,0.8936409950256348,0.006288943346589804,0.007129352074116468,0.012028929777443409
ZJ020246,0.013627196662127972,0.010891302488744259,0.00291152554564178,0.0065202172845602036,0.011161859147250652,0.9301780462265015,0.014832093380391598,0.009877661243081093
ZJ020247,0.023013805970549583,0.8694937825202942,0.00652286084368825,0.018407203257083893,0.015670593827962875,0.020859183743596077,0.020972371101379395,0.02506021410226822
ZJ020248,0.956142783164978,0.008881058543920517,0.002008829265832901,0.007614856585860252,0.007588005159050226,0.005593694280833006,0.004837780259549618,0.007333031855523586
ZJ020249,0.9524430632591248,0.010838952846825123,0.002313032979145646,0.009636476635932922,0.007497080601751804,0.005337628070265055,0.0050904471427202225,0.006843314506113529
ZJ020250,0.01488464791327715,0.01813577301800251,0.0028690281324088573,0.011683395132422447,0.011468564160168171,0.01178591139614582,0.01293187029659748,0.9162408113479614
ZJ020251,0.023449717089533806,0.019634142518043518,0.0023195999674499035,0.016827553510665894,0.014299776405096054,0.8742949366569519,0.030721306800842285,0.018452921882271767
ZJ020252,0.25875598192214966,0.18027673661708832,0.36549490690231323,0.020199710503220558,0.09286072105169296,0.013664676807820797,0.04663120582699776,0.022116081789135933
ZJ020253,0.21333323419094086,0.5138490796089172,0.06501171737909317,0.024292156100273132,0.08352646231651306,0.023055003955960274,0.04372353106737137,0.03320877254009247
ZJ020254,0.030333036556839943,0.8406893014907837,0.008908333256840706,0.022792814299464226,0.029377734288573265,0.03125763311982155,0.016274146735668182,0.02036704495549202
ZJ020255,0.10292183607816696,0.043660830706357956,0.5538776516914368,0.028147133067250252,0.0852394700050354,0.08486038446426392,0.018630778416991234,0.08266182988882065
ZJ020256,0.2912198603153229,0.10665900260210037,0.05891798809170723,0.08231602609157562,0.11283993721008301,0.038288287818431854,0.07057411223649979,0.23918479681015015
ZJ020257,0.21180585026741028,0.1879650205373764,0.22563940286636353,0.018596500158309937,0.04403133690357208,0.024947283789515495,0.21328330039978027,0.07373134791851044
ZJ020258,0.47521165013313293,0.06575658172369003,0.02050079219043255,0.05701811984181404,0.06847117096185684,0.039641011506319046,0.1573535054922104,0.11604716628789902
ZJ020259,0.9581570029258728,0.008053856901824474,0.0017581471474841237,0.006572403945028782,0.01148554403334856,0.004632284399122,0.004113542847335339,0.005227277055382729
ZJ020260,0.03955796733498573,0.03409907594323158,0.0028505786322057247,0.027521198615431786,0.018345532938838005,0.8088729381561279,0.0431111715734005,0.025641441345214844
ZJ020261,0.958056628704071,0.009112488478422165,0.0019192257896065712,0.007728618569672108,0.005497688427567482,0.005400551948696375,0.004748960956931114,0.0075357817113399506
ZJ020262,0.188484787940979,0.16497322916984558,0.11942904442548752,0.07930901646614075,0.12361901998519897,0.030973127111792564,0.09706037491559982,0.19615133106708527
ZJ020263,0.223418727517128,0.16160738468170166,0.3463842272758484,0.02336779050529003,0.1014973372220993,0.027102993801236153,0.07465111464262009,0.0419703908264637
ZJ020264,0.008147045969963074,0.9221214652061462,0.005660900846123695,0.013984446413815022,0.011648300103843212,0.014081747271120548,0.012959538958966732,0.011396543122828007
ZJ020265,0.06806188076734543,0.7584104537963867,0.0025950672570616007,0.02288239076733589,0.03196079656481743,0.03696658834815025,0.05749361589550972,0.021629253402352333
ZJ020266,0.00836211908608675,0.9326235055923462,0.006068267859518528,0.01845294050872326,0.008791672997176647,0.011196136474609375,0.007344895042479038,0.007160433568060398
ZJ020267,0.15974712371826172,0.07753072679042816,0.5612583160400391,0.04232248663902283,0.042653389275074005,0.010355841368436813,0.030110832303762436,0.07602132111787796
ZJ020268,0.006806774064898491,0.9505347609519958,0.0030256423633545637,0.006063074339181185,0.004996018018573523,0.009878361597657204,0.01039250660687685,0.008302970789372921
ZJ020269,0.00601240573450923,0.007081714458763599,0.0020604385063052177,0.9552555084228516,0.004109726753085852,0.01107974722981453,0.006962168961763382,0.007438302971422672
ZJ020270,0.2046155333518982,0.16536232829093933,0.10690685361623764,0.06461840867996216,0.1335751861333847,0.03385276719927788,0.14870166778564453,0.14236724376678467
ZJ020271,0.02694970741868019,0.02363259345293045,0.009501374326646328,0.014850698411464691,0.04290878400206566,0.8264397382736206,0.031442075967788696,0.02427499182522297
ZJ020272,0.004002744797617197,0.00450542476028204,0.002593680750578642,0.00593551667407155,0.003391438163816929,0.005469431169331074,0.9666829705238342,0.007418731227517128
ZJ020273,0.21537910401821136,0.17696891725063324,0.43153417110443115,0.015043465420603752,0.06181170046329498,0.021005546674132347,0.05694299936294556,0.021314091980457306
ZJ020274,0.9595975279808044,0.008581181988120079,0.0022154967300593853,0.006282903254032135,0.006075700279325247,0.005169506650418043,0.00539807602763176,0.0066795870661735535
ZJ020275,0.10549940168857574,0.04452972486615181,0.6052557229995728,0.06828217208385468,0.03930649906396866,0.022255457937717438,0.020378099754452705,0.09449294209480286
ZJ020276,0.014301708899438381,0.015513847582042217,0.003936476539820433,0.009824677370488644,0.011921608820557594,0.9119077920913696,0.021324504166841507,0.011269431561231613
ZJ020277,0.16235531866550446,0.1362590491771698,0.4220500588417053,0.030534720048308372,0.13453622162342072,0.028332730755209923,0.05391285568475723,0.03201916813850403
ZJ020278,0.007801264524459839,0.9387054443359375,0.004413430579006672,0.014770184643566608,0.008731179870665073,0.009777314960956573,0.007979318499565125,0.007821802981197834
ZJ020279,0.006461078301072121,0.005888079293072224,0.0033761386293917894,0.005644951481372118,0.004990609362721443,0.01213714201003313,0.9496667981147766,0.011835294775664806
ZJ020280,0.4450303614139557,0.09263423085212708,0.2986896336078644,0.016942491754889488,0.04789934679865837,0.026068713515996933,0.04212450236082077,0.03061070665717125
ZJ020281,0.19163188338279724,0.14805133640766144,0.43417418003082275,0.021550722420215607,0.09981327503919601,0.024189820513129234,0.05091976374387741,0.02966901659965515
ZJ020282,0.08758063614368439,0.04277854785323143,0.6513698697090149,0.03947038948535919,0.0901753231883049,0.014660397544503212,0.018163995817303658,0.05580086261034012
ZJ020283,0.06157313659787178,0.15620653331279755,0.3692402243614197,0.038480665534734726,0.12694494426250458,0.08776038885116577,0.054171666502952576,0.10562250763177872
ZJ020284,0.39128947257995605,0.20294497907161713,0.1171686202287674,0.031226349994540215,0.0392405241727829,0.029949918389320374,0.11033140122890472,0.07784876227378845
ZJ020285,0.24980834126472473,0.07671653479337692,0.07678412646055222,0.10544882714748383,0.1195351630449295,0.03616238757967949,0.09605413675308228,0.23949052393436432
ZJ020286,0.05543328821659088,0.006152884569019079,0.001865331083536148,0.015483382157981396,0.006720797624439001,0.0180454570800066,0.8710104823112488,0.025288386270403862
ZJ020287,0.004538527224212885,0.9507225155830383,0.002714812057092786,0.008354091085493565,0.006554812658578157,0.007203380577266216,0.010121521539986134,0.009790418669581413
ZJ020288,0.3260134160518646,0.03064211830496788,0.0036216669250279665,0.027127420529723167,0.02139599807560444,0.018313545733690262,0.03311567381024361,0.5397701859474182
ZJ020289,0.20062991976737976,0.08543229848146439,0.13993403315544128,0.03918175399303436,0.06584624946117401,0.018765026703476906,0.3267870545387268,0.12342364341020584
ZJ020290,0.2284504473209381,0.020919732749462128,0.0038985710125416517,0.03372052684426308,0.022702569141983986,0.020349537953734398,0.02733510732650757,0.6426235437393188
ZJ020291,0.13393962383270264,0.12460552155971527,0.03484787046909332,0.19814343750476837,0.11213431507349014,0.18384061753749847,0.13975973427295685,0.07272885739803314
ZJ020292,0.9543677568435669,0.007661421317607164,0.0015314844204112887,0.006767880637198687,0.006876908242702484,0.006443524267524481,0.010224872268736362,0.006126148160547018
ZJ020293,0.3126220703125,0.054859813302755356,0.4181731343269348,0.04262464866042137,0.0521077923476696,0.0353756919503212,0.04188929498195648,0.04234756901860237
ZJ020294,0.01855640299618244,0.011637373827397823,0.0024157101288437843,0.8849989175796509,0.0170882735401392,0.013248941861093044,0.02958712726831436,0.02246726118028164
ZJ020295,0.014824876561760902,0.864416241645813,0.005838850513100624,0.018622299656271935,0.013794729486107826,0.02081276662647724,0.02414747327566147,0.03754274547100067
ZJ020296,0.10526076704263687,0.06735395640134811,0.6484569311141968,0.04209960624575615,0.048816896975040436,0.015535918064415455,0.036473337560892105,0.036002542823553085
ZJ020297,0.1318662017583847,0.09458526223897934,0.40256741642951965,0.0515751950442791,0.08090008050203323,0.009778822772204876,0.10867813974618912,0.12004885822534561
ZJ020298,0.09627965092658997,0.5799005627632141,0.01966262236237526,0.020583683624863625,0.03750690445303917,0.01687658205628395,0.05290885269641876,0.1762811541557312
ZJ020299,0.08727079629898071,0.028507065027952194,0.0028694639913737774,0.6297785043716431,0.022286202758550644,0.02991834282875061,0.028147017583251,0.17122258245944977
ZJ020300,0.00781642459332943,0.01900029182434082,0.0017354021547362208,0.005240780767053366,0.00491839786991477,0.005452226381748915,0.9455855488777161,0.010250909253954887
ZJ020301,0.15314731001853943,0.11018156260251999,0.4812370836734772,0.060530416667461395,0.07590672373771667,0.021815890446305275,0.02372213639318943,0.07345890253782272
ZJ020302,0.006279702764004469,0.01290395949035883,0.0026750555261969566,0.005691405851393938,0.0037853866815567017,0.006010124925523996,0.9530971050262451,0.009557320736348629
ZJ020303,0.12675437331199646,0.1348443627357483,0.4633984863758087,0.024431059136986732,0.10474736243486404,0.024294188246130943,0.08363243192434311,0.03789772093296051
ZJ020304,0.05366773530840874,0.029161667451262474,0.0031156796030700207,0.533544659614563,0.04386753588914871,0.04380645602941513,0.02920525148510933,0.2636309862136841
ZJ020305,0.2355312705039978,0.33480602502822876,0.27778419852256775,0.016588205471634865,0.05787212401628494,0.013177746906876564,0.037551622837781906,0.026688862591981888
ZJ020306,0.2654660642147064,0.17600761353969574,0.3463979959487915,0.01929369941353798,0.09294673800468445,0.01615234650671482,0.05990888923406601,0.023826709017157555
ZJ020307,0.12403924018144608,0.505489706993103,0.08448424935340881,0.01805628463625908,0.07931292802095413,0.021933438256382942,0.09566334635019302,0.07102080434560776
ZJ020308,0.19098222255706787,0.04389917477965355,0.5944827198982239,0.022390419617295265,0.03948773816227913,0.007792054209858179,0.039458028972148895,0.06150764599442482
ZJ020309,0.008120541460812092,0.9398157000541687,0.003480184357613325,0.011146573349833488,0.0073760501109063625,0.01121333334594965,0.009154451079666615,0.009693143889307976
ZJ020310,0.32224395871162415,0.08873612433671951,0.20473293960094452,0.034924283623695374,0.046739690005779266,0.015146717429161072,0.045413922518491745,0.24206231534481049
ZJ020311,0.010145461186766624,0.009175477549433708,0.003983589820563793,0.007219512015581131,0.011655852198600769,0.9362732172012329,0.011829322203993797,0.009717658162117004
ZJ020312,0.16550616919994354,0.40866148471832275,0.17863178253173828,0.022538617253303528,0.06172278895974159,0.0495266430079937,0.08270053565502167,0.030711986124515533
ZJ020313,0.0249506663531065,0.01988210715353489,0.0075118327513337135,0.016413426026701927,0.03676437586545944,0.8352624177932739,0.0340275838971138,0.025187566876411438
ZJ020314,0.3338049352169037,0.1411084234714508,0.35096001625061035,0.02099144458770752,0.0589674673974514,0.015393609181046486,0.06413067132234573,0.014643438160419464
ZJ020315,0.0171926598995924,0.01226118579506874,0.0033643355127424,0.006928587798029184,0.012186356820166111,0.9219796657562256,0.016485080122947693,0.009602068923413754
ZJ020316,0.24366982281208038,0.12035835534334183,0.47000062465667725,0.016975240781903267,0.07406168431043625,0.008704793639481068,0.039160776883363724,0.027068646624684334
ZJ020317,0.16173586249351501,0.09740706533193588,0.5616040229797363,0.01553331408649683,0.062377266585826874,0.01351019274443388,0.04498143866658211,0.04285085201263428
ZJ020318,0.16399109363555908,0.1792282611131668,0.20934130251407623,0.02844536304473877,0.0594484806060791,0.05177585780620575,0.2496558427810669,0.058113712817430496
ZJ020319,0.27178332209587097,0.1422680914402008,0.39704033732414246,0.01623685285449028,0.06067280098795891,0.02118138037621975,0.06421956419944763,0.026597626507282257
ZJ020320,0.03178663179278374,0.4423251450061798,0.005790967959910631,0.020745225250720978,0.023822838440537453,0.016749922186136246,0.06983437389135361,0.3889448344707489
ZJ020321,0.16171453893184662,0.22224842011928558,0.4618964195251465,0.01853160187602043,0.05237670615315437,0.022609155625104904,0.04471437633037567,0.015908708795905113
ZJ020322,0.358857661485672,0.11057086288928986,0.35071897506713867,0.019782718271017075,0.0602760910987854,0.012276150286197662,0.05760869383811951,0.029908884316682816
ZJ020323,0.7212866544723511,0.022686494514346123,0.0030118238646537066,0.030938753858208656,0.026835795491933823,0.03760464861989021,0.019444221630692482,0.1381916105747223
ZJ020324,0.009070953354239464,0.9456533193588257,0.0030753130558878183,0.0065856012515723705,0.008592375554144382,0.009523050859570503,0.008667053654789925,0.008832377381622791
ZJ020325,0.0114622563123703,0.009786135517060757,0.0026442226953804493,0.009598263539373875,0.010430692695081234,0.9284543395042419,0.01422945037484169,0.013394665904343128
ZJ020326,0.3452952206134796,0.15934604406356812,0.20615626871585846,0.02542339637875557,0.08106420189142227,0.057671718299388885,0.07990046590566635,0.04514274001121521
ZJ020327,0.9608446359634399,0.006532203406095505,0.0010746237821877003,0.011194536462426186,0.0037908984813839197,0.003971187397837639,0.006012722849845886,0.006579190492630005
ZJ020328,0.17233110964298248,0.6357724666595459,0.00787514541298151,0.015326440334320068,0.03579164668917656,0.060062211006879807,0.05550903081893921,0.017331991344690323
ZJ020329,0.013133256696164608,0.019571488723158836,0.003905318910256028,0.01142483577132225,0.012339676730334759,0.9117034673690796,0.016836272552609444,0.011085709556937218
ZJ020330,0.06246447563171387,0.04185736924409866,0.5509583353996277,0.08416830748319626,0.058920808136463165,0.015045980922877789,0.041579362004995346,0.14500539004802704
ZJ020331,0.11651428043842316,0.03673318773508072,0.6291675567626953,0.05151205137372017,0.026848921552300453,0.012299913913011551,0.021134687587618828,0.10578937083482742
ZJ020332,0.330901175737381,0.041091438382864,0.2801065742969513,0.11088386178016663,0.06834083050489426,0.02004069648683071,0.03389659896492958,0.1147388145327568
ZJ020333,0.02014799416065216,0.015056012198328972,0.004687822423875332,0.04472274333238602,0.018687762320041656,0.8565670847892761,0.02159780263900757,0.018532849848270416
ZJ020334,0.018160467967391014,0.8313590884208679,0.0036146545317023993,0.019400974735617638,0.01593700423836708,0.018344148993492126,0.05298463627696037,0.04019889235496521
ZJ020335,0.2633395791053772,0.16346223652362823,0.007388322614133358,0.04568234458565712,0.062137238681316376,0.06462453305721283,0.12339679151773453,0.26996901631355286
ZJ020336,0.09595900028944016,0.080868199467659,0.5059083104133606,0.03543752804398537,0.06211312487721443,0.020523391664028168,0.01963992230594158,0.17955049872398376
ZJ020337,0.17300859093666077,0.16640667617321014,0.35860729217529297,0.029502077028155327,0.10157206654548645,0.03646992892026901,0.09450413286685944,0.03992917016148567
ZJ020338,0.3299477994441986,0.027056554332375526,0.003630607156082988,0.017340272665023804,0.5768101811408997,0.011730979196727276,0.01198506634682417,0.021498598158359528
ZJ020339,0.01443177554756403,0.009521130472421646,0.00289178267121315,0.031891223043203354,0.01560147013515234,0.011255288496613503,0.011372567154467106,0.9030348062515259
ZJ020340,0.01067738514393568,0.011557906866073608,0.007135061081498861,0.009325920604169369,0.016051430255174637,0.013347947038710117,0.9175205826759338,0.014383820816874504
ZJ020341,0.015483235009014606,0.9164289236068726,0.004120490048080683,0.010604454204440117,0.013168551959097385,0.018601393327116966,0.007291831076145172,0.014301166869699955
ZJ020342,0.267704576253891,0.22593246400356293,0.2594181299209595,0.03081447258591652,0.08235549181699753,0.010716388002038002,0.08226585388183594,0.040792617946863174
ZJ020343,0.9224186539649963,0.007131144870072603,0.005012661684304476,0.00805862806737423,0.020944539457559586,0.00655424315482378,0.025447998195886612,0.004432019777595997
ZJ020344,0.964823305606842,0.004328551702201366,0.0023228293284773827,0.005193633027374744,0.009141686372458935,0.004211928695440292,0.006445820908993483,0.0035321833565831184
ZJ020345,0.008562721312046051,0.9309902787208557,0.00764989061281085,0.014449646696448326,0.010578486137092113,0.014291229657828808,0.0072280727326869965,0.006249639671295881
ZJ020346,0.08047923445701599,0.4006667733192444,0.13209053874015808,0.038868021219968796,0.1961687058210373,0.035013310611248016,0.07146434485912323,0.04524914175271988
ZJ020347,0.002767252502962947,0.0035887728445231915,0.002496895845979452,0.008148562163114548,0.004269522614777088,0.004968913272023201,0.9638899564743042,0.009870114736258984
ZJ020348,0.05431213229894638,0.017110930755734444,0.011872585862874985,0.03888259828090668,0.02915290556848049,0.021277356892824173,0.017925933003425598,0.8094655275344849
ZJ020349,0.006070062052458525,0.01273581013083458,0.001295057707466185,0.009708080440759659,0.008438630029559135,0.007434224244207144,0.9124700427055359,0.04184800758957863
ZJ020350,0.0237105879932642,0.1935412436723709,0.005817113909870386,0.05630931630730629,0.03070046566426754,0.03196193277835846,0.09785337001085281,0.5601059794425964
ZJ020351,0.18017946183681488,0.0744112953543663,0.5309818983078003,0.03757009282708168,0.08128524571657181,0.015690907835960388,0.04530215263366699,0.03457895293831825
ZJ020352,0.06455579400062561,0.04569811746478081,0.06561639159917831,0.025206459686160088,0.04881438612937927,0.062094736844301224,0.6249970197677612,0.06301713734865189
ZJ020353,0.4166755676269531,0.01114111952483654,0.0024789252784103155,0.4519677460193634,0.01922222040593624,0.022734571248292923,0.031317565590143204,0.04446231573820114
ZJ020354,0.4161801040172577,0.07501941919326782,0.2992503046989441,0.02328578568994999,0.032048244029283524,0.0080130435526371,0.07745411992073059,0.06874890625476837
ZJ020355,0.010338887572288513,0.898130476474762,0.005560236517339945,0.00951378047466278,0.010373899713158607,0.009304895997047424,0.037245143204927444,0.019532697275280952
ZJ020356,0.038027551025152206,0.016085634008049965,0.01804780587553978,0.3165115416049957,0.03774241358041763,0.02124229446053505,0.04499256610870361,0.5073502063751221
ZJ020357,0.00632088677957654,0.008649442344903946,0.0034953656140714884,0.034247465431690216,0.017159651964902878,0.010114929638803005,0.8897309899330139,0.03028128668665886
ZJ020358,0.07085742056369781,0.046152930706739426,0.5163343548774719,0.03258131071925163,0.021086569875478745,0.009572763927280903,0.023692429065704346,0.2797222435474396
ZJ020359,0.19587884843349457,0.14002560079097748,0.49638307094573975,0.015414634719491005,0.03853250667452812,0.015575218014419079,0.07388046383857727,0.024309711530804634
ZJ020360,0.016199028119444847,0.015611091628670692,0.003634415566921234,0.01616361178457737,0.023610256612300873,0.8900871872901917,0.016132188960909843,0.018562259152531624
ZJ020361,0.0074999090284109116,0.943177342414856,0.002499854890629649,0.012710915878415108,0.006196312606334686,0.007358906324952841,0.008498303592205048,0.012058412656188011
ZJ020362,0.16200672090053558,0.05508041009306908,0.18485358357429504,0.12786011397838593,0.1160878837108612,0.028161708265542984,0.06592754274606705,0.26002201437950134
ZJ020363,0.014839131385087967,0.007599528878927231,0.003568141022697091,0.028964536264538765,0.011891428381204605,0.014461194165050983,0.018578412011265755,0.9000976085662842
ZJ020364,0.7297295331954956,0.014334036968648434,0.007504670415073633,0.03194339945912361,0.17610293626785278,0.011224459856748581,0.014986683614552021,0.014174293726682663
ZJ020365,0.03015086054801941,0.02422449178993702,0.010835779830813408,0.01577979139983654,0.045186907052993774,0.8130355477333069,0.035435885190963745,0.025350768119096756
ZJ020366,0.13820664584636688,0.043720368295907974,0.6765116453170776,0.024508623406291008,0.03094329684972763,0.00926980096846819,0.028630392625927925,0.04820923134684563
ZJ020367,0.3897562026977539,0.1120828241109848,0.2478376030921936,0.02815382182598114,0.04574179649353027,0.022593699395656586,0.11398514360189438,0.03984891250729561
ZJ020368,0.01612059213221073,0.8970775604248047,0.006851754151284695,0.00948901567608118,0.01536569744348526,0.011155061423778534,0.01889222487807274,0.025048142299056053
ZJ020369,0.008585675619542599,0.9262869954109192,0.005526725202798843,0.013601981103420258,0.011593304574489594,0.013817327097058296,0.011851504445075989,0.008736509829759598
ZJ020370,0.02149892970919609,0.037651076912879944,0.017917919903993607,0.008533264510333538,0.02366982400417328,0.8449773192405701,0.018083123490214348,0.027668552473187447
ZJ020371,0.06257476657629013,0.09159775823354721,0.016398102045059204,0.06580577790737152,0.059881553053855896,0.04174267500638962,0.1390998661518097,0.5228995084762573
ZJ020372,0.9517525434494019,0.008796620182693005,0.0014133370714262128,0.008571582846343517,0.007672145497053862,0.00556798605248332,0.011202077381312847,0.005023806355893612
ZJ020373,0.12917104363441467,0.3720831573009491,0.23193347454071045,0.025334984064102173,0.05016209930181503,0.03895829617977142,0.08400975167751312,0.06834720075130463
ZJ020374,0.2956649363040924,0.10352446883916855,0.43925824761390686,0.020032847300171852,0.05992226302623749,0.010519683361053467,0.04334734007716179,0.027730241417884827
ZJ020375,0.949263870716095,0.007699971087276936,0.002528281882405281,0.007881886325776577,0.006988237611949444,0.008906570263206959,0.00896032340824604,0.007770893629640341
ZJ020376,0.0600709430873394,0.05521411448717117,0.0028580569196492434,0.0409502238035202,0.06053178012371063,0.040360044687986374,0.7010000348091125,0.03901485353708267
ZJ020377,0.026732629165053368,0.01590697281062603,0.006077488884329796,0.24598383903503418,0.023743703961372375,0.05527111142873764,0.022173481062054634,0.6041107773780823
ZJ020378,0.2087310254573822,0.13348998129367828,0.46671441197395325,0.023414691910147667,0.07900889962911606,0.017446603626012802,0.050458814948797226,0.020735513418912888
ZJ020379,0.21342746913433075,0.14476101100444794,0.43939822912216187,0.020885659381747246,0.07863030582666397,0.010435353964567184,0.06702903658151627,0.025432977825403214
ZJ020380,0.8163403272628784,0.016506372019648552,0.0032010844442993402,0.015905864536762238,0.018943462520837784,0.01751885376870632,0.09881215542554855,0.012771847657859325
ZJ020381,0.012003911659121513,0.010113846510648727,0.0032573225907981396,0.006272593513131142,0.01173574198037386,0.9376925826072693,0.0077544706873595715,0.011169467121362686
ZJ020382,0.00582746509462595,0.009575488977134228,0.0021177649032324553,0.9538977146148682,0.005155714228749275,0.0059804958291351795,0.008031466975808144,0.009413918480277061
ZJ020383,0.9365962147712708,0.006332146469503641,0.0019141895463690162,0.007853477261960506,0.016077056527137756,0.00943660270422697,0.01296469196677208,0.00882563367486
ZJ020384,0.454973429441452,0.17849533259868622,0.17822793126106262,0.02354907989501953,0.0727001279592514,0.01793494261801243,0.05448651313781738,0.01963263377547264
ZJ020385,0.008772562257945538,0.9370906949043274,0.0053060841746628284,0.013660482130944729,0.009979944676160812,0.011585111729800701,0.005927807651460171,0.007677300367504358
ZJ020386,0.12674513459205627,0.11141259968280792,0.4731375277042389,0.06421558558940887,0.09323365986347198,0.023076554760336876,0.02569137141108513,0.08248752355575562
ZJ020387,0.00388189940713346,0.003842900972813368,0.002360561629757285,0.00724657392129302,0.004740362986922264,0.0046704416163265705,0.9669280052185059,0.006329254247248173
ZJ020388,0.964468777179718,0.005532417446374893,0.0016946924151852727,0.005682076793164015,0.007233425974845886,0.003776244120672345,0.006100957281887531,0.005511348135769367
ZJ020389,0.3183355927467346,0.07410689443349838,0.041016846895217896,0.019153013825416565,0.18789777159690857,0.023668454959988594,0.2891656458377838,0.0466558113694191
ZJ020390,0.24233607947826385,0.2618982195854187,0.20397214591503143,0.01881231740117073,0.10309569537639618,0.01576315611600876,0.10673629492521286,0.04738610237836838
ZJ020391,0.10462009161710739,0.014377067796885967,0.0019202587427571416,0.03901250660419464,0.020090030506253242,0.026738842949271202,0.7669045925140381,0.026336608454585075
ZJ020392,0.26173415780067444,0.09540729224681854,0.4535146951675415,0.020752400159835815,0.08029510080814362,0.010403934866189957,0.052696146070957184,0.02519630640745163
ZJ020393,0.01237508375197649,0.9060744643211365,0.007425390183925629,0.024417005479335785,0.013297979719936848,0.014755227603018284,0.007678699679672718,0.013976038433611393
ZJ020394,0.21671894192695618,0.17059098184108734,0.35297656059265137,0.02455054223537445,0.12477260828018188,0.01720491796731949,0.054633013904094696,0.03855234384536743
ZJ020395,0.13921311497688293,0.08400778472423553,0.6037915945053101,0.0287823174148798,0.03673524782061577,0.011333445087075233,0.04077273979783058,0.05536377429962158
ZJ020396,0.005052018444985151,0.004512245766818523,0.00189730036072433,0.0110753970220685,0.0055280108936131,0.005547138396650553,0.956973671913147,0.009414230473339558
ZJ020397,0.1561117172241211,0.20449267327785492,0.3165131211280823,0.01955723762512207,0.10787203162908554,0.029847711324691772,0.11313165724277496,0.052473850548267365
ZJ020398,0.07906077802181244,0.1546396166086197,0.002060776110738516,0.033841829746961594,0.029026679694652557,0.022423092275857925,0.6348336935043335,0.04411354288458824
ZJ020399,0.08086942881345749,0.023752177134156227,0.007702897302806377,0.3448127806186676,0.05722590163350105,0.06866037845611572,0.046700045466423035,0.3702763319015503
ZJ020400,0.008148242719471455,0.00847588013857603,0.0018515953561291099,0.04619229957461357,0.011650484055280685,0.00820122566074133,0.01911689154803753,0.8963633179664612
ZJ020401,0.15207140147686005,0.0911436676979065,0.5044994354248047,0.02987321838736534,0.09024330228567123,0.02199808694422245,0.04780217260122299,0.06236868351697922
ZJ020402,0.00711427628993988,0.9411646723747253,0.003660111455246806,0.010045414790511131,0.00805911049246788,0.011217066086828709,0.009412103332579136,0.009327270090579987
ZJ020403,0.010238515213131905,0.8680979013442993,0.003725691232830286,0.013055756688117981,0.01416764035820961,0.016524791717529297,0.04392136633396149,0.030268345028162003
ZJ020404,0.1613030880689621,0.13326625525951385,0.2534431517124176,0.019780276343226433,0.11218945682048798,0.028394760563969612,0.2621231973171234,0.02949981577694416
ZJ020405,0.0329594686627388,0.10841530561447144,0.0025669648312032223,0.017940010875463486,0.014054456725716591,0.011804817244410515,0.7705387473106384,0.041720177978277206
ZJ020406,0.040506768971681595,0.49296748638153076,0.0029937895014882088,0.039301302284002304,0.021592818200588226,0.0382569320499897,0.26715952157974243,0.09722141921520233
ZJ020407,0.18576127290725708,0.1250217854976654,0.42918720841407776,0.024340925738215446,0.08448857814073563,0.026139210909605026,0.06788952648639679,0.05717155337333679
ZJ020408,0.25555112957954407,0.057950180023908615,0.20898489654064178,0.07733546197414398,0.10550922155380249,0.017560916021466255,0.06705653667449951,0.21005168557167053
ZJ020409,0.16639941930770874,0.18212376534938812,0.38371601700782776,0.022871389985084534,0.10475567728281021,0.01752224750816822,0.08866574615240097,0.033945776522159576
ZJ020410,0.748435378074646,0.007852043956518173,0.0016516358591616154,0.013705391436815262,0.00998589675873518,0.009320559911429882,0.19629694521427155,0.012752133421599865
ZJ020411,0.00878476444631815,0.005932403262704611,0.002238759770989418,0.013291762210428715,0.00533429766073823,0.004956287797540426,0.9539155960083008,0.005546174943447113
ZJ020412,0.0023901727981865406,0.0025489877443760633,0.0026702017057687044,0.00727192685008049,0.0036558592692017555,0.004504273179918528,0.9702966213226318,0.006662025116384029
ZJ020413,0.24857980012893677,0.14361026883125305,0.41615059971809387,0.03182534873485565,0.06687478721141815,0.013264553621411324,0.038939617574214935,0.04075499624013901
ZJ020414,0.004752386827021837,0.0037300060503184795,0.0038354918360710144,0.009957450442016125,0.005497380159795284,0.006192315835505724,0.9548196196556091,0.011215243488550186
ZJ020415,0.004700988065451384,0.00610903836786747,0.0026267359498888254,0.0082243038341403,0.0033446240704506636,0.004910972435027361,0.9628463387489319,0.007236983627080917
ZJ020416,0.32607409358024597,0.0461542047560215,0.00732445390895009,0.20410966873168945,0.13689233362674713,0.09549536556005478,0.04280088469386101,0.14114901423454285
ZJ020417,0.11674558371305466,0.1238025352358818,0.18959498405456543,0.024698637425899506,0.24146176874637604,0.21177299320697784,0.04994817078113556,0.04197535663843155
ZJ020418,0.08397170901298523,0.07559940963983536,0.009866650216281414,0.056304872035980225,0.03290138766169548,0.02607831358909607,0.17167504131793976,0.5436025857925415
ZJ020419,0.7812246084213257,0.01247445959597826,0.004711409565061331,0.01905379630625248,0.13167981803417206,0.013942508026957512,0.017341112717986107,0.019572259858250618
ZJ020420,0.12482264637947083,0.0685955137014389,0.5768159627914429,0.020928826183080673,0.11618892848491669,0.01903388276696205,0.03785978630185127,0.03575449436903
ZJ020421,0.1684388965368271,0.03359265252947807,0.6338462829589844,0.03384498506784439,0.036760054528713226,0.008054782636463642,0.03338337317109108,0.052078936249017715
ZJ020422,0.23888754844665527,0.1807018369436264,0.3757169246673584,0.024049997329711914,0.04618685320019722,0.024485934525728226,0.0752905011177063,0.03468035161495209
ZJ020423,0.010979953221976757,0.9374029636383057,0.006230787839740515,0.01010427437722683,0.012536667287349701,0.01032325904816389,0.005896953400224447,0.006525119766592979
ZJ020424,0.6314746737480164,0.020643100142478943,0.0038297201972454786,0.024538865312933922,0.01750345528125763,0.014639963395893574,0.01613745652139187,0.2712327837944031
ZJ020425,0.11782637983560562,0.10290290415287018,0.5720970630645752,0.01798584870994091,0.09609583020210266,0.01515475194901228,0.051729317754507065,0.026207879185676575
ZJ020426,0.7812066078186035,0.014430396258831024,0.003078004578128457,0.01279908511787653,0.15334707498550415,0.01391646172851324,0.011645250953733921,0.009577080607414246
ZJ020427,0.03898791968822479,0.010716722346842289,0.006096481345593929,0.029059525579214096,0.03981594741344452,0.019155358895659447,0.8314176797866821,0.024750331416726112
ZJ020428,0.18282462656497955,0.0978950560092926,0.4290718734264374,0.060213834047317505,0.0853244811296463,0.026505498215556145,0.021900521591305733,0.09626416862010956
ZJ020429,0.025336885824799538,0.013344916515052319,0.0051859039813280106,0.01077432930469513,0.020345259457826614,0.8898249268531799,0.020765045657753944,0.014422737993299961
ZJ020430,0.1384202539920807,0.10687892138957977,0.5299665927886963,0.023025603964924812,0.05517113208770752,0.026801953092217445,0.09743095934391022,0.022304566577076912
ZJ020431,0.024743493646383286,0.024760838598012924,0.0041846176609396935,0.5194512605667114,0.017762482166290283,0.3594264090061188,0.028206894174218178,0.021463928744196892
ZJ020432,0.013870753347873688,0.9188288450241089,0.002681316342204809,0.012805034406483173,0.010341322049498558,0.015516768209636211,0.011868113651871681,0.014087868854403496
ZJ020433,0.07813303917646408,0.09006056189537048,0.6321245431900024,0.05218077078461647,0.05613621696829796,0.010609005577862263,0.031051209196448326,0.04970467835664749
ZJ020434,0.003486077534034848,0.010229240171611309,0.0022073034197092056,0.006968020461499691,0.006055332720279694,0.006282550748437643,0.9562640190124512,0.008507413789629936
ZJ020435,0.006881519686430693,0.01026100106537342,0.006100579164922237,0.029562970623373985,0.01929544284939766,0.014166575856506824,0.8853346705436707,0.028397290036082268
ZJ020436,0.16981711983680725,0.21210724115371704,0.4284176528453827,0.0211775004863739,0.07429921627044678,0.011093360371887684,0.05695216730237007,0.026135776191949844
ZJ020437,0.9562801718711853,0.005547232925891876,0.002096430631354451,0.005591873545199633,0.013621767982840538,0.004808033816516399,0.007048897910863161,0.005005539394915104
ZJ020438,0.22388119995594025,0.08187761902809143,0.5544283390045166,0.013404794037342072,0.06281812489032745,0.006954954471439123,0.02935677021741867,0.027278227731585503
ZJ020439,0.23801852762699127,0.12199236452579498,0.4269736707210541,0.020533710718154907,0.05484562739729881,0.011528552509844303,0.09197083860635757,0.03413677215576172
ZJ020440,0.018207959830760956,0.008759529329836369,0.0026589594781398773,0.031026406213641167,0.013528484851121902,0.011078027077019215,0.01868596486747265,0.8960546255111694
ZJ020441,0.0038628941401839256,0.004130157176405191,0.0028406751807779074,0.006161119323223829,0.003291719825938344,0.003907117526978254,0.9696629047393799,0.0061434293165802956
ZJ020442,0.8803034424781799,0.010294696316123009,0.0021507060155272484,0.008369112387299538,0.013198564760386944,0.009517096914350986,0.012466933578252792,0.0636993795633316
ZJ020443,0.007051781285554171,0.9367697238922119,0.0038506193086504936,0.008267677389085293,0.010137520730495453,0.013221686705946922,0.00903989002108574,0.01166110672056675
ZJ020444,0.6484783291816711,0.09034544229507446,0.0034312319476157427,0.11102531850337982,0.022044628858566284,0.019786866381764412,0.024892080575227737,0.07999604940414429
ZJ020445,0.08140206336975098,0.05655386671423912,0.5960800647735596,0.05293026939034462,0.049375176429748535,0.028711076825857162,0.03898419812321663,0.09596326947212219
ZJ020446,0.013366296887397766,0.012170540168881416,0.003726519411429763,0.119596466422081,0.015605432912707329,0.013562090694904327,0.02250860445201397,0.7994639873504639
ZJ020447,0.9377599954605103,0.007427596487104893,0.0023353900760412216,0.008297014981508255,0.012687213718891144,0.011060703545808792,0.011399267241358757,0.009032796137034893
ZJ020448,0.23590581119060516,0.05885158106684685,0.4009110629558563,0.04490765929222107,0.060363151133060455,0.05249466374516487,0.040562428534030914,0.10600361227989197
ZJ020449,0.20910249650478363,0.26927846670150757,0.25645533204078674,0.015676889568567276,0.11847535520792007,0.034072741866111755,0.06187041848897934,0.03506830707192421
ZJ020450,0.47713980078697205,0.10676681995391846,0.23631946742534637,0.01206907257437706,0.07417522370815277,0.009226856753230095,0.0464756153523922,0.03782709687948227
ZJ020451,0.9171591401100159,0.01161390170454979,0.0032237356062978506,0.005662684794515371,0.04096073657274246,0.008561736904084682,0.008259409107267857,0.004558693151921034
ZJ020452,0.4801919758319855,0.03663619980216026,0.008339238353073597,0.05700813606381416,0.07974682003259659,0.03580077365040779,0.16132856905460358,0.14094825088977814
ZJ020453,0.711876392364502,0.13899341225624084,0.00406152568757534,0.02292051538825035,0.029187101870775223,0.0343085452914238,0.04103690758347511,0.017615605145692825
ZJ020454,0.9710005521774292,0.004677059128880501,0.0014476629439741373,0.0049042669124901295,0.005457078106701374,0.0043095736764371395,0.004712368361651897,0.003491457086056471
ZJ020455,0.014137214981019497,0.010864139534533024,0.00294495839625597,0.00623315991833806,0.011096412315964699,0.9311180114746094,0.014681226573884487,0.008924826979637146
ZJ020456,0.16156448423862457,0.011186323128640652,0.003366004442796111,0.035697709769010544,0.031100120395421982,0.04955504089593887,0.6876761317253113,0.019854191690683365
ZJ020457,0.027338288724422455,0.5365614295005798,0.009528248570859432,0.023196566849946976,0.032016195356845856,0.07399062067270279,0.18798044323921204,0.10938826948404312
ZJ020458,0.05793960765004158,0.029827462509274483,0.7837434411048889,0.026296593248844147,0.04708434268832207,0.010127730667591095,0.01660073734819889,0.028380155563354492
ZJ020459,0.018142106011509895,0.017499219626188278,0.004626188427209854,0.031247209757566452,0.025547273457050323,0.8680227994918823,0.01957719400525093,0.01533811166882515
ZJ020460,0.08980812877416611,0.1421256959438324,0.5170434713363647,0.016167066991329193,0.0709179937839508,0.01697087287902832,0.11431538313627243,0.03265143185853958
ZJ020461,0.10347602516412735,0.45616406202316284,0.02577323094010353,0.02549617551267147,0.07117387652397156,0.028925910592079163,0.08751442283391953,0.20147626101970673
ZJ020462,0.4235687553882599,0.024039465934038162,0.002972208196297288,0.053956881165504456,0.016936348751187325,0.013829494826495647,0.047471389174461365,0.41722536087036133
ZJ020463,0.01587085984647274,0.01765941083431244,0.006214590277522802,0.011737416498363018,0.021300457417964935,0.878630518913269,0.03027641400694847,0.018310345709323883
ZJ020464,0.019691500812768936,0.009010935202240944,0.0020075475331395864,0.016696248203516006,0.00919229257851839,0.010031666606664658,0.022303760051727295,0.9110660552978516
ZJ020465,0.11775790899991989,0.1305735558271408,0.469815731048584,0.024459734559059143,0.13866885006427765,0.04061954468488693,0.0489351712167263,0.02916947565972805
ZJ020466,0.0363309420645237,0.020596694201231003,0.008146076463162899,0.2797052264213562,0.021328629925847054,0.5266100168228149,0.04520934075117111,0.062073081731796265
ZJ020467,0.9616467356681824,0.007722152397036552,0.002085428684949875,0.006376380566507578,0.005714461673051119,0.004476726055145264,0.0048901671543717384,0.007088013458997011
ZJ020468,0.9584428668022156,0.0074475789442658424,0.002331273630261421,0.005986655130982399,0.007355597801506519,0.006342627573758364,0.006762159988284111,0.00533114280551672
ZJ020469,0.0042988876812160015,0.003147178329527378,0.0031003085896372795,0.006045888643711805,0.00423860177397728,0.008340000174939632,0.9626752734184265,0.008153815753757954
ZJ020470,0.2146752029657364,0.10167860239744186,0.12844887375831604,0.10641983151435852,0.09501032531261444,0.025882044807076454,0.12141348421573639,0.20647166669368744
ZJ020471,0.012302370741963387,0.9239547252655029,0.007135915104299784,0.015775684267282486,0.010297301225364208,0.015562121756374836,0.007045821752399206,0.007926106452941895
ZJ020472,0.15130294859409332,0.06358972936868668,0.4660523235797882,0.05698033794760704,0.09793350100517273,0.02493744157254696,0.028619037941098213,0.11058463156223297
ZJ020473,0.010784290730953217,0.013654622249305248,0.003642300609499216,0.017644189298152924,0.02516288310289383,0.01638624630868435,0.8643433451652527,0.048382099717855453
ZJ020474,0.3347524404525757,0.015435043722391129,0.0028406246565282345,0.4344094395637512,0.013112375512719154,0.015095972456037998,0.027366572991013527,0.1569874882698059
ZJ020475,0.01141589879989624,0.922711968421936,0.007132803555577993,0.01025150902569294,0.01724727638065815,0.014179215766489506,0.007567961234599352,0.009493328630924225
ZJ020476,0.13838078081607819,0.05840616673231125,0.42324894666671753,0.1163608729839325,0.0804629921913147,0.022479331120848656,0.03961551934480667,0.12104537338018417
ZJ020477,0.08183612674474716,0.02194880321621895,0.0913371667265892,0.30848923325538635,0.06188094988465309,0.022043881937861443,0.06257989257574081,0.34988394379615784
ZJ020478,0.015168162062764168,0.017728371545672417,0.004956412129104137,0.012151776812970638,0.009511002339422703,0.9140729904174805,0.014620105735957623,0.011791162192821503
ZJ020479,0.014526564627885818,0.011100539937615395,0.0027573241386562586,0.005967156961560249,0.010506903752684593,0.9304443597793579,0.015892527997493744,0.008804637007415295
ZJ020480,0.2999161183834076,0.06723988056182861,0.24853752553462982,0.02896176278591156,0.05443970486521721,0.0179664958268404,0.05695106089115143,0.22598740458488464
ZJ020481,0.19718502461910248,0.18287712335586548,0.43229252099990845,0.020738722756505013,0.0501546636223793,0.020862367004156113,0.06860238313674927,0.02728716842830181
ZJ020482,0.15641213953495026,0.20367518067359924,0.45482826232910156,0.022828342393040657,0.07791485637426376,0.014337838627398014,0.045534081757068634,0.024469276890158653
ZJ020483,0.20396839082241058,0.11387330293655396,0.4066169261932373,0.07116254419088364,0.06895469129085541,0.017230315133929253,0.03357596695423126,0.08461786061525345
ZJ020484,0.010951210744678974,0.0077503821812570095,0.003381716553121805,0.006927932146936655,0.009543287567794323,0.942298948764801,0.008945045992732048,0.010201451368629932
ZJ020485,0.006451789289712906,0.9326013922691345,0.004254801664501429,0.013124322518706322,0.009534717537462711,0.013455207459628582,0.009580533020198345,0.010997196659445763
ZJ020486,0.015257682651281357,0.03923966363072395,0.005151874851435423,0.02740086242556572,0.03678245097398758,0.027789009734988213,0.7511033415794373,0.09727514535188675
ZJ020487,0.08838552236557007,0.11247681081295013,0.1602822095155716,0.08975247293710709,0.13114053010940552,0.02447233907878399,0.08540380746126175,0.3080863058567047
ZJ020488,0.11573999375104904,0.023522786796092987,0.013272866606712341,0.24467749893665314,0.09838422387838364,0.08691320568323135,0.0586124062538147,0.3588770031929016
ZJ020489,0.10448331385850906,0.03573092073202133,0.7468063235282898,0.029760826379060745,0.028458205983042717,0.005726431496441364,0.016467146575450897,0.03256683796644211
ZJ020490,0.19914565980434418,0.11347035318613052,0.4595162570476532,0.02162342332303524,0.08420838415622711,0.022786911576986313,0.05426458641886711,0.04498438909649849
ZJ020491,0.008804208599030972,0.013448643498122692,0.004833792801946402,0.0064698136411607265,0.010240353643894196,0.9402451515197754,0.008307848125696182,0.007650217041373253
ZJ020492,0.005421997979283333,0.936532735824585,0.004196619614958763,0.010172739624977112,0.0071872528642416,0.014122691005468369,0.009025368839502335,0.013340583071112633
ZJ020493,0.005834321025758982,0.9231967926025391,0.0021630427800118923,0.010004819370806217,0.008517484180629253,0.011575854383409023,0.022374602034687996,0.016333073377609253
ZJ020494,0.1726430356502533,0.13975811004638672,0.5406984686851501,0.014811401255428791,0.06008163094520569,0.00839668046683073,0.03429350629448891,0.029317157343029976
ZJ020495,0.1355605274438858,0.23373174667358398,0.4782654643058777,0.020447026938199997,0.043516650795936584,0.027886124327778816,0.043565236032009125,0.0170272346585989
ZJ020496,0.05945884436368942,0.043452054262161255,0.03718272224068642,0.08406902849674225,0.04650900885462761,0.08967774361371994,0.021974783390760422,0.6176758408546448
ZJ020497,0.13049496710300446,0.028464756906032562,0.5834839344024658,0.05330267921090126,0.040705565363168716,0.0233579371124506,0.02342679351568222,0.11676338315010071
ZJ020498,0.011238567531108856,0.9059222340583801,0.0021091855596750975,0.01205152552574873,0.009977544657886028,0.017037848010659218,0.01557320449501276,0.026089904829859734
ZJ020499,0.003604632569476962,0.004803716205060482,0.0030252898577600718,0.010674003511667252,0.0035388218238949776,0.005370476748794317,0.9585549831390381,0.010428082197904587
ZJ020500,0.009537067264318466,0.007097532972693443,0.002742905868217349,0.007352001965045929,0.006353744305670261,0.01076345145702362,0.9449593424797058,0.01119405496865511
ZJ020501,0.06758107990026474,0.08075562864542007,0.6358962059020996,0.05214504525065422,0.062406983226537704,0.010381749831140041,0.030756037682294846,0.060077253729104996
ZJ020502,0.15079589188098907,0.26173219084739685,0.42615747451782227,0.020240990445017815,0.050274040549993515,0.024941688403487206,0.049255646765232086,0.016602160409092903
ZJ020503,0.40456831455230713,0.40378525853157043,0.05827680975198746,0.023910613730549812,0.046237021684646606,0.015306984074413776,0.034404098987579346,0.01351091731339693
ZJ020504,0.07920265197753906,0.016730153933167458,0.0039041584823280573,0.2871221899986267,0.03275871276855469,0.07720787823200226,0.048903629183769226,0.4541705846786499
ZJ020505,0.404413640499115,0.06869819015264511,0.37066227197647095,0.014957626350224018,0.06332624703645706,0.020983070135116577,0.03536209091544151,0.02159695513546467
ZJ020506,0.03232380747795105,0.03671810403466225,0.02006741240620613,0.018305620178580284,0.03825245052576065,0.812231719493866,0.01743464544415474,0.024666273966431618
ZJ020507,0.16788288950920105,0.15227115154266357,0.40734538435935974,0.03140777722001076,0.10941346734762192,0.038363005965948105,0.06086862459778786,0.032447699457407
ZJ020508,0.14357297122478485,0.0783078521490097,0.14159004390239716,0.11377204954624176,0.11311495304107666,0.024304121732711792,0.11994236707687378,0.2653956711292267
ZJ020509,0.03563123568892479,0.032495979219675064,0.0033403648994863033,0.010544412769377232,0.0223612692207098,0.014784392900764942,0.020811662077903748,0.8600307106971741
ZJ020510,0.0619356706738472,0.04785731062293053,0.7685431241989136,0.02953607775270939,0.03992282599210739,0.01012684777379036,0.02182038314640522,0.020257841795682907
ZJ020511,0.0965224876999855,0.1318853795528412,0.5393428206443787,0.018998658284544945,0.05800992250442505,0.016181137412786484,0.1120680421590805,0.026991616934537888
ZJ020512,0.025521595031023026,0.022307876497507095,0.002479970920830965,0.017261303961277008,0.013790775090456009,0.8725636601448059,0.027445465326309204,0.01862935908138752
ZJ020513,0.012151932343840599,0.9034688472747803,0.0067274440079927444,0.02201324701309204,0.013722126372158527,0.015474565327167511,0.008523593656718731,0.01791815273463726
ZJ020514,0.14390400052070618,0.1698014736175537,0.47496339678764343,0.019866831600666046,0.08587156981229782,0.016997920349240303,0.07006772607564926,0.01852717064321041
ZJ020515,0.22204166650772095,0.024963321164250374,0.009851710870862007,0.015801159664988518,0.036856379359960556,0.0215639378875494,0.598647952079773,0.07027388364076614
ZJ020516,0.6877679228782654,0.010363239794969559,0.002143637277185917,0.021048512309789658,0.013635046780109406,0.03520520031452179,0.20838651061058044,0.021449793130159378
ZJ020517,0.006326872389763594,0.01233642641454935,0.0030490232165902853,0.006472452078014612,0.00697937048971653,0.016368255019187927,0.9362969398498535,0.012170746922492981
ZJ020518,0.9634045362472534,0.006687011569738388,0.0017648062203079462,0.006053818855434656,0.009114456363022327,0.004784527700394392,0.003689077915623784,0.004501835443079472
ZJ020519,0.026400206610560417,0.8479428887367249,0.003734438680112362,0.01721627451479435,0.014974853955209255,0.014517994597554207,0.05299129709601402,0.022222071886062622
ZJ020520,0.007850478403270245,0.015305151231586933,0.0017129229381680489,0.005313982255756855,0.004179629031568766,0.006472375243902206,0.948904812335968,0.01026056706905365
ZJ020521,0.2056032419204712,0.15657109022140503,0.46058186888694763,0.021330326795578003,0.07958608120679855,0.014283810742199421,0.035753168165683746,0.02629040740430355
ZJ020522,0.07154662162065506,0.0755440965294838,0.026270125061273575,0.06265174597501755,0.0703514888882637,0.03140941634774208,0.48044663667678833,0.1817799061536789
ZJ020523,0.004419748671352863,0.006237925961613655,0.002636932535097003,0.008416182361543179,0.005066431127488613,0.00663262652233243,0.9596977829933167,0.0068923793733119965
ZJ020524,0.014394251629710197,0.017191344872117043,0.005467244423925877,0.010029099881649017,0.019023433327674866,0.8906686902046204,0.02680622786283493,0.016419611871242523
ZJ020525,0.1486556977033615,0.1044485792517662,0.3078576326370239,0.037642836570739746,0.17053920030593872,0.05853722617030144,0.0534641370177269,0.11885461211204529
ZJ020526,0.7382181882858276,0.010074717923998833,0.0018134152051061392,0.06559115648269653,0.02997121959924698,0.017611157149076462,0.042255088686943054,0.09446509182453156
ZJ020527,0.018338238820433617,0.8930930495262146,0.008982634171843529,0.02670593000948429,0.016852568835020065,0.01459780614823103,0.010697474703192711,0.010732289403676987
ZJ020528,0.010860996320843697,0.008321729488670826,0.007140521425753832,0.005670998711138964,0.0071839322336018085,0.9394022822380066,0.008898383006453514,0.012521147727966309
ZJ020529,0.011222141794860363,0.011072618886828423,0.0051945787854492664,0.008196762762963772,0.015152296051383018,0.9248401522636414,0.014007877558469772,0.010313617996871471
ZJ020530,0.008285165764391422,0.012324757874011993,0.0016994747566059232,0.00902687106281519,0.008506126701831818,0.006935811135917902,0.9412034749984741,0.012018227018415928
ZJ020531,0.1468406319618225,0.14837318658828735,0.4465254843235016,0.018318984657526016,0.08932336419820786,0.021012865006923676,0.10841565579175949,0.021189821884036064
ZJ020532,0.02712836302816868,0.9166311621665955,0.0024111683014780283,0.011027497239410877,0.011354707181453705,0.017475949600338936,0.005218089558184147,0.008753051050007343
ZJ020533,0.14282023906707764,0.05669708922505379,0.45615169405937195,0.06435612589120865,0.10603286325931549,0.027134263888001442,0.027386372908949852,0.1194213405251503
ZJ020534,0.7227009534835815,0.021343063563108444,0.012249646708369255,0.03443446755409241,0.05221887305378914,0.017564337700605392,0.03826211765408516,0.10122658312320709
ZJ020535,0.2181096076965332,0.04809480160474777,0.010721206665039062,0.12367702275514603,0.13482581079006195,0.12549753487110138,0.14667703211307526,0.19239698350429535
ZJ020536,0.15408197045326233,0.02713562548160553,0.5631604790687561,0.053194452077150345,0.04603789374232292,0.024112045764923096,0.022972267121076584,0.10930529236793518
ZJ020537,0.2138790637254715,0.11305329948663712,0.45662128925323486,0.023672370240092278,0.11694835871458054,0.01498011127114296,0.03722966089844704,0.023615757003426552
ZJ020538,0.2974153757095337,0.14059734344482422,0.3953894078731537,0.019000958651304245,0.05870339646935463,0.012499134987592697,0.05593053251504898,0.020463822409510612
ZJ020539,0.3271961212158203,0.16389714181423187,0.09078840911388397,0.029649456962943077,0.03827676549553871,0.12498388439416885,0.12544696033000946,0.09976129978895187
ZJ020540,0.044735100120306015,0.016515083611011505,0.0043868254870176315,0.13469676673412323,0.018827028572559357,0.009798646904528141,0.02030731551349163,0.7507332563400269
ZJ020541,0.0043240804225206375,0.011556990444660187,0.002757991198450327,0.007195435930043459,0.006885778624564409,0.004739849828183651,0.9358565211296082,0.026683371514081955
ZJ020542,0.009099530056118965,0.010698864236474037,0.0019899087492376566,0.053507767617702484,0.013436740264296532,0.011954344809055328,0.019456464797258377,0.8798564672470093
ZJ020543,0.006368378642946482,0.01027399580925703,0.003009786130860448,0.9508351683616638,0.0052406867034733295,0.006277121137827635,0.009442420676350594,0.008552421815693378
ZJ020544,0.07805177569389343,0.1110859215259552,0.3943338990211487,0.03716111183166504,0.09542630612850189,0.01565810665488243,0.14880643784999847,0.11947648227214813
ZJ020545,0.004003320354968309,0.0024020918644964695,0.0020128940232098103,0.006559448782354593,0.004888635128736496,0.005153416655957699,0.967564046382904,0.007416218053549528
ZJ020546,0.02169807441532612,0.01469267439097166,0.0035956643987447023,0.15471729636192322,0.019391223788261414,0.010939600877463818,0.029856719076633453,0.7451086640357971
ZJ020547,0.6690781712532043,0.0214480459690094,0.005240764934569597,0.02376735955476761,0.016613474115729332,0.03014717809855938,0.16303780674934387,0.07066720724105835
ZJ020548,0.20377802848815918,0.1338917464017868,0.2778034210205078,0.07684560120105743,0.11474129557609558,0.03167339041829109,0.023228095844388008,0.13803842663764954
ZJ020549,0.577245831489563,0.020711448043584824,0.004325395915657282,0.023426681756973267,0.034308578819036484,0.009329254738986492,0.27053549885749817,0.060117416083812714
ZJ020550,0.19788046181201935,0.16329242289066315,0.44755789637565613,0.022566283121705055,0.048638541251420975,0.023398393765091896,0.06669604033231735,0.0299699567258358
ZJ020551,0.026906093582510948,0.912530779838562,0.0015568265225738287,0.012345787137746811,0.009664500132203102,0.009598052129149437,0.015268719755113125,0.012129255570471287
ZJ020552,0.9141632914543152,0.008158818818628788,0.0015121818287298083,0.020011229440569878,0.0153614841401577,0.007188472896814346,0.01572141982614994,0.017883138731122017
ZJ020553,0.05016026273369789,0.8492133021354675,0.017487086355686188,0.00820560846477747,0.027412809431552887,0.013495366089046001,0.017594056203961372,0.016431497409939766
ZJ020554,0.014573031105101109,0.8436902761459351,0.002908333670347929,0.015317228622734547,0.017149923369288445,0.017630863934755325,0.054601430892944336,0.03412902355194092
ZJ020555,0.24972331523895264,0.12351305037736893,0.34005382657051086,0.021328030154109,0.0947626456618309,0.031628694385290146,0.0734834298491478,0.06550707668066025
ZJ020556,0.9267231225967407,0.010249733924865723,0.00282233115285635,0.011116023175418377,0.011191741563379765,0.0140768364071846,0.012728755362331867,0.01109135989099741
ZJ020557,0.015013284049928188,0.01011892594397068,0.004200352821499109,0.007911705411970615,0.009840670973062515,0.9302525520324707,0.012609845958650112,0.010052692145109177
ZJ020558,0.19833208620548248,0.13690251111984253,0.28857776522636414,0.09320273995399475,0.11194326728582382,0.04300840198993683,0.01936240680515766,0.10867084562778473
ZJ020559,0.19901348650455475,0.13618522882461548,0.4783756136894226,0.022134970873594284,0.08127444982528687,0.017777005210518837,0.03490894287824631,0.03033030405640602
ZJ020560,0.24067232012748718,0.1146712377667427,0.4710169732570648,0.022917408496141434,0.06800881773233414,0.010847672820091248,0.033735137432813644,0.03813044726848602
ZJ020561,0.009317323565483093,0.0069824038073420525,0.0018375037470832467,0.007883591577410698,0.005335421767085791,0.005250176880508661,0.9509554505348206,0.012438183650374413
ZJ020562,0.04650931432843208,0.04993215203285217,0.7844040393829346,0.02605840377509594,0.034848131239414215,0.008007751777768135,0.02553308755159378,0.02470713108778
ZJ020563,0.08293138444423676,0.05072924122214317,0.006966281216591597,0.026635020971298218,0.044696904718875885,0.02966490015387535,0.029881833121180534,0.7284944653511047
ZJ020564,0.12390641123056412,0.052204836159944534,0.1424890011548996,0.11209341883659363,0.11321292072534561,0.03862427920103073,0.09394842386245728,0.3235207498073578
ZJ020565,0.006996214389801025,0.007119379006326199,0.0019108664710074663,0.026320206001400948,0.010555298998951912,0.011240504682064056,0.01314143743366003,0.9227160215377808
ZJ020566,0.043386783450841904,0.016170745715498924,0.005743196699768305,0.01725652627646923,0.8717799186706543,0.01776999421417713,0.00735072698444128,0.020542120561003685
ZJ020567,0.016040591523051262,0.2008228302001953,0.011631770990788937,0.01392452698200941,0.023855578154325485,0.016503488644957542,0.6874601244926453,0.02976101264357567
ZJ020568,0.2963455021381378,0.11195524781942368,0.4563044607639313,0.015891321003437042,0.05521192029118538,0.010656625032424927,0.03346465528011322,0.02017034962773323
ZJ020569,0.227634996175766,0.13889151811599731,0.46290484070777893,0.01457873173058033,0.08336739987134933,0.011964305303990841,0.03467854484915733,0.025979718193411827
ZJ020570,0.14720754325389862,0.0455470010638237,0.11332792043685913,0.18414083123207092,0.09962334483861923,0.041837647557258606,0.09676861763000488,0.2715470790863037
ZJ020571,0.21743643283843994,0.0947093740105629,0.08546590059995651,0.1305551528930664,0.08358030766248703,0.03456346318125725,0.09158095717430115,0.26210838556289673
ZJ020572,0.14014989137649536,0.03642043471336365,0.010480227880179882,0.07375827431678772,0.31569817662239075,0.1334877610206604,0.13841217756271362,0.15159308910369873
ZJ020573,0.1464100033044815,0.08973788470029831,0.04501619562506676,0.03397481516003609,0.08730953186750412,0.03176946938037872,0.4607577323913574,0.10502436012029648
ZJ020574,0.024743100628256798,0.027226770296692848,0.0020710756070911884,0.7930550575256348,0.013307631947100163,0.008644567802548409,0.016497882083058357,0.11445386707782745
ZJ020575,0.21657516062259674,0.15502238273620605,0.409660279750824,0.02225813828408718,0.09325319528579712,0.01376471295952797,0.05661455914378166,0.03285154327750206
ZJ020576,0.016255125403404236,0.010223960503935814,0.0036178461741656065,0.0575186088681221,0.017343616113066673,0.016265667974948883,0.019268745556473732,0.8595064878463745
ZJ020577,0.010284080170094967,0.018916694447398186,0.0034044182393699884,0.012556793168187141,0.02137954719364643,0.013893959112465382,0.8842402100563049,0.03532441705465317
ZJ020578,0.7368883490562439,0.015559074468910694,0.0027335607446730137,0.015647124499082565,0.023095853626728058,0.008441242389380932,0.18482431769371033,0.012810536660254002
ZJ020579,0.28136056661605835,0.15417347848415375,0.37219059467315674,0.01818501204252243,0.09329307079315186,0.01047463621944189,0.0457836277782917,0.02453896403312683
ZJ020580,0.4980895519256592,0.030591515824198723,0.01673690415918827,0.04004889726638794,0.24815838038921356,0.04792901873588562,0.06619696319103241,0.052248764783144
ZJ020581,0.422007292509079,0.08005159348249435,0.3439010977745056,0.01729258894920349,0.051452700048685074,0.02176205813884735,0.03707766532897949,0.02645498514175415
ZJ020582,0.010991930030286312,0.02818916365504265,0.004568704403936863,0.0740223228931427,0.056955404579639435,0.021791905164718628,0.49072861671447754,0.31275197863578796
ZJ020583,0.21076072752475739,0.029552770778536797,0.004702681675553322,0.014494369737803936,0.7004703283309937,0.01327970065176487,0.009229909628629684,0.017509475350379944
ZJ020584,0.03428742289543152,0.008922732435166836,0.001975290011614561,0.013812543824315071,0.010171705856919289,0.007211931981146336,0.008988572284579277,0.9146297574043274
ZJ020585,0.059101562947034836,0.17604637145996094,0.5763517618179321,0.01737748086452484,0.07199961692094803,0.019087372347712517,0.04732747748494148,0.03270832821726799
ZJ020586,0.016566887497901917,0.015027959831058979,0.002869060728698969,0.014381177723407745,0.02870922163128853,0.8896293640136719,0.01577089913189411,0.01704532653093338
ZJ020587,0.010104023851454258,0.009803504683077335,0.00452602282166481,0.008435378782451153,0.013036133721470833,0.930350661277771,0.013313546776771545,0.010430801659822464
ZJ020588,0.03454066440463066,0.021246902644634247,0.011119197122752666,0.0181933231651783,0.04370597004890442,0.8205803036689758,0.02369546703994274,0.02691822685301304
ZJ020589,0.8414214253425598,0.04248311370611191,0.013282320462167263,0.0193509291857481,0.032078634947538376,0.013690048828721046,0.01685955934226513,0.020833902060985565
ZJ020590,0.0067513189278542995,0.011535059660673141,0.0034045791253447533,0.00587813276797533,0.009546024724841118,0.9475898146629333,0.007783288136124611,0.007511720526963472
ZJ020591,0.19485293328762054,0.15480203926563263,0.5174642205238342,0.017483264207839966,0.05161197856068611,0.007392603904008865,0.037545137107372284,0.018847914412617683
ZJ020592,0.41009628772735596,0.09525598585605621,0.32103487849235535,0.019834037870168686,0.053966883569955826,0.025236954912543297,0.04798149690032005,0.026593513786792755
ZJ020593,0.023166850209236145,0.02097894437611103,0.0030419775284826756,0.012643059715628624,0.014267249032855034,0.8827692866325378,0.02706354297697544,0.016069043427705765
ZJ020594,0.2450164556503296,0.23138779401779175,0.34573131799697876,0.02005070634186268,0.06301325559616089,0.014295343309640884,0.06231241673231125,0.018192702904343605
ZJ020595,0.026044785976409912,0.020332317799329758,0.008152462542057037,0.01601092889904976,0.03787137195467949,0.8327952027320862,0.03410002589225769,0.024692866951227188
ZJ020596,0.004542449489235878,0.9486384987831116,0.0032970199827104807,0.008129354566335678,0.0056245713494718075,0.012288950383663177,0.008719254285097122,0.008759859949350357
ZJ020597,0.021309765055775642,0.016978807747364044,0.001780718332156539,0.034492943435907364,0.00912238284945488,0.8966516852378845,0.009230646304786205,0.010433003306388855
ZJ020598,0.04084283486008644,0.04158651828765869,0.03428170830011368,0.08850611001253128,0.02626151405274868,0.024336528033018112,0.02952023781836033,0.7146645784378052
ZJ020599,0.18579958379268646,0.17029081284999847,0.463969886302948,0.020379941910505295,0.053727518767118454,0.021900078281760216,0.052619367837905884,0.03131282329559326
ZJ020600,0.0807085856795311,0.01164734922349453,0.0043866741470992565,0.013313066214323044,0.8433088064193726,0.008812693879008293,0.008922010660171509,0.028900809586048126
ZJ020601,0.010452037677168846,0.019906871020793915,0.0020584953017532825,0.89305579662323,0.007780628278851509,0.01015790831297636,0.008869856595993042,0.0477183535695076
ZJ020602,0.21289601922035217,0.118874192237854,0.4414784014225006,0.017722977325320244,0.05941009894013405,0.014390845783054829,0.10727871209383011,0.02794875018298626
ZJ020603,0.1781623214483261,0.22360016405582428,0.3023310601711273,0.0250126663595438,0.06586039811372757,0.04191344231367111,0.12349661439657211,0.03962327912449837
ZJ020604,0.008092526346445084,0.010026926174759865,0.006901869550347328,0.004524732008576393,0.0061869374476373196,0.9510774612426758,0.0057065412402153015,0.007482998073101044
ZJ020605,0.8575413227081299,0.06419172883033752,0.0028611584566533566,0.028339805081486702,0.012559035792946815,0.012999947182834148,0.008862112648785114,0.012644808739423752
ZJ020606,0.27115386724472046,0.1430082470178604,0.07809817045927048,0.0602046363055706,0.09303628653287888,0.03685152158141136,0.13479965925216675,0.18284761905670166
ZJ020607,0.015222793444991112,0.7399396896362305,0.006918676197528839,0.017441168427467346,0.036576323211193085,0.019840145483613014,0.11425735056400299,0.049803826957941055
ZJ020608,0.22816137969493866,0.1400080770254135,0.4644254744052887,0.01453810278326273,0.06139862537384033,0.01815040409564972,0.054129745811223984,0.019188085570931435
ZJ020609,0.015158413909375668,0.011486341245472431,0.0028335757087916136,0.005822645965963602,0.010546823963522911,0.9293924570083618,0.015857545658946037,0.008902228437364101
ZJ020610,0.26590272784233093,0.13743887841701508,0.41676104068756104,0.01684284582734108,0.058699529618024826,0.01840985380113125,0.06227435916662216,0.02367081679403782
ZJ020611,0.006538273300975561,0.0055842529982328415,0.0018968976801261306,0.007677015382796526,0.007500217761844397,0.9487786293029785,0.011738678440451622,0.010286069475114346
ZJ020612,0.3158908188343048,0.06781860440969467,0.4692259728908539,0.019082149490714073,0.06053973361849785,0.010394598357379436,0.036387406289577484,0.020660728216171265
ZJ020613,0.3425707519054413,0.049688491970300674,0.50495445728302,0.014680485241115093,0.033082082867622375,0.010540223680436611,0.02426203526556492,0.02022147737443447
ZJ020614,0.012456963770091534,0.01274572778493166,0.0038696543779224157,0.01062672771513462,0.009127648547291756,0.9297538995742798,0.011182046495378017,0.010237329639494419
ZJ020615,0.9253548383712769,0.012788822874426842,0.0018255345057696104,0.015656542032957077,0.009509404189884663,0.007049506064504385,0.009791713207960129,0.018023652955889702
ZJ020616,0.07285717874765396,0.06716806441545486,0.686390221118927,0.027512267231941223,0.03661210089921951,0.009358170442283154,0.025368262082338333,0.07473374158143997
ZJ020617,0.02564646489918232,0.8931758999824524,0.007416164968162775,0.007855968549847603,0.01124502345919609,0.010173410177230835,0.02780723199248314,0.01667976565659046
ZJ020618,0.009427675977349281,0.01679443195462227,0.004088220652192831,0.007664266508072615,0.012342984788119793,0.9314020276069641,0.010464686900377274,0.00781567208468914
ZJ020619,0.14715610444545746,0.09951293468475342,0.6127619743347168,0.014171809889376163,0.04843366518616676,0.009439241141080856,0.038389671593904495,0.030134612694382668
ZJ020620,0.0032239598222076893,0.0031470779795199633,0.0031765922904014587,0.005273330025374889,0.0036069126799702644,0.005684666335582733,0.9691094756126404,0.0067779384553432465
ZJ020621,0.004026840440928936,0.003596153575927019,0.003747538896277547,0.007966702803969383,0.004303231835365295,0.00539145665243268,0.9608794450759888,0.010088552720844746
ZJ020622,0.005981306079775095,0.004215880297124386,0.002639303682371974,0.006454749032855034,0.006406777072697878,0.006569665390998125,0.9519538879394531,0.015778351575136185
ZJ020623,0.026252368465065956,0.6245282888412476,0.003409728640690446,0.07612886279821396,0.016309568658471107,0.0180201418697834,0.025352731347084045,0.20999829471111298
ZJ020624,0.015740465372800827,0.017159145325422287,0.0033798159565776587,0.015070275403559208,0.025891531258821487,0.8898003697395325,0.012440865859389305,0.020517561584711075
ZJ020625,0.09961148351430893,0.05711131915450096,0.6681130528450012,0.03652716428041458,0.05086924880743027,0.012934943661093712,0.03819761425256729,0.036635179072618484
ZJ020626,0.010360625572502613,0.9276357293128967,0.003248677123337984,0.008090144954621792,0.009198366664350033,0.012481500394642353,0.011407746933400631,0.017577173188328743
ZJ020627,0.2031429260969162,0.18749499320983887,0.36288031935691833,0.029903067275881767,0.11015584319829941,0.018973641097545624,0.05503030866384506,0.03241893649101257
ZJ020628,0.013453047722578049,0.01479076873511076,0.003783550811931491,0.026410650461912155,0.037623412907123566,0.03096478059887886,0.805357038974762,0.06761670857667923
ZJ020629,0.13135625422000885,0.08383869379758835,0.013548930175602436,0.013934635557234287,0.025120720267295837,0.018042776733636856,0.6651676893234253,0.048990316689014435
ZJ020630,0.007655299734324217,0.9304263591766357,0.0033984899055212736,0.013440313749015331,0.00956751499325037,0.013497852720320225,0.007840932346880436,0.014173189178109169
ZJ020631,0.3064626157283783,0.4534772038459778,0.10062248259782791,0.019103823229670525,0.06008769944310188,0.016633301973342896,0.03202255442738533,0.011590242385864258
ZJ020632,0.013655226677656174,0.019044265151023865,0.003850030479952693,0.014045379124581814,0.012538408860564232,0.9065482020378113,0.0177747905254364,0.012543737888336182
ZJ020633,0.01301131397485733,0.011954561807215214,0.00278902193531394,0.008496768772602081,0.01628001593053341,0.9217414855957031,0.01643543876707554,0.009291448630392551
ZJ020634,0.06621607393026352,0.03139057755470276,0.015555218793451786,0.058468177914619446,0.06645890325307846,0.02608097530901432,0.022500956431031227,0.7133291363716125
ZJ020635,0.21282082796096802,0.09300604462623596,0.5136650204658508,0.037106387317180634,0.0812319964170456,0.011784211732447147,0.02248052880167961,0.027904972434043884
ZJ020636,0.3159559965133667,0.16317355632781982,0.2922315001487732,0.020520759746432304,0.07027316838502884,0.015313293784856796,0.06654981523752213,0.05598188191652298
ZJ020637,0.6687520742416382,0.020500831305980682,0.033775001764297485,0.10492736846208572,0.06695981323719025,0.04659396409988403,0.03197787329554558,0.026513095945119858
ZJ020638,0.3549005687236786,0.20711500942707062,0.2453148514032364,0.026742490008473396,0.07713018357753754,0.0092270877212286,0.051108576357364655,0.028461268171668053
ZJ020639,0.022658834233880043,0.7147480845451355,0.010285797528922558,0.05603493005037308,0.0499022975564003,0.04333171620965004,0.04399441182613373,0.05904386565089226
ZJ020640,0.6490698456764221,0.051795508712530136,0.050578612834215164,0.04895257204771042,0.06458867341279984,0.009834812954068184,0.013828781433403492,0.11135116964578629
ZJ020641,0.08107788115739822,0.6337184906005859,0.012632230296730995,0.01562669686973095,0.03698836639523506,0.01606469787657261,0.10468827933073044,0.0992034450173378
ZJ020642,0.010948973707854748,0.014137256890535355,0.0033717923797667027,0.024397144094109535,0.01593553088605404,0.017177164554595947,0.12482256442308426,0.7892095446586609
ZJ020643,0.28334638476371765,0.1304505467414856,0.3958139717578888,0.024194352328777313,0.04608915001153946,0.015977321192622185,0.06497766077518463,0.039150599390268326
ZJ020644,0.2849224805831909,0.0979926809668541,0.43783825635910034,0.02428017184138298,0.07245633006095886,0.01748048886656761,0.03153159096837044,0.03349795565009117
ZJ020645,0.05467849224805832,0.007489370182156563,0.002896963618695736,0.014338473789393902,0.017505917698144913,0.010041549801826477,0.8824676871299744,0.010581647045910358
ZJ020646,0.14819000661373138,0.03240082040429115,0.036584027111530304,0.2217664122581482,0.07108845561742783,0.03338625654578209,0.10468130558729172,0.35190266370773315
ZJ020647,0.1326456367969513,0.05693765729665756,0.4190174639225006,0.044405195862054825,0.04490315169095993,0.010451707057654858,0.02072380669414997,0.27091535925865173
ZJ020648,0.20929880440235138,0.2622377872467041,0.31641367077827454,0.022363057360053062,0.10094359517097473,0.015321178361773491,0.05373455211520195,0.019687283784151077
ZJ020649,0.15454338490962982,0.2391689419746399,0.4296911358833313,0.01876913756132126,0.06929900497198105,0.007125065661966801,0.05774751305580139,0.023655829951167107
ZJ020650,0.9597747325897217,0.007593854796141386,0.0019810169469565153,0.007278426084667444,0.006017365027219057,0.005950511433184147,0.005800856277346611,0.005603219382464886
ZJ020651,0.010788891464471817,0.9151320457458496,0.00926824752241373,0.015484603121876717,0.013739422895014286,0.016630617901682854,0.008292959071695805,0.010663283988833427
ZJ020652,0.15382371842861176,0.4197806715965271,0.15625464916229248,0.018429474905133247,0.09133836627006531,0.016228683292865753,0.06586960703134537,0.07827488332986832
ZJ020653,0.09124436229467392,0.04638209566473961,0.6893958449363708,0.032803066074848175,0.054788511246442795,0.010260693728923798,0.01688489504158497,0.05824057385325432
ZJ020654,0.033160172402858734,0.5655108690261841,0.005343655589967966,0.03438590466976166,0.04855204373598099,0.05219921097159386,0.10786671936511993,0.15298150479793549
ZJ020655,0.00748363696038723,0.00530602503567934,0.00197202549315989,0.005853286478668451,0.004058929160237312,0.005928600672632456,0.9623486995697021,0.0070487684570252895
ZJ020656,0.0157257542014122,0.006327116396278143,0.0017750768456608057,0.014285953715443611,0.006541206501424313,0.009290334768593311,0.9082012176513672,0.03785324841737747
ZJ020657,0.11159764230251312,0.012804767116904259,0.0031000098679214716,0.029271772131323814,0.028538892045617104,0.03574269264936447,0.75580233335495,0.02314189076423645
ZJ020658,0.9594783782958984,0.007647564169019461,0.0019520738860592246,0.007598919328302145,0.006695328745990992,0.005495952442288399,0.005592911504209042,0.00553889898583293
ZJ020659,0.20642541348934174,0.23135124146938324,0.3322598338127136,0.020875349640846252,0.05317642167210579,0.026122771203517914,0.08772171288728714,0.042067237198352814
ZJ020660,0.22862471640110016,0.13007408380508423,0.3710847496986389,0.021173281595110893,0.11826509982347488,0.019770726561546326,0.0579296350479126,0.053077731281518936
ZJ020661,0.03864379972219467,0.7307421565055847,0.0030668354593217373,0.04294992983341217,0.02159135788679123,0.0286211259663105,0.08817075192928314,0.046214137226343155
ZJ020662,0.009579038247466087,0.009296872653067112,0.004329432267695665,0.007024132180958986,0.011621113866567612,0.9386491775512695,0.011620366014540195,0.007879967801272869
ZJ020663,0.300934374332428,0.1352742612361908,0.37984389066696167,0.022089766338467598,0.06458505988121033,0.014608033932745457,0.061459410935640335,0.021205173805356026
ZJ020664,0.2449314445257187,0.05806151032447815,0.5089287161827087,0.04559966176748276,0.03855771943926811,0.022580165416002274,0.033217817544937134,0.04812295362353325
ZJ020665,0.2336706519126892,0.12773913145065308,0.03160623461008072,0.06623325496912003,0.09010127186775208,0.04127567633986473,0.19174477458000183,0.21762892603874207
ZJ020666,0.3101947605609894,0.11019600927829742,0.33384525775909424,0.014853643253445625,0.08130616694688797,0.019170083105564117,0.07671497762203217,0.05371909588575363
ZJ020667,0.2152932584285736,0.18339426815509796,0.37970349192619324,0.022266937419772148,0.09443643689155579,0.01948491856455803,0.06345202028751373,0.02196863293647766
ZJ020668,0.013946261256933212,0.018289290368556976,0.003054665634408593,0.010648285038769245,0.014016162604093552,0.012387239374220371,0.9014711380004883,0.02618701010942459
ZJ020669,0.02717379480600357,0.029189785942435265,0.019777389243245125,0.03899356722831726,0.0312055554240942,0.012476928532123566,0.012949705123901367,0.8282332420349121
ZJ020670,0.013578662648797035,0.008831414394080639,0.0025210187304764986,0.0076028998009860516,0.012223693542182446,0.937092125415802,0.009219419211149216,0.008930797688663006
ZJ020671,0.12422545999288559,0.21020597219467163,0.5241604447364807,0.0114620765671134,0.04184975475072861,0.018546706065535545,0.04885349050164223,0.020696118474006653
ZJ020672,0.009723291732370853,0.0062578641809523106,0.002179580507799983,0.0072823078371584415,0.008563387207686901,0.9481192231178284,0.009018979966640472,0.00885550957173109
ZJ020673,0.1710975021123886,0.011781753040850163,0.004784129094332457,0.6600005030632019,0.02493319660425186,0.05329586938023567,0.055886201560497284,0.018220769241452217
ZJ020674,0.8410242795944214,0.019301841035485268,0.012704659253358841,0.010827938094735146,0.05246161296963692,0.009602486155927181,0.03552595525979996,0.01855124533176422
ZJ020675,0.9412373900413513,0.018154798075556755,0.004490085877478123,0.0062408000230789185,0.010489171370863914,0.005235943011939526,0.009823134168982506,0.004328622482717037
ZJ020676,0.033426105976104736,0.010704891756176949,0.006427818909287453,0.029556436464190483,0.016223814338445663,0.015661394223570824,0.015747345983982086,0.8722521662712097
ZJ020677,0.01145426370203495,0.01974480226635933,0.0039228470996022224,0.012485571205615997,0.013533779419958591,0.014581680297851562,0.011421953327953815,0.9128552079200745
ZJ020678,0.42284271121025085,0.041286125779151917,0.004974418319761753,0.05463245511054993,0.06168336793780327,0.13972564041614532,0.23908093571662903,0.035774361342191696
ZJ020679,0.1792134940624237,0.08558748662471771,0.11700542271137238,0.10250205546617508,0.1331336945295334,0.024234386160969734,0.11942296475172043,0.23890048265457153
ZJ020680,0.0709465816617012,0.011733231134712696,0.005074034444987774,0.017305433750152588,0.8486014604568481,0.011711659841239452,0.007686262484639883,0.026941349729895592
ZJ020681,0.1836644411087036,0.13839800655841827,0.45408961176872253,0.023228103294968605,0.08001194149255753,0.02648734115064144,0.0476548969745636,0.04646563529968262
ZJ020682,0.006296907551586628,0.00944582186639309,0.004104971885681152,0.026961253955960274,0.016697095707058907,0.010034644044935703,0.8993135690689087,0.02714577503502369
ZJ020683,0.14278005063533783,0.04727793484926224,0.42978137731552124,0.10020891577005386,0.030466485768556595,0.01007230207324028,0.04615617170929909,0.19325672090053558
ZJ020684,0.5499082803726196,0.01129439752548933,0.009071496315300465,0.14450421929359436,0.027187136933207512,0.029774533584713936,0.0579935759305954,0.1702663004398346
ZJ020685,0.016097964718937874,0.9100096225738525,0.004751504398882389,0.013491649180650711,0.011920006945729256,0.009088750928640366,0.024693261831998825,0.009947206825017929
ZJ020686,0.005818145349621773,0.9172120094299316,0.0034891378600150347,0.014231733046472073,0.008108818903565407,0.013754826970398426,0.02473490685224533,0.012650560587644577
ZJ020687,0.01000241283327341,0.011263467371463776,0.0027652427088469267,0.012777588330209255,0.012870137579739094,0.9318065643310547,0.008284023962914944,0.010230564512312412
ZJ020688,0.008294806815683842,0.01129931677132845,0.00270567717961967,0.010308056138455868,0.012300943955779076,0.9379181861877441,0.00979593675583601,0.007377146277576685
ZJ020689,0.005286875180900097,0.006021734327077866,0.0016948893899098039,0.9203208088874817,0.004130430519580841,0.008748630061745644,0.01635349728167057,0.037443164736032486
ZJ020690,0.01661059446632862,0.017456289380788803,0.005641454365104437,0.009878820739686489,0.02072802186012268,0.8875194787979126,0.02709738165140152,0.015067992731928825
ZJ020691,0.9442817568778992,0.008752037771046162,0.0016311025246977806,0.009118793532252312,0.011015634983778,0.006939150858670473,0.012406052090227604,0.005855567287653685
ZJ020692,0.13397592306137085,0.07711546868085861,0.3380858600139618,0.07794886827468872,0.1147112026810646,0.024243338033556938,0.03158601373434067,0.20233339071273804
ZJ020693,0.9220436215400696,0.015547004528343678,0.003796348813921213,0.009113005362451077,0.017066720873117447,0.009322329424321651,0.01520044170320034,0.007910528220236301
ZJ020694,0.5481669306755066,0.0540078803896904,0.0317503996193409,0.049647070467472076,0.08472937345504761,0.03022059053182602,0.13110598921775818,0.07037180662155151
ZJ020695,0.10810942202806473,0.17008017003536224,0.4440458118915558,0.0224901232868433,0.060544148087501526,0.012458549812436104,0.04972401633858681,0.13254773616790771
ZJ020696,0.1507592499256134,0.10585492849349976,0.062238987535238266,0.060054536908864975,0.12789630889892578,0.056896235793828964,0.13205929100513458,0.30424049496650696
ZJ020697,0.09696729481220245,0.06104584410786629,0.6917657852172852,0.03430556505918503,0.03985120728611946,0.014500109478831291,0.02822434902191162,0.03333982825279236
ZJ020698,0.010958613827824593,0.9274017214775085,0.002380349673330784,0.014330451376736164,0.008938088081777096,0.011831944808363914,0.01562484260648489,0.008534116670489311
ZJ020699,0.17307980358600616,0.16363070905208588,0.4953395426273346,0.01964901015162468,0.050766438245773315,0.019232966005802155,0.05531365051865578,0.02298787236213684
ZJ020700,0.8313297629356384,0.04798484221100807,0.0041983709670603275,0.021632015705108643,0.03625890240073204,0.02582012675702572,0.0252242274582386,0.0075517138466238976
ZJ020701,0.009130684658885002,0.008701968938112259,0.003941597882658243,0.0072576007805764675,0.011452799662947655,0.9401228427886963,0.010370881296694279,0.009021495468914509
ZJ020702,0.4576660692691803,0.06267610937356949,0.021004721522331238,0.0626685693860054,0.0746111199259758,0.035698167979717255,0.1532081961631775,0.13246698677539825
ZJ020703,0.010197488591074944,0.006944268010556698,0.0014705411158502102,0.949474036693573,0.0039033894427120686,0.006441038567572832,0.008022043853998184,0.013547195121645927
ZJ020704,0.35870760679244995,0.14290541410446167,0.055514149367809296,0.0790853425860405,0.09387190639972687,0.031203269958496094,0.06891737133264542,0.16979490220546722
ZJ020705,0.9055319428443909,0.011620736680924892,0.00256222952157259,0.009268424473702908,0.04601593315601349,0.006538097746670246,0.008893287740647793,0.009569341316819191
ZJ020706,0.5168997645378113,0.014709015376865864,0.007404419593513012,0.05615008622407913,0.32146406173706055,0.023479454219341278,0.035064760595560074,0.02482844889163971
ZJ020707,0.139872744679451,0.08633570373058319,0.11289478838443756,0.11148949712514877,0.10443564504384995,0.03249640017747879,0.1386886090040207,0.27378666400909424
ZJ020708,0.009153214283287525,0.006195164285600185,0.0023726564832031727,0.007865426130592823,0.0043427227064967155,0.005505786277353764,0.9569187164306641,0.007646319922059774
ZJ020709,0.012782085686922073,0.005451954901218414,0.0015562741318717599,0.013516392558813095,0.007270608562976122,0.007768887095153332,0.9313978552818298,0.020255843177437782
ZJ020710,0.18117861449718475,0.02575443871319294,0.006370363291352987,0.27878710627555847,0.10254546999931335,0.09404830634593964,0.04938853904604912,0.26192718744277954
ZJ020711,0.16704566776752472,0.11680177599191666,0.06741916388273239,0.0583258680999279,0.14693449437618256,0.04087541252374649,0.16007593274116516,0.2425217479467392
ZJ020712,0.22335639595985413,0.1321289986371994,0.3411771059036255,0.05078394338488579,0.08991312235593796,0.027480797842144966,0.03717731311917305,0.09798238426446915
ZJ020713,0.25410664081573486,0.051161181181669235,0.48978593945503235,0.04864656552672386,0.04850222170352936,0.023966439068317413,0.030102087184786797,0.05372896045446396
ZJ020714,0.11724502593278885,0.04950838163495064,0.009471445344388485,0.035521894693374634,0.04701140150427818,0.023914454504847527,0.08106484264135361,0.6362624764442444
ZJ020715,0.012488588690757751,0.8573656678199768,0.0036987538915127516,0.0197282787412405,0.012945069931447506,0.011046874336898327,0.01812271773815155,0.06460411101579666
ZJ020716,0.00531837297603488,0.045735765248537064,0.0018632389837875962,0.01249267254024744,0.00972346868366003,0.011481070891022682,0.8157183527946472,0.09766700118780136
ZJ020717,0.4503246545791626,0.02438407577574253,0.018086832016706467,0.020519018173217773,0.030624011531472206,0.017539840191602707,0.39640116691589355,0.04212044179439545
ZJ020718,0.17148642241954803,0.08221963793039322,0.10119970887899399,0.12841083109378815,0.09120357036590576,0.03443494439125061,0.10786304622888565,0.2831818163394928
ZJ020719,0.23998485505580902,0.1447802484035492,0.4386332929134369,0.01419957634061575,0.0880146473646164,0.011316665448248386,0.03411015495657921,0.028960594907402992
ZJ020720,0.21446062624454498,0.12460585683584213,0.4570081830024719,0.02530684694647789,0.07033788412809372,0.01538338977843523,0.06885272264480591,0.024044588208198547
ZJ020721,0.2406793087720871,0.1562575399875641,0.05225544422864914,0.06553062051534653,0.08792398869991302,0.04678903892636299,0.18049928545951843,0.17006482183933258
ZJ020722,0.013180075213313103,0.013619682751595974,0.0027992676477879286,0.009336109273135662,0.012543109245598316,0.9266437292098999,0.012188530527055264,0.009689499624073505
ZJ020723,0.0897902324795723,0.6866222620010376,0.024553703144192696,0.029151378199458122,0.07353957742452621,0.020323898643255234,0.03874804079532623,0.03727088123559952
ZJ020724,0.06004267558455467,0.05654427409172058,0.4542250335216522,0.08987022191286087,0.06768859177827835,0.026792066171765327,0.03609073534607887,0.2087463140487671
ZJ020725,0.00650777155533433,0.9476124048233032,0.005090598948299885,0.010968619957566261,0.007618418894708157,0.010952752083539963,0.0036722023505717516,0.007577197160571814
ZJ020726,0.2585794925689697,0.18155349791049957,0.3196556866168976,0.02725869044661522,0.08368326723575592,0.01977698877453804,0.07881568372249603,0.030676638707518578
ZJ020727,0.031112847849726677,0.025686761364340782,0.0022161751985549927,0.02256995625793934,0.015658970922231674,0.8424108028411865,0.03890107572078705,0.02144346572458744
ZJ020728,0.07965350896120071,0.06826115399599075,0.6358625292778015,0.028947174549102783,0.07258118689060211,0.022084150463342667,0.03374253958463669,0.05886780470609665
ZJ020729,0.12495395541191101,0.13820162415504456,0.5214810967445374,0.027460772544145584,0.08894859999418259,0.02186354622244835,0.04889413341879845,0.02819621004164219
ZJ020730,0.920413076877594,0.009303704835474491,0.0014020107919350266,0.011076278984546661,0.007229646667838097,0.007469372358173132,0.03035927563905716,0.012746647000312805
ZJ020731,0.06738951057195663,0.04123330116271973,0.6408827304840088,0.04782514646649361,0.037228841334581375,0.010571620427072048,0.04363640397787094,0.1112324669957161
ZJ020732,0.14952906966209412,0.21395544707775116,0.3475361764431,0.0248786099255085,0.07976008206605911,0.019713884219527245,0.1331629455089569,0.03146376833319664
ZJ020733,0.004529719240963459,0.007737092208117247,0.0023203520104289055,0.9550759792327881,0.005619996227324009,0.007229408714920282,0.008211924694478512,0.009275492280721664
ZJ020734,0.13257461786270142,0.0423908531665802,0.4881170690059662,0.04015755280852318,0.13474245369434357,0.034859832376241684,0.052451856434345245,0.07470574229955673
ZJ020735,0.010175204835832119,0.007327653467655182,0.0028265726286917925,0.006170730106532574,0.007068862207233906,0.9500086903572083,0.00774487666785717,0.008677431382238865
ZJ020736,0.1054878681898117,0.04556835815310478,0.008813530206680298,0.053618527948856354,0.5379011631011963,0.08108163625001907,0.10021348297595978,0.06731542944908142
ZJ020737,0.15517458319664001,0.09792254120111465,0.1283048838376999,0.12218975275754929,0.09671372920274734,0.032922133803367615,0.11667727679014206,0.25009506940841675
ZJ020738,0.27941378951072693,0.12379620969295502,0.08869844675064087,0.07783013582229614,0.1171439066529274,0.02898101881146431,0.06730648875236511,0.21683000028133392
ZJ020739,0.008306381292641163,0.9340568780899048,0.003247787244617939,0.013827582821249962,0.0102912038564682,0.012188847176730633,0.009226066060364246,0.008855228312313557
ZJ020740,0.20795582234859467,0.1711638867855072,0.42248544096946716,0.021859919652342796,0.08831114321947098,0.01340961642563343,0.045984648168087006,0.028829459100961685
ZJ020741,0.19481267035007477,0.04755088686943054,0.06698471307754517,0.15910880267620087,0.06675944477319717,0.043373219668865204,0.08946771174669266,0.3319425582885742
ZJ020742,0.2908027768135071,0.12966397404670715,0.3921312689781189,0.020968422293663025,0.06362268328666687,0.01769677735865116,0.05762392655014992,0.027490101754665375
ZJ020743,0.09151461720466614,0.04666127637028694,0.7242130637168884,0.015063658356666565,0.04655393958091736,0.010230237618088722,0.016734154894948006,0.04902907460927963
ZJ020744,0.9477460384368896,0.0034512379206717014,0.001565143116749823,0.01041380874812603,0.008540775626897812,0.006060583516955376,0.018277717754244804,0.003944814670830965
ZJ020745,0.2176009565591812,0.13873183727264404,0.3803042769432068,0.023459233343601227,0.09726541489362717,0.023753223940730095,0.060696009546518326,0.05818904563784599
ZJ020746,0.0023440648801624775,0.002933891024440527,0.0032217325642704964,0.00793376099318266,0.0035086192656308413,0.004829576704651117,0.965788722038269,0.009439660236239433
ZJ020747,0.2410719245672226,0.1039150059223175,0.35673800110816956,0.043696511536836624,0.08230377733707428,0.02249072678387165,0.04338299483060837,0.10640103369951248
ZJ020748,0.009156724438071251,0.9227538704872131,0.006735997274518013,0.01656164415180683,0.012003417126834393,0.014260848984122276,0.006947766989469528,0.01157977245748043
ZJ020749,0.003297787858173251,0.0035041954834014177,0.002855989383533597,0.00709678465500474,0.007240021135658026,0.0063202534802258015,0.9601848721504211,0.009500106796622276
ZJ020750,0.24373991787433624,0.13446231186389923,0.31795284152030945,0.022490939125418663,0.055933330208063126,0.012121886946260929,0.1884007751941681,0.024897992610931396
ZJ020751,0.3306244909763336,0.10349982976913452,0.41436073184013367,0.017902662977576256,0.06252739578485489,0.011309986934065819,0.03217250481247902,0.02760240249335766
ZJ020752,0.2221435010433197,0.10922214388847351,0.3028700351715088,0.06631053239107132,0.10614386200904846,0.03262057155370712,0.027414485812187195,0.13327477872371674
ZJ020753,0.23078247904777527,0.07817696779966354,0.013297056779265404,0.07913912832736969,0.058073967695236206,0.05273757502436638,0.09600052237510681,0.39179232716560364
ZJ020754,0.006488458719104528,0.00802000891417265,0.001789414556697011,0.010628744028508663,0.005903891287744045,0.0121205635368824,0.942357063293457,0.012691948562860489
ZJ020755,0.2886952757835388,0.12834128737449646,0.40745383501052856,0.01992161199450493,0.06368058919906616,0.01056267786771059,0.044639118015766144,0.03670563921332359
ZJ020756,0.34301796555519104,0.025710217654705048,0.0022211687173694372,0.028176479041576385,0.4810677468776703,0.017971422523260117,0.06060221418738365,0.0412328876554966
ZJ020757,0.004835565574467182,0.004298991058021784,0.003348506521433592,0.007242761552333832,0.004149607848376036,0.005682087503373623,0.9651275873184204,0.005314921028912067
ZJ020758,0.049091700464487076,0.033641401678323746,0.030783358961343765,0.03083326853811741,0.02971252053976059,0.015929993242025375,0.027650533244013786,0.7823572158813477
ZJ020759,0.13867305219173431,0.12065731734037399,0.48991209268569946,0.017966825515031815,0.10288406908512115,0.012023555114865303,0.040713515132665634,0.07716958224773407
ZJ020760,0.013344652019441128,0.020254235714673996,0.004176099319010973,0.012659065425395966,0.011874164454638958,0.9076175689697266,0.01782964915037155,0.012244485318660736
ZJ020761,0.021477729082107544,0.8906592130661011,0.005344482604414225,0.01738174632191658,0.02276013419032097,0.013248570263385773,0.017924850806593895,0.01120318379253149
ZJ020762,0.31500840187072754,0.09454037249088287,0.3675898313522339,0.0283331461250782,0.09526095539331436,0.019140420481562614,0.048940204083919525,0.031186679378151894
ZJ020763,0.22103680670261383,0.24798928201198578,0.2879519462585449,0.014001036062836647,0.11042693257331848,0.031811073422431946,0.05753234773874283,0.029250536113977432
ZJ020764,0.36950990557670593,0.13164022564888,0.3043155074119568,0.02319314144551754,0.044210921972990036,0.020031053572893143,0.07454550266265869,0.032553717494010925
ZJ020765,0.1446942239999771,0.3413058817386627,0.27635475993156433,0.022540036588907242,0.09165872633457184,0.04025440663099289,0.06244407966732979,0.020747922360897064
ZJ020766,0.1433590203523636,0.10679548233747482,0.12848803400993347,0.11432294547557831,0.08283104002475739,0.02682388201355934,0.13111840188503265,0.26626119017601013
ZJ020767,0.2647143602371216,0.13395540416240692,0.3752174377441406,0.020841173827648163,0.11003122478723526,0.021716976538300514,0.053041331470012665,0.02048206515610218
ZJ020768,0.9614542722702026,0.005759581457823515,0.001715729827992618,0.006670521572232246,0.006314809434115887,0.004374099429696798,0.00713359797373414,0.006577318999916315
ZJ020769,0.004690269008278847,0.00788819044828415,0.0019949397537857294,0.960501492023468,0.004991636611521244,0.005228312220424414,0.008265700191259384,0.006439403630793095
ZJ020770,0.006806497927755117,0.9370657801628113,0.005122891627252102,0.01918426901102066,0.007955318316817284,0.011714612133800983,0.005454459693282843,0.006696226540952921
ZJ020771,0.24476294219493866,0.12636198103427887,0.27651163935661316,0.05383775755763054,0.09151516109704971,0.02555469609797001,0.038365233689546585,0.14309059083461761
ZJ020772,0.018777605146169662,0.021304922178387642,0.005395913030952215,0.01099410280585289,0.025332320481538773,0.8783727288246155,0.02365780994296074,0.016164598986506462
ZJ020773,0.015652969479560852,0.9269992113113403,0.00479136360809207,0.008465312421321869,0.01269934419542551,0.008246387355029583,0.01318628340959549,0.009959129616618156
ZJ020774,0.3318305015563965,0.5007417798042297,0.006869618780910969,0.03853738680481911,0.046940796077251434,0.015232386998832226,0.019535422325134277,0.04031207039952278
ZJ020775,0.08754290640354156,0.047815870493650436,0.4678628146648407,0.058154404163360596,0.06739185005426407,0.03486623242497444,0.0701463595032692,0.166219562292099
ZJ020776,0.0850885882973671,0.06975453346967697,0.08825089782476425,0.10630203038454056,0.07358017563819885,0.04957427829504013,0.05644158273935318,0.47100794315338135
ZJ020777,0.27971771359443665,0.1841455101966858,0.24204212427139282,0.01760011911392212,0.1284809708595276,0.023727668449282646,0.10210485011339188,0.022181041538715363
ZJ020778,0.060660045593976974,0.05145235359668732,0.7581620216369629,0.03293118625879288,0.043174367398023605,0.007211125921458006,0.020937152206897736,0.02547175996005535
ZJ020779,0.18944036960601807,0.16315388679504395,0.4780682325363159,0.02081618271768093,0.08029632270336151,0.01427480112761259,0.030264653265476227,0.023685557767748833
ZJ020780,0.0100686214864254,0.9209699630737305,0.006784255616366863,0.018775317817926407,0.011503048241138458,0.012171856127679348,0.008507959544658661,0.011218966916203499
ZJ020781,0.14536897838115692,0.04913641884922981,0.36289969086647034,0.0388341099023819,0.022639809176325798,0.012442407198250294,0.046505365520715714,0.322173148393631
ZJ020782,0.2690533399581909,0.1538836807012558,0.3585923910140991,0.02422969974577427,0.04729096218943596,0.02055528201162815,0.09682561457157135,0.02956903912127018
ZJ020783,0.013489093631505966,0.9275392889976501,0.0055216290056705475,0.005872807465493679,0.01361506525427103,0.013752445578575134,0.009976842440664768,0.010232803411781788
ZJ020784,0.38215723633766174,0.1420685201883316,0.3199108839035034,0.011974380351603031,0.047711603343486786,0.021390246227383614,0.05031540244817734,0.024471744894981384
ZJ020785,0.19622832536697388,0.15753822028636932,0.3994879722595215,0.028128795325756073,0.1107865497469902,0.017327141016721725,0.05890725553035736,0.03159572556614876
ZJ020786,0.18636398017406464,0.08634866774082184,0.4816729426383972,0.02211664244532585,0.10362845659255981,0.02488141879439354,0.05351056531071663,0.04147728532552719
ZJ020787,0.0192563496530056,0.01831153966486454,0.002874732716009021,0.01290850155055523,0.013484926894307137,0.8941918611526489,0.02357766218483448,0.015394322574138641
ZJ020788,0.1791226714849472,0.07083329558372498,0.475915789604187,0.045600526034832,0.10539121180772781,0.018169298768043518,0.021755671128630638,0.08321155607700348
ZJ020789,0.20592331886291504,0.14900489151477814,0.41701066493988037,0.01877002604305744,0.07946415990591049,0.01463670190423727,0.06646981835365295,0.04872042313218117
ZJ020790,0.006580141372978687,0.9408329725265503,0.004777789115905762,0.012254723347723484,0.010425788350403309,0.012411151081323624,0.0052093924023211,0.007507994771003723
ZJ020791,0.10104060173034668,0.4124009311199188,0.018177250400185585,0.02559216320514679,0.06286182254552841,0.04602714255452156,0.13899411261081696,0.19490602612495422
ZJ020792,0.21412096917629242,0.11110720783472061,0.506601095199585,0.0158718042075634,0.06749742478132248,0.016586439684033394,0.04550927132368088,0.02270582877099514
ZJ020793,0.2524378299713135,0.06590726971626282,0.07928651571273804,0.04264896735548973,0.24584779143333435,0.02372722327709198,0.24922363460063934,0.04092076048254967
ZJ020794,0.787554919719696,0.023093145340681076,0.01064867340028286,0.012992040254175663,0.11219815909862518,0.018394403159618378,0.022827399894595146,0.012291248887777328
ZJ020795,0.009155692532658577,0.934119701385498,0.0051480927504599094,0.0168426726013422,0.007753819692879915,0.01243051327764988,0.0064811077900230885,0.008068411611020565
ZJ020796,0.2550389766693115,0.19946417212486267,0.1620817333459854,0.022931357845664024,0.04206748679280281,0.010970141738653183,0.28643661737442017,0.02100946754217148
ZJ020797,0.24492336809635162,0.05370481684803963,0.41951984167099,0.03342283517122269,0.05512875318527222,0.0542500838637352,0.038573093712329865,0.1004771888256073
ZJ020798,0.15944544970989227,0.11410025507211685,0.600014328956604,0.012668218463659286,0.04969755560159683,0.010736484080553055,0.02408764511346817,0.029250048100948334
ZJ020799,0.35437512397766113,0.05555308610200882,0.0060533033683896065,0.06453096866607666,0.03486518934369087,0.016360873356461525,0.038030825555324554,0.43023061752319336
ZJ020800,0.23532864451408386,0.029286878183484077,0.006305467337369919,0.02877858653664589,0.6254029870033264,0.015331137925386429,0.01167303416877985,0.047893233597278595
ZJ020801,0.44204702973365784,0.016756068915128708,0.004113256465643644,0.3854144811630249,0.05139356106519699,0.020022058859467506,0.04706627503037453,0.03318725898861885
ZJ020802,0.011607886292040348,0.011117982678115368,0.00502915121614933,0.008418794721364975,0.014414367265999317,0.9251036047935486,0.013729989528656006,0.01057825144380331
ZJ020803,0.11825253814458847,0.06471894681453705,0.3168114423751831,0.04415120929479599,0.03254018723964691,0.01197860762476921,0.025688771158456802,0.3858582675457001
ZJ020804,0.13519898056983948,0.06288176774978638,0.42764076590538025,0.08440709114074707,0.10109642148017883,0.024178795516490936,0.03525039926171303,0.1293458491563797
ZJ020805,0.15265795588493347,0.07823820412158966,0.12013913691043854,0.10926638543605804,0.09216602891683578,0.029156746342778206,0.11535129696130753,0.3030242323875427
ZJ020806,0.010947140865027905,0.010004392825067043,0.004542388487607241,0.008135681971907616,0.013831152580678463,0.9291414022445679,0.012762894853949547,0.01063499040901661
ZJ020807,0.35953637957572937,0.01552649773657322,0.022801915183663368,0.18869498372077942,0.051757603883743286,0.023455213755369186,0.08341491222381592,0.2548125088214874
ZJ020808,0.00917179137468338,0.9388833045959473,0.0031515888404101133,0.014965072274208069,0.011990281753242016,0.007721875794231892,0.006899469997733831,0.00721662538126111
ZJ020809,0.20629480481147766,0.17091500759124756,0.3923709988594055,0.027168696746230125,0.1020563468337059,0.02229674719274044,0.04809890314936638,0.030798500403761864
ZJ020810,0.014571583829820156,0.020732302218675613,0.004374190233647823,0.011161845177412033,0.01374476496130228,0.8991743326187134,0.024046016857028008,0.012194983661174774
ZJ020811,0.009427153505384922,0.00534282298758626,0.00301624764688313,0.013202091678977013,0.011554257944226265,0.00863717496395111,0.9291693568229675,0.019650889560580254
ZJ020812,0.09306611865758896,0.06459711492061615,0.7166889905929565,0.026045437902212143,0.03156987205147743,0.01253730058670044,0.02787468582391739,0.027620455250144005
ZJ020813,0.3648932874202728,0.06224013864994049,0.4660975933074951,0.013540159910917282,0.03305240347981453,0.009578544646501541,0.03187403455376625,0.018723852932453156
ZJ020814,0.23646646738052368,0.15563108026981354,0.3317255675792694,0.03351733088493347,0.11784933507442474,0.02534889616072178,0.06595677882432938,0.03350454941391945
ZJ020815,0.531397819519043,0.04762396961450577,0.029436331242322922,0.0254824161529541,0.10427067428827286,0.12142247706651688,0.11467442661523819,0.025691889226436615
ZJ020816,0.030868811532855034,0.014624470844864845,0.007929272949695587,0.047816500067710876,0.017710089683532715,0.8017765283584595,0.04713461548089981,0.03213972970843315
ZJ020817,0.9562265276908875,0.005488953087478876,0.0017316106241196394,0.00711656641215086,0.006986311171203852,0.0058463928289711475,0.009855223819613457,0.006748420652002096
ZJ020818,0.0773385614156723,0.05947224795818329,0.514042317867279,0.05047924071550369,0.06329628825187683,0.033880993723869324,0.04916144534945488,0.15232889354228973
ZJ020819,0.22978362441062927,0.16801133751869202,0.10163727402687073,0.06737951934337616,0.11584662646055222,0.037250030785799026,0.08320027589797974,0.19689129292964935
ZJ020820,0.7579677700996399,0.02538994327187538,0.006880837492644787,0.016228454187512398,0.024333255365490913,0.029090238735079765,0.1118316724896431,0.02827787771821022
ZJ020821,0.22735874354839325,0.2450394481420517,0.3313333988189697,0.017968283966183662,0.05408109724521637,0.02827935665845871,0.057639945298433304,0.03829978033900261
ZJ020822,0.15673989057540894,0.12658540904521942,0.48781871795654297,0.02477860450744629,0.10885562002658844,0.022064203396439552,0.05064405873417854,0.022513428702950478
ZJ020823,0.1295308917760849,0.017628220841288567,0.008067929185926914,0.5894935727119446,0.020935745909810066,0.050934866070747375,0.045720454305410385,0.13768838346004486
ZJ020824,0.3113993704319,0.15550021827220917,0.3428382873535156,0.01835769973695278,0.08518487215042114,0.015007786452770233,0.039925962686538696,0.0317857600748539
ZJ020825,0.27399662137031555,0.12480630725622177,0.4577833116054535,0.014454474672675133,0.06171737611293793,0.008507241494953632,0.03251473233103752,0.026219870895147324
ZJ020826,0.0691460520029068,0.0695335790514946,0.7077298164367676,0.0330662801861763,0.05348712205886841,0.01321595162153244,0.022572379559278488,0.031248830258846283
ZJ020827,0.24079857766628265,0.09408994019031525,0.4834403693675995,0.017873020842671394,0.08249086141586304,0.010752466507256031,0.04581110551953316,0.02474367618560791
ZJ020828,0.3450867235660553,0.09004328399896622,0.019810611382126808,0.04462762922048569,0.06333372741937637,0.3157796859741211,0.07088879495859146,0.050429534167051315
ZJ020829,0.06641498953104019,0.2431863397359848,0.2891550362110138,0.03244135156273842,0.07119697332382202,0.0891849547624588,0.09642716497182846,0.11199318617582321
ZJ020830,0.7281685471534729,0.12978355586528778,0.0020078502129763365,0.02144591510295868,0.02370320074260235,0.027690965682268143,0.04968869686126709,0.01751122623682022
ZJ020831,0.031318388879299164,0.025239353999495506,0.010643472895026207,0.015934698283672333,0.04677212983369827,0.8133110404014587,0.032287005335092545,0.024493945762515068
ZJ020832,0.21620039641857147,0.09693118929862976,0.3403368592262268,0.04906966909766197,0.12616398930549622,0.022776741534471512,0.020452387630939484,0.12806876003742218
ZJ020833,0.2894897758960724,0.12425515055656433,0.38590413331985474,0.02167155034840107,0.06149313598871231,0.01746135577559471,0.07714012265205383,0.0225847065448761
ZJ020834,0.15367145836353302,0.2689220905303955,0.28450727462768555,0.020794767886400223,0.07540825754404068,0.027609143406152725,0.12880757451057434,0.040279388427734375
ZJ020835,0.21799877285957336,0.11451268196105957,0.5003442764282227,0.018143462017178535,0.04609047621488571,0.01865050196647644,0.06221256032586098,0.02204725705087185
ZJ020836,0.22447672486305237,0.13899093866348267,0.4357936680316925,0.018882011994719505,0.07347412407398224,0.012087486684322357,0.06629764288663864,0.02999739535152912
ZJ020837,0.22627860307693481,0.13643300533294678,0.47179943323135376,0.018458012491464615,0.06672181934118271,0.013170849531888962,0.04434020444750786,0.022798100486397743
ZJ020838,0.17657212913036346,0.07312438637018204,0.3988558351993561,0.08865754306316376,0.07596895843744278,0.027425751090049744,0.02140415459871292,0.13799133896827698
ZJ020839,0.003091867547482252,0.0031197702046483755,0.002675155643373728,0.004952907562255859,0.004030609969049692,0.007207770831882954,0.9628342986106873,0.012087587267160416
ZJ020840,0.03885205462574959,0.25399577617645264,0.023300787433981895,0.06227105110883713,0.0412491075694561,0.018808413296937943,0.2515771687030792,0.30994561314582825
ZJ020841,0.5540536642074585,0.02149765007197857,0.00417590094730258,0.0861065611243248,0.1392889767885208,0.01344460528343916,0.06088707968592644,0.12054559588432312
ZJ020842,0.19531817734241486,0.07591085135936737,0.5845577716827393,0.01741708628833294,0.0440092459321022,0.008899422362446785,0.04787859693169594,0.0260088462382555
ZJ020843,0.0656404122710228,0.04467812925577164,0.024040115997195244,0.05923924595117569,0.09013548493385315,0.02795395255088806,0.027188414707779884,0.6611242890357971
ZJ020844,0.06422142684459686,0.6308860182762146,0.009880134835839272,0.022455895319581032,0.0419340543448925,0.03627949580550194,0.07402658462524414,0.12031638622283936
ZJ020845,0.37391629815101624,0.08672884106636047,0.3419174253940582,0.021991491317749023,0.08352447301149368,0.016429228708148003,0.040100470185279846,0.03539181128144264
ZJ020846,0.00408116914331913,0.0035211481153964996,0.0031040923204272985,0.0073705208487808704,0.004398074466735125,0.005326638929545879,0.9667444825172424,0.005453886464238167
ZJ020847,0.9491639733314514,0.009524432942271233,0.0024834994692355394,0.009591478854417801,0.010046589188277721,0.006922998931258917,0.005960325710475445,0.006306598428636789
ZJ020848,0.012591843493282795,0.879182755947113,0.002480416325852275,0.012753874994814396,0.01114056259393692,0.012580734677612782,0.045147333294153214,0.02412245236337185
ZJ020849,0.00959587562829256,0.8945171236991882,0.0035230726934969425,0.007306652143597603,0.01414946187287569,0.015614340081810951,0.04404781758785248,0.011245687492191792
ZJ020850,0.18456459045410156,0.05227397382259369,0.49187415838241577,0.0292835496366024,0.0828990638256073,0.006303432397544384,0.10996705293655396,0.04283415898680687
ZJ020851,0.1328946202993393,0.4309859871864319,0.005701018031686544,0.04283054918050766,0.05520792305469513,0.050781309604644775,0.1859123706817627,0.09568621963262558
ZJ020852,0.167964905500412,0.10877697169780731,0.11728637665510178,0.07195834815502167,0.07892151176929474,0.03900955244898796,0.1454371213912964,0.27064523100852966
ZJ020853,0.23344190418720245,0.18547216057777405,0.3349609375,0.031271521002054214,0.11534514278173447,0.018140293657779694,0.05681006610393524,0.024557987228035927
ZJ020854,0.012469030916690826,0.01190007571130991,0.0055162254720926285,0.008714736439287663,0.016357440501451492,0.9194929003715515,0.014653676189482212,0.010895931161940098
ZJ020855,0.06375893950462341,0.037079330533742905,0.6404390931129456,0.06284024566411972,0.04774825647473335,0.022797631099820137,0.015976643189787865,0.10935989767313004
ZJ020856,0.10444319248199463,0.10291777551174164,0.21274526417255402,0.07846326380968094,0.1283220499753952,0.021017691120505333,0.080313540995121,0.2717771828174591
ZJ020857,0.012655282393097878,0.9424530863761902,0.00411779060959816,0.012648157775402069,0.007586698513478041,0.008791463449597359,0.005316659342497587,0.006430880166590214
ZJ020858,0.9317359328269958,0.009176927618682384,0.002169958082959056,0.012013271450996399,0.025933638215065002,0.006425976753234863,0.0053579360246658325,0.007186331320554018
ZJ020859,0.8315706849098206,0.01578626222908497,0.0028166475240141153,0.016750995069742203,0.02067725919187069,0.014043807052075863,0.0381719134747982,0.06018245965242386
ZJ020860,0.08434024453163147,0.02639295533299446,0.6590824723243713,0.0644657164812088,0.055768564343452454,0.018428076058626175,0.015508148819208145,0.07601381838321686
ZJ020861,0.06529850512742996,0.04920506104826927,0.7726624011993408,0.024067776277661324,0.04237291216850281,0.007288617081940174,0.020780956372618675,0.018323764204978943
ZJ020862,0.015843121334910393,0.02087380178272724,0.0036018923856317997,0.011121204122900963,0.025430798530578613,0.8880645632743835,0.01976143568754196,0.015303182415664196
ZJ020863,0.01250650268048048,0.01429789885878563,0.008501461707055569,0.03941118344664574,0.025737231597304344,0.02095833607017994,0.029858116060495377,0.8487293124198914
ZJ020864,0.4643983244895935,0.20155982673168182,0.17154967784881592,0.02838001772761345,0.04429836571216583,0.019381709396839142,0.05703650414943695,0.013395566493272781
ZJ020865,0.05954083427786827,0.04159526899456978,0.006113918963819742,0.0252071600407362,0.028816957026720047,0.017659109085798264,0.06644245237112045,0.7546241879463196
ZJ020866,0.15804098546504974,0.0877147763967514,0.5709365010261536,0.021094566211104393,0.06561093032360077,0.01630084589123726,0.03709990903735161,0.043201468884944916
ZJ020867,0.006828148849308491,0.010505454614758492,0.002761950483545661,0.0057791550643742085,0.007842092774808407,0.9533447027206421,0.006491921376436949,0.006446584593504667
ZJ020868,0.15594574809074402,0.3307441771030426,0.2505284249782562,0.02044983208179474,0.06295815110206604,0.04513896256685257,0.101911760866642,0.03232288733124733
ZJ020869,0.009775211103260517,0.01214870996773243,0.0028893868438899517,0.01313129160553217,0.013372231274843216,0.011954061686992645,0.008571913465857506,0.9281571507453918
ZJ020870,0.1585497260093689,0.30008170008659363,0.1688365787267685,0.05263395234942436,0.1324697881937027,0.025659598410129547,0.07922946661710739,0.08253919333219528
ZJ020871,0.16145765781402588,0.09131252020597458,0.5757845640182495,0.01333917398005724,0.0689726173877716,0.007365580182522535,0.029256291687488556,0.05251164734363556
ZJ020872,0.003301715012639761,0.004150245804339647,0.00254829996265471,0.006660958286374807,0.0042406669817864895,0.006173995323479176,0.9666751623153687,0.006248985417187214
ZJ020873,0.03842594847083092,0.031155437231063843,0.0025861472822725773,0.020573044195771217,0.01604386605322361,0.8321454524993896,0.03567982465028763,0.02339017391204834
ZJ020874,0.9631062150001526,0.0052032191306352615,0.0017493886407464743,0.0072663021273911,0.008896354585886002,0.004432646557688713,0.00569638516753912,0.0036494724918156862
ZJ020875,0.00465208338573575,0.0049616494216024876,0.0031585190445184708,0.006947903893887997,0.005391690880060196,0.004982277285307646,0.9591619372367859,0.010743820108473301
ZJ020876,0.8852497339248657,0.022737478837370872,0.005440032109618187,0.01413156557828188,0.029321175068616867,0.011106866411864758,0.014198651537299156,0.01781446486711502
ZJ020877,0.25870969891548157,0.14272810518741608,0.3938538432121277,0.017560837790369987,0.055191054940223694,0.012812687084078789,0.025979695841670036,0.09316413849592209
ZJ020878,0.23250426352024078,0.11500395834445953,0.4853387773036957,0.024651626124978065,0.07144401222467422,0.009063742123544216,0.03209296986460686,0.029900632798671722
ZJ020879,0.06647927314043045,0.041476402431726456,0.5756060481071472,0.08350176364183426,0.05187445133924484,0.015017696656286716,0.04065677151083946,0.12538760900497437
ZJ020880,0.19416353106498718,0.28408733010292053,0.32820236682891846,0.020229818299412727,0.05216073617339134,0.018655359745025635,0.06795071065425873,0.03455013409256935
ZJ020881,0.24362748861312866,0.11541103571653366,0.47011879086494446,0.026789817959070206,0.07302101701498032,0.009351157583296299,0.0324678011238575,0.02921287715435028
ZJ020882,0.07963884621858597,0.061033766716718674,0.5433685779571533,0.03998225927352905,0.07200586795806885,0.02429904229938984,0.05010440945625305,0.1295672506093979
ZJ020883,0.22911299765110016,0.12171021103858948,0.4229901134967804,0.024300960823893547,0.09627264738082886,0.01705317758023739,0.03714289143681526,0.05141708627343178
ZJ020884,0.2003728300333023,0.1708914339542389,0.09114553034305573,0.06130839139223099,0.1352841854095459,0.030104782432317734,0.10426930338144302,0.20662349462509155
ZJ020885,0.015130891464650631,0.01103366632014513,0.002277621766552329,0.014154805801808834,0.012369205243885517,0.010865268297493458,0.017526475712656975,0.9166420698165894
ZJ020886,0.17413988709449768,0.12635818123817444,0.5531624555587769,0.022025475278496742,0.05044326186180115,0.017502497881650925,0.035888589918613434,0.020479679107666016
ZJ020887,0.004352044779807329,0.0050126477144658566,0.0026807112153619528,0.0067584579810500145,0.006890208926051855,0.006888182368129492,0.9513686299324036,0.016049109399318695
ZJ020888,0.3224688172340393,0.09031518548727036,0.018371524289250374,0.053570304065942764,0.09756772220134735,0.24429668486118317,0.09000154584646225,0.08340822160243988
ZJ020889,0.19896334409713745,0.035475872457027435,0.008620751090347767,0.09023309499025345,0.2245308756828308,0.116422139108181,0.19737793505191803,0.12837602198123932
ZJ020890,0.20509769022464752,0.17761756479740143,0.39507442712783813,0.023210445418953896,0.11798439174890518,0.012352941557765007,0.0478956364095211,0.020766904577612877
ZJ020891,0.007313011679798365,0.9287968277931213,0.0033942933660000563,0.012374713085591793,0.01010856032371521,0.011959049850702286,0.012278166599571705,0.01377547811716795
ZJ020892,0.06146255135536194,0.12284009158611298,0.32775938510894775,0.020426684990525246,0.07631789147853851,0.297580748796463,0.06794123351573944,0.02567148581147194
ZJ020893,0.0051934788934886456,0.005021425895392895,0.00354470475576818,0.009471975266933441,0.005216929595917463,0.005641674157232046,0.9581156373023987,0.007794232573360205
ZJ020894,0.208171084523201,0.057778168469667435,0.3465026319026947,0.06528203189373016,0.10762500017881393,0.02077101729810238,0.03841513395309448,0.15545491874217987
ZJ020895,0.1925738900899887,0.22378750145435333,0.2219155877828598,0.09680936485528946,0.09560318291187286,0.038348909467458725,0.019714463502168655,0.11124710738658905
ZJ020896,0.010278802365064621,0.9220060110092163,0.0070999967865645885,0.013751160353422165,0.012806804850697517,0.0102351950481534,0.00971985049545765,0.014102190732955933
ZJ020897,0.25445133447647095,0.13188055157661438,0.2950122356414795,0.03143938258290291,0.09436823427677155,0.024578209966421127,0.07999137789011002,0.08827871084213257
ZJ020898,0.007023963611572981,0.009699990972876549,0.003552835900336504,0.005021165125072002,0.009084198623895645,0.9529078602790833,0.006504832301288843,0.006205170415341854
ZJ020899,0.2550656497478485,0.05308195576071739,0.37517908215522766,0.11503293365240097,0.05695655941963196,0.03542102500796318,0.03491297364234924,0.0743497759103775
ZJ020900,0.00755905220285058,0.002840077970176935,0.0022319608833640814,0.00794941931962967,0.004212931729853153,0.004823608323931694,0.9609712362289429,0.009411843493580818
ZJ020901,0.3904533088207245,0.14906105399131775,0.21082442998886108,0.01857823133468628,0.06235901266336441,0.014456461183726788,0.12456390261650085,0.029703523963689804
ZJ020902,0.09085547178983688,0.04505562782287598,0.7516277432441711,0.022924715653061867,0.02322063036262989,0.007884908467531204,0.03193254768848419,0.026498397812247276
ZJ020903,0.3156032860279083,0.12910689413547516,0.40118294954299927,0.02208634652197361,0.048287563025951385,0.01103926170617342,0.05445389449596405,0.018239745870232582
ZJ020904,0.11000226438045502,0.08650366961956024,0.3125162720680237,0.07989934086799622,0.0816936194896698,0.07340659946203232,0.033062782138586044,0.22291550040245056
ZJ020905,0.020384831354022026,0.7132753729820251,0.003743058070540428,0.028017336502671242,0.020469268783926964,0.027391131967306137,0.15509779751300812,0.0316212996840477
ZJ020906,0.26685190200805664,0.05615166947245598,0.4265957176685333,0.06568347662687302,0.057449087500572205,0.03504662588238716,0.03521008789539337,0.057011354714632034
ZJ020907,0.2059875726699829,0.27351924777030945,0.2902725040912628,0.020545540377497673,0.0917092114686966,0.021171851083636284,0.05965684354305267,0.03713712841272354
ZJ020908,0.09008296579122543,0.10972313582897186,0.5603337287902832,0.03687775135040283,0.06630992144346237,0.016207102686166763,0.03052924945950508,0.08993617445230484
ZJ020909,0.14309872686862946,0.015420954674482346,0.004776933696120977,0.0525447241961956,0.027136176824569702,0.011869678273797035,0.04869099706411362,0.6964617371559143
ZJ020910,0.00399866933003068,0.0032885537948459387,0.003866790095344186,0.00781637616455555,0.004304558038711548,0.00507275341078639,0.961735725402832,0.009916462004184723
ZJ020911,0.6729071140289307,0.043931905180215836,0.0027202812489122152,0.05528905987739563,0.1032145544886589,0.023921072483062744,0.06691857427358627,0.031097514554858208
ZJ020912,0.9438994526863098,0.00619814358651638,0.0021966032218188047,0.007474086247384548,0.009277977980673313,0.008395611308515072,0.016170645132660866,0.006387528497725725
ZJ020913,0.007544962223619223,0.010278134606778622,0.009905575774610043,0.004520311951637268,0.006324130110442638,0.948813259601593,0.006389069836586714,0.006224492564797401
ZJ020914,0.1902381330728531,0.08894893527030945,0.5969739556312561,0.01381869986653328,0.05137808620929718,0.010135218501091003,0.031892791390419006,0.0166141577064991
ZJ020915,0.33214065432548523,0.051899220794439316,0.002609111601486802,0.04063683748245239,0.05625760927796364,0.030141681432724,0.3800670802593231,0.10624776035547256
ZJ020916,0.3246355950832367,0.15977220237255096,0.3111642897129059,0.02261858619749546,0.1094655990600586,0.015335990116000175,0.03933361545205116,0.017674066126346588
ZJ020917,0.24957357347011566,0.09772516787052155,0.4986250102519989,0.017999647185206413,0.06247910484671593,0.010412047617137432,0.0395016185939312,0.023683849722146988
ZJ020918,0.006304004695266485,0.9397115707397461,0.003727267263457179,0.012405582703649998,0.011497029103338718,0.011388851329684258,0.006545227020978928,0.008420412428677082
ZJ020919,0.004006904549896717,0.003894800553098321,0.0024649756960570812,0.006100764032453299,0.0031595469918102026,0.0048427702859044075,0.9681283831596375,0.007401895243674517
ZJ020920,0.9469107985496521,0.006811053492128849,0.002691457513719797,0.01411703135818243,0.008289115503430367,0.006198052782565355,0.007454030215740204,0.007528443820774555
ZJ020921,0.45510122179985046,0.12328644096851349,0.24657100439071655,0.014117288403213024,0.0359836220741272,0.007435745093971491,0.09496942162513733,0.022535288706421852
ZJ020922,0.17045928537845612,0.1164219081401825,0.47777217626571655,0.026647672057151794,0.10920552164316177,0.021337134763598442,0.0462205670773983,0.031935691833496094
ZJ020923,0.009532341733574867,0.015597491525113583,0.005580842029303312,0.008186878636479378,0.013138672336935997,0.931830883026123,0.008551444858312607,0.007581411860883236
ZJ020924,0.020320724695920944,0.2603915333747864,0.005776060279458761,0.024737026542425156,0.04270312562584877,0.026791824027895927,0.5403271913528442,0.07895249128341675
ZJ020925,0.3220108449459076,0.07375425845384598,0.48173248767852783,0.01672930084168911,0.04034104198217392,0.01009190920740366,0.03906746208667755,0.01627275161445141
ZJ020926,0.9585923552513123,0.008326043374836445,0.002112552523612976,0.007419587578624487,0.006147910375148058,0.004797662608325481,0.006529930979013443,0.0060740141198039055
ZJ020927,0.2655160427093506,0.11724800616502762,0.4062855541706085,0.032912299036979675,0.07223919779062271,0.014836334623396397,0.027149232104420662,0.06381332129240036
ZJ020928,0.012282523326575756,0.008911700919270515,0.0027166283689439297,0.008728974498808384,0.009991259314119816,0.9400355815887451,0.00840762909501791,0.008925721980631351
ZJ020929,0.013675810769200325,0.012923971749842167,0.007228930946439505,0.00867270678281784,0.016870908439159393,0.9163961410522461,0.009363722987473011,0.014867741614580154
ZJ020930,0.2960454523563385,0.15665414929389954,0.31832078099250793,0.025636939331889153,0.10004790872335434,0.019748281687498093,0.057030629366636276,0.026515791192650795
ZJ020931,0.016556665301322937,0.9068334102630615,0.005968943238258362,0.008706031367182732,0.01930784434080124,0.011838276870548725,0.018394868820905685,0.012393979355692863
ZJ020932,0.16674382984638214,0.18668748438358307,0.39638251066207886,0.022975889965891838,0.08653829991817474,0.02911929413676262,0.07038650661706924,0.04116624966263771
ZJ020933,0.5599160194396973,0.01634007692337036,0.11440727114677429,0.07704424858093262,0.08704780787229538,0.023738672956824303,0.03491819277405739,0.08658767491579056
ZJ020934,0.9441102147102356,0.011435598134994507,0.0032220862340182066,0.010865149088203907,0.008287444710731506,0.006805132608860731,0.006754423025995493,0.008519962430000305
ZJ020935,0.15516290068626404,0.045481447130441666,0.14183594286441803,0.18629097938537598,0.09905024617910385,0.08573910593986511,0.10732407122850418,0.17911531031131744
ZJ020936,0.1481548249721527,0.13314417004585266,0.5578202605247498,0.01941879652440548,0.05184611678123474,0.01169811375439167,0.059539973735809326,0.018377739936113358
ZJ020937,0.016306210309267044,0.022774003446102142,0.007964550517499447,0.04360809549689293,0.020633848384022713,0.012537659145891666,0.015567198395729065,0.8606084585189819
ZJ020938,0.4786343574523926,0.05782656371593475,0.12282350659370422,0.02947857789695263,0.10565079003572464,0.007274523377418518,0.15549151599407196,0.04282015562057495
ZJ020939,0.013715584762394428,0.013174611143767834,0.0045357984490692616,0.024767329916357994,0.01528919953852892,0.017285075038671494,0.01772414520382881,0.8935083150863647
ZJ020940,0.019338155165314674,0.021035876125097275,0.004010370001196861,0.012283101677894592,0.03629951924085617,0.8657131195068359,0.022601094096899033,0.018718672916293144
ZJ020941,0.1680084615945816,0.2569670081138611,0.40994200110435486,0.019995607435703278,0.054195892065763474,0.02259897068142891,0.05133693292737007,0.01695512793958187
ZJ020942,0.0047377231530845165,0.0056537785567343235,0.004825286567211151,0.007013730239123106,0.006872774101793766,0.0090725002810359,0.9438902139663696,0.017933962866663933
ZJ020943,0.9546635746955872,0.007910089567303658,0.0021200315095484257,0.008788974955677986,0.006153701338917017,0.006242782808840275,0.005853164009749889,0.008267796598374844
ZJ020944,0.18187478184700012,0.06009185314178467,0.1011810302734375,0.11374678462743759,0.13377930223941803,0.038560472428798676,0.08202388882637024,0.2887418866157532
ZJ020945,0.009252446703612804,0.008959870785474777,0.0030961402226239443,0.006912129931151867,0.007044400088489056,0.007424758281558752,0.9505235552787781,0.006786684039980173
ZJ020946,0.2323051393032074,0.08852948248386383,0.5185002684593201,0.017599089071154594,0.07680971920490265,0.011782219633460045,0.032315030694007874,0.022159025073051453
ZJ020947,0.2647234797477722,0.16452637314796448,0.34319835901260376,0.02227415330708027,0.07793141156435013,0.015048053115606308,0.08832152187824249,0.023976672440767288
ZJ020948,0.22747378051280975,0.1853940784931183,0.32867366075515747,0.032015442848205566,0.09597466140985489,0.02837665006518364,0.05329737067222595,0.04879433289170265
ZJ020949,0.13849209249019623,0.04774825647473335,0.6358600854873657,0.03367410600185394,0.07121926546096802,0.016920341178774834,0.025210684165358543,0.03087523579597473
ZJ020950,0.9531378149986267,0.006530254613608122,0.001966659678146243,0.006873946636915207,0.01220608688890934,0.006162200588732958,0.00790725089609623,0.005215748213231564
ZJ020951,0.010760718025267124,0.008281642571091652,0.004434308968484402,0.005268477369099855,0.006484764162451029,0.9523544907569885,0.006053573451936245,0.0063620577566325665
